path,sha256,bytes,kind,change_status,baseline_sha256,purpose,has_direct_entry,default_entry_reachability,reachability_basis,upstream,downstream,literal_file_references,check_depth,substantive_review_scope,associated_tests_static,executed_test_evidence,inherited_review_source,inherited_review_scope,status,limitations
.gitattributes,bb77907b53412c2414f934a3ec582feec0d837850d89ae0fc33a8f48aa599a46,86,other_entry_or_runtime_dependency,UNCHANGED,bb77907b53412c2414f934a3ec582feec0d837850d89ae0fc33a8f48aa599a46,Publicly shipped file; exact byte identity inventoried.,False,[],Static AST imports only; module reachability is not function execution evidence.,[],[],[],FILE_IDENTITY_AND_REFERENCE_INVENTORY,[],[],[],,Prior accepted public code identity when the public parent hash is shown; internal acceptance provenance is withheld.,NOT_ON_STATIC_DEFAULT_IMPORT_PATH_RETAINED_HISTORICAL_SURFACE,"Only public dependency edges are displayed. Private paths, hashes, review annotations and internal evidence identities are withheld; aggregate executed checks appear separately."
.github/workflows/stage1c-release.yml,59ae2c4dbad9c52468d3c6cc40e8927a0d8f7acf17720bb17c03d5814a05ed7f,1476,workflow,MODIFIED,d43e208ced63e578345ed0cef30752db08aa5aeb9ddad4fdbf69a5a46b3a2ac8,Publicly shipped file; exact byte identity inventoried.,False,[],Static AST imports only; module reachability is not function execution evidence.,[],[],"[""tools/stage1c_release.py""]",TARGETED_SUBSTANTIVE_REVIEW,"[""Current exact-byte scoped substantive review documented; complete private review notes are withheld. This does not mean every function was newly audited.""]",[],[],,Prior accepted public code identity when the public parent hash is shown; internal acceptance provenance is withheld.,CURRENT_SCOPED_REVIEW_DOCUMENTED,"Only public dependency edges are displayed. Private paths, hashes, review annotations and internal evidence identities are withheld; aggregate executed checks appear separately."
.gitignore,97573e69dc2165d8a07acb239fcba6e399723793c3bcb2e5a092e805c2b74022,49,other_entry_or_runtime_dependency,UNCHANGED,97573e69dc2165d8a07acb239fcba6e399723793c3bcb2e5a092e805c2b74022,Publicly shipped file; exact byte identity inventoried.,False,[],Static AST imports only; module reachability is not function execution evidence.,[],[],[],FILE_IDENTITY_AND_REFERENCE_INVENTORY,[],[],[],,Prior accepted public code identity when the public parent hash is shown; internal acceptance provenance is withheld.,NOT_ON_STATIC_DEFAULT_IMPORT_PATH_RETAINED_HISTORICAL_SURFACE,"Only public dependency edges are displayed. Private paths, hashes, review annotations and internal evidence identities are withheld; aggregate executed checks appear separately."
configs/DUNE_ADAPTER_SCHEMA.md,22e42bdfa67f4f2e13b826b94c9b8b7758d13535c57f3ef6eb7e6b1ff740ce69,3833,configuration_or_method_rule,UNCHANGED,22e42bdfa67f4f2e13b826b94c9b8b7758d13535c57f3ef6eb7e6b1ff740ce69,Publicly shipped file; exact byte identity inventoried.,False,[],Static AST imports only; module reachability is not function execution evidence.,[],[],"[""src/provider_dune.py""]",FILE_IDENTITY_AND_REFERENCE_INVENTORY,[],[],[],,Prior accepted public code identity when the public parent hash is shown; internal acceptance provenance is withheld.,NOT_ON_STATIC_DEFAULT_IMPORT_PATH_RETAINED_HISTORICAL_SURFACE,"Only public dependency edges are displayed. Private paths, hashes, review annotations and internal evidence identities are withheld; aggregate executed checks appear separately."
configs/PROVIDER_REPAIR_NOTES.md,34e8771eab73130943f6b4a2294348ca51e61fe44eff031b9e4c18ccdd3af078,3051,configuration_or_method_rule,UNCHANGED,34e8771eab73130943f6b4a2294348ca51e61fe44eff031b9e4c18ccdd3af078,Publicly shipped file; exact byte identity inventoried.,False,[],Static AST imports only; module reachability is not function execution evidence.,[],[],"[""src/dune_live.py"",""src/page_attempts.py"",""src/page_contract.py"",""tests/test_dune_live.py"",""tests/test_page_recovery.py""]",FILE_IDENTITY_AND_REFERENCE_INVENTORY,[],[],[],,Prior accepted public code identity when the public parent hash is shown; internal acceptance provenance is withheld.,NOT_ON_STATIC_DEFAULT_IMPORT_PATH_RETAINED_HISTORICAL_SURFACE,"Only public dependency edges are displayed. Private paths, hashes, review annotations and internal evidence identities are withheld; aggregate executed checks appear separately."
configs/PUBLIC_VALIDATION_R3.json,601128e8b58933e690bdfffc23677079a667fa70c2a5162858a28deedcbd2dc0,58,configuration_or_method_rule,UNCHANGED,601128e8b58933e690bdfffc23677079a667fa70c2a5162858a28deedcbd2dc0,Publicly shipped file; exact byte identity inventoried.,False,[],Static AST imports only; module reachability is not function execution evidence.,[],[],[],FILE_IDENTITY_AND_REFERENCE_INVENTORY,[],[],[],,Prior accepted public code identity when the public parent hash is shown; internal acceptance provenance is withheld.,NOT_ON_STATIC_DEFAULT_IMPORT_PATH_RETAINED_HISTORICAL_SURFACE,"Only public dependency edges are displayed. Private paths, hashes, review annotations and internal evidence identities are withheld; aggregate executed checks appear separately."
configs/PUBLIC_VALIDATION_R4.json,07e106a9e8716c5e2e59383e3965420b220fd079c40616ecf59a0391a1159faa,61,configuration_or_method_rule,UNCHANGED,07e106a9e8716c5e2e59383e3965420b220fd079c40616ecf59a0391a1159faa,Publicly shipped file; exact byte identity inventoried.,False,[],Static AST imports only; module reachability is not function execution evidence.,[],[],[],FILE_IDENTITY_AND_REFERENCE_INVENTORY,[],[],[],,Prior accepted public code identity when the public parent hash is shown; internal acceptance provenance is withheld.,NOT_ON_STATIC_DEFAULT_IMPORT_PATH_RETAINED_HISTORICAL_SURFACE,"Only public dependency edges are displayed. Private paths, hashes, review annotations and internal evidence identities are withheld; aggregate executed checks appear separately."
configs/PUBLIC_VALIDATION_R4_R1.json,2fd1cadde09761719d7bccf8138f02f8a128ec90eceba3b5ed20472491fb43fa,64,configuration_or_method_rule,UNCHANGED,2fd1cadde09761719d7bccf8138f02f8a128ec90eceba3b5ed20472491fb43fa,Publicly shipped file; exact byte identity inventoried.,False,[],Static AST imports only; module reachability is not function execution evidence.,[],[],[],FILE_IDENTITY_AND_REFERENCE_INVENTORY,[],[],[],,Prior accepted public code identity when the public parent hash is shown; internal acceptance provenance is withheld.,NOT_ON_STATIC_DEFAULT_IMPORT_PATH_RETAINED_HISTORICAL_SURFACE,"Only public dependency edges are displayed. Private paths, hashes, review annotations and internal evidence identities are withheld; aggregate executed checks appear separately."
configs/requirements_lp.txt,1852ec01a2067cbcbfc45c11de16d37e7fd6e3e3b6cbadda086a575cf05a2f99,105,configuration_or_method_rule,UNCHANGED,1852ec01a2067cbcbfc45c11de16d37e7fd6e3e3b6cbadda086a575cf05a2f99,Publicly shipped file; exact byte identity inventoried.,False,[],Static AST imports only; module reachability is not function execution evidence.,[],[],[],FILE_IDENTITY_AND_REFERENCE_INVENTORY,[],[],[],,Prior accepted public code identity when the public parent hash is shown; internal acceptance provenance is withheld.,NOT_ON_STATIC_DEFAULT_IMPORT_PATH_RETAINED_HISTORICAL_SURFACE,"Only public dependency edges are displayed. Private paths, hashes, review annotations and internal evidence identities are withheld; aggregate executed checks appear separately."
configs/STAGE1B_R3_PUBLIC_POLICY.json,9424d774fa5e3076e49212a1db157f7b4143589bf728c4417d3d8570b8685821,1093,configuration_or_method_rule,UNCHANGED,9424d774fa5e3076e49212a1db157f7b4143589bf728c4417d3d8570b8685821,Publicly shipped file; exact byte identity inventoried.,False,[],Static AST imports only; module reachability is not function execution evidence.,[],[],[],FILE_IDENTITY_AND_REFERENCE_INVENTORY,[],[],[],,Prior accepted public code identity when the public parent hash is shown; internal acceptance provenance is withheld.,NOT_ON_STATIC_DEFAULT_IMPORT_PATH_RETAINED_HISTORICAL_SURFACE,"Only public dependency edges are displayed. Private paths, hashes, review annotations and internal evidence identities are withheld; aggregate executed checks appear separately."
configs/STAGE1B_R4_PUBLIC_POLICY.json,d90f02a075499401743109b03cd3c8cf6f8480e4f2c4b34e6cf48908e755e0e9,333,configuration_or_method_rule,UNCHANGED,d90f02a075499401743109b03cd3c8cf6f8480e4f2c4b34e6cf48908e755e0e9,Publicly shipped file; exact byte identity inventoried.,False,[],Static AST imports only; module reachability is not function execution evidence.,[],[],[],FILE_IDENTITY_AND_REFERENCE_INVENTORY,[],[],[],,Prior accepted public code identity when the public parent hash is shown; internal acceptance provenance is withheld.,NOT_ON_STATIC_DEFAULT_IMPORT_PATH_RETAINED_HISTORICAL_SURFACE,"Only public dependency edges are displayed. Private paths, hashes, review annotations and internal evidence identities are withheld; aggregate executed checks appear separately."
configs/STAGE1B_R4_R1_PUBLIC_POLICY.json,73bc4f044268e5a87410c2d7c2943f685cbce378b2139cdb716ac57853339004,372,configuration_or_method_rule,UNCHANGED,73bc4f044268e5a87410c2d7c2943f685cbce378b2139cdb716ac57853339004,Publicly shipped file; exact byte identity inventoried.,False,[],Static AST imports only; module reachability is not function execution evidence.,[],[],[],FILE_IDENTITY_AND_REFERENCE_INVENTORY,[],[],[],,Prior accepted public code identity when the public parent hash is shown; internal acceptance provenance is withheld.,NOT_ON_STATIC_DEFAULT_IMPORT_PATH_RETAINED_HISTORICAL_SURFACE,"Only public dependency edges are displayed. Private paths, hashes, review annotations and internal evidence identities are withheld; aggregate executed checks appear separately."
configs/STAGE1C_EFFECTIVE_POLICY.json,ec3e5856737a1469c5b9a6c020bc34381475b44074d55de26de0c0510874773f,4472,configuration_or_method_rule,UNCHANGED,ec3e5856737a1469c5b9a6c020bc34381475b44074d55de26de0c0510874773f,Publicly shipped file; exact byte identity inventoried.,False,[],Static AST imports only; module reachability is not function execution evidence.,[],[],[],FILE_IDENTITY_AND_REFERENCE_INVENTORY,[],[],[],,Prior accepted public code identity when the public parent hash is shown; internal acceptance provenance is withheld.,NOT_ON_STATIC_DEFAULT_IMPORT_PATH_RETAINED_HISTORICAL_SURFACE,"Only public dependency edges are displayed. Private paths, hashes, review annotations and internal evidence identities are withheld; aggregate executed checks appear separately."
configs/STAGE1C_R1_EXECUTION_POLICY.json,28f53c5748f22ea48fb96e0800294c09ca8d29a685c64c62b1c5e0625776bc8b,5465,configuration_or_method_rule,ADDED,,Publicly shipped file; exact byte identity inventoried.,False,[],Static AST imports only; module reachability is not function execution evidence.,[],[],[],TARGETED_SUBSTANTIVE_REVIEW,"[""Current exact-byte scoped substantive review documented; complete private review notes are withheld. This does not mean every function was newly audited.""]",[],[],,Prior accepted public code identity when the public parent hash is shown; internal acceptance provenance is withheld.,CURRENT_SCOPED_REVIEW_DOCUMENTED,"Only public dependency edges are displayed. Private paths, hashes, review annotations and internal evidence identities are withheld; aggregate executed checks appear separately."
configs/VALIDATION_R1.md,29dfd1c652e3e10bc678c2c9f86e1636b2def8da5c3beac8f9aafc09fb1d717a,7986,configuration_or_method_rule,UNCHANGED,29dfd1c652e3e10bc678c2c9f86e1636b2def8da5c3beac8f9aafc09fb1d717a,Publicly shipped file; exact byte identity inventoried.,False,[],Static AST imports only; module reachability is not function execution evidence.,[],[],"[""src/validate_review_bundle_r1.py"",""src/verify_fixed_graph_independent.py""]",FILE_IDENTITY_AND_REFERENCE_INVENTORY,[],[],[],,Prior accepted public code identity when the public parent hash is shown; internal acceptance provenance is withheld.,NOT_ON_STATIC_DEFAULT_IMPORT_PATH_RETAINED_HISTORICAL_SURFACE,"Only public dependency edges are displayed. Private paths, hashes, review annotations and internal evidence identities are withheld; aggregate executed checks appear separately."
configs/VALIDATION_R2.md,14ba53b13a2b4a6f974cfb46949b4c29768816e7b3d0a04a1bc4e4c051935cc0,6260,configuration_or_method_rule,UNCHANGED,14ba53b13a2b4a6f974cfb46949b4c29768816e7b3d0a04a1bc4e4c051935cc0,Publicly shipped file; exact byte identity inventoried.,False,[],Static AST imports only; module reachability is not function execution evidence.,[],[],"[""src/reference_delta_r2.py"",""src/validate_review_bundle_r2.py""]",FILE_IDENTITY_AND_REFERENCE_INVENTORY,[],[],[],,Prior accepted public code identity when the public parent hash is shown; internal acceptance provenance is withheld.,NOT_ON_STATIC_DEFAULT_IMPORT_PATH_RETAINED_HISTORICAL_SURFACE,"Only public dependency edges are displayed. Private paths, hashes, review annotations and internal evidence identities are withheld; aggregate executed checks appear separately."
configs/VALIDATION_R3.md,7641f2e07911f7f7a00de210e054f43214ca61f5a67e2df40536dc0a8a89ba1c,4404,configuration_or_method_rule,UNCHANGED,7641f2e07911f7f7a00de210e054f43214ca61f5a67e2df40536dc0a8a89ba1c,Publicly shipped file; exact byte identity inventoried.,False,[],Static AST imports only; module reachability is not function execution evidence.,[],[],"[""src/validate_review_bundle_r3.py""]",FILE_IDENTITY_AND_REFERENCE_INVENTORY,[],[],[],,Prior accepted public code identity when the public parent hash is shown; internal acceptance provenance is withheld.,NOT_ON_STATIC_DEFAULT_IMPORT_PATH_RETAINED_HISTORICAL_SURFACE,"Only public dependency edges are displayed. Private paths, hashes, review annotations and internal evidence identities are withheld; aggregate executed checks appear separately."
configs/VALIDATION_R4.md,2f9a2cbfebb856ae9cae17737f253f14c2a2ac640c7a1aaf21333899f899ec7b,452,configuration_or_method_rule,UNCHANGED,2f9a2cbfebb856ae9cae17737f253f14c2a2ac640c7a1aaf21333899f899ec7b,Publicly shipped file; exact byte identity inventoried.,False,[],Static AST imports only; module reachability is not function execution evidence.,[],[],[],FILE_IDENTITY_AND_REFERENCE_INVENTORY,[],[],[],,Prior accepted public code identity when the public parent hash is shown; internal acceptance provenance is withheld.,NOT_ON_STATIC_DEFAULT_IMPORT_PATH_RETAINED_HISTORICAL_SURFACE,"Only public dependency edges are displayed. Private paths, hashes, review annotations and internal evidence identities are withheld; aggregate executed checks appear separately."
configs/VALIDATION_R4_R1.md,6ba588190a3075f9b14d04d0c79f41c4dca2d8127dbd1a744b8996fa8287aa79,1385,configuration_or_method_rule,UNCHANGED,6ba588190a3075f9b14d04d0c79f41c4dca2d8127dbd1a744b8996fa8287aa79,Publicly shipped file; exact byte identity inventoried.,False,[],Static AST imports only; module reachability is not function execution evidence.,[],[],"[""requirements.txt"",""src/validate_review_bundle_r4_r1.py""]",FILE_IDENTITY_AND_REFERENCE_INVENTORY,[],[],[],,Prior accepted public code identity when the public parent hash is shown; internal acceptance provenance is withheld.,NOT_ON_STATIC_DEFAULT_IMPORT_PATH_RETAINED_HISTORICAL_SURFACE,"Only public dependency edges are displayed. Private paths, hashes, review annotations and internal evidence identities are withheld; aggregate executed checks appear separately."
requirements.txt,8a1ff7c87e0b624415213e3652b974cfe92ac989b17c6cbec17a08d62afe5f72,27,other_entry_or_runtime_dependency,UNCHANGED,8a1ff7c87e0b624415213e3652b974cfe92ac989b17c6cbec17a08d62afe5f72,Publicly shipped file; exact byte identity inventoried.,False,[],Static AST imports only; module reachability is not function execution evidence.,[],[],[],FILE_IDENTITY_AND_REFERENCE_INVENTORY,[],[],[],,Prior accepted public code identity when the public parent hash is shown; internal acceptance provenance is withheld.,NOT_ON_STATIC_DEFAULT_IMPORT_PATH_RETAINED_HISTORICAL_SURFACE,"Only public dependency edges are displayed. Private paths, hashes, review annotations and internal evidence identities are withheld; aggregate executed checks appear separately."
src/archive_safety.py,e7f2a79ad7b1ac5c0c93fa76140c9b4696537d51bd892b1d940a509592ff5f77,2569,source,UNCHANGED,e7f2a79ad7b1ac5c0c93fa76140c9b4696537d51bd892b1d940a509592ff5f77,Publicly shipped file; exact byte identity inventoried.,False,"[""package_validation_cli""]",Static AST imports only; module reachability is not function execution evidence.,"[""src/validate_stage1c.py"",""tests/test_archive.py""]",[],[],STATIC_AST_AND_LITERAL_REFERENCE_INVENTORY,[],"[""tests/test_archive.py""]",[],,Prior accepted public code identity when the public parent hash is shown; internal acceptance provenance is withheld.,STATICALLY_REACHABLE_INHERITED_REVIEW_LIMITED,"Only public dependency edges are displayed. Private paths, hashes, review annotations and internal evidence identities are withheld; aggregate executed checks appear separately."
src/assemble_review_inputs_r3.py,032c5236e5f028b6e0afcd527081f2d61485fad8a989d3136f263f9390e5f0cb,13465,source,UNCHANGED,032c5236e5f028b6e0afcd527081f2d61485fad8a989d3136f263f9390e5f0cb,Publicly shipped file; exact byte identity inventoried.,True,[],Static AST imports only; module reachability is not function execution evidence.,[],"[""src/package_review_r3.py"",""src/public_export_r1.py"",""src/validate_review_bundle_r1.py""]","[""configs/PUBLIC_VALIDATION_R3.json"",""configs/STAGE1B_R3_PUBLIC_POLICY.json"",""requirements.txt""]",STATIC_AST_AND_LITERAL_REFERENCE_INVENTORY,[],[],[],,Prior accepted public code identity when the public parent hash is shown; internal acceptance provenance is withheld.,NOT_ON_STATIC_DEFAULT_IMPORT_PATH_RETAINED_HISTORICAL_SURFACE,"Only public dependency edges are displayed. Private paths, hashes, review annotations and internal evidence identities are withheld; aggregate executed checks appear separately."
src/audit_context_contracts_r4.py,dd72b4f0b1aab4f858cea652d3e0a24fba0b7ed2aa25824bd4e671e8756b5b3e,3197,source,UNCHANGED,dd72b4f0b1aab4f858cea652d3e0a24fba0b7ed2aa25824bd4e671e8756b5b3e,Publicly shipped file; exact byte identity inventoried.,True,[],Static AST imports only; module reachability is not function execution evidence.,[],"[""src/context_ledger_r3.py"",""src/context_queries_r3.py""]",[],STATIC_AST_AND_LITERAL_REFERENCE_INVENTORY,[],[],[],,Prior accepted public code identity when the public parent hash is shown; internal acceptance provenance is withheld.,NOT_ON_STATIC_DEFAULT_IMPORT_PATH_RETAINED_HISTORICAL_SURFACE,"Only public dependency edges are displayed. Private paths, hashes, review annotations and internal evidence identities are withheld; aggregate executed checks appear separately."
src/budget.py,591743a53e66f2ecff7c9925637f52c15f48bd2f232b466d3aebe3e5ed0e3bd1,6011,source,UNCHANGED,591743a53e66f2ecff7c9925637f52c15f48bd2f232b466d3aebe3e5ed0e3bd1,Publicly shipped file; exact byte identity inventoried.,False,[],Static AST imports only; module reachability is not function execution evidence.,"[""src/budget_r1.py"",""src/budget_r2.py"",""src/dune_live.py"",""src/dune_r2.py"",""src/network.py"",""tests/test_budget.py"",""tests/test_budget_r1.py"",""tests/test_budget_r2.py"",""tests/test_dune_cap_exception.py"",""tests/test_legacy_guard_r4.py"",""tests/test_rpc_context_r1.py""]","[""src/legacy_guard_r4.py""]",[],STATIC_AST_AND_LITERAL_REFERENCE_INVENTORY,[],"[""tests/test_budget.py"",""tests/test_budget_r1.py"",""tests/test_budget_r2.py"",""tests/test_context_access_r3.py"",""tests/test_context_access_r4.py"",""tests/test_dune_cap_exception.py"",""tests/test_dune_export_metadata.py"",""tests/test_dune_live.py"",""tests/test_dune_r1.py"",""tests/test_dune_r2.py"",""tests/test_dune_r4.py"",""tests/test_legacy_guard_r4.py"",""tests/test_page_recovery.py"",""tests/test_r4_retry_integration_review.py"",""tests/test_rpc_context_r1.py""]",[],,Prior accepted public code identity when the public parent hash is shown; internal acceptance provenance is withheld.,NOT_ON_STATIC_DEFAULT_IMPORT_PATH_RETAINED_HISTORICAL_SURFACE,"Only public dependency edges are displayed. Private paths, hashes, review annotations and internal evidence identities are withheld; aggregate executed checks appear separately."
src/budget_r1.py,f5c9ca724249d2cc4dca962e3e13af8deef1eaefda6453f432ae2447cae50fb1,20501,source,UNCHANGED,f5c9ca724249d2cc4dca962e3e13af8deef1eaefda6453f432ae2447cae50fb1,Publicly shipped file; exact byte identity inventoried.,False,[],Static AST imports only; module reachability is not function execution evidence.,"[""src/budget_r2.py"",""src/context_access_r3.py"",""src/context_access_r4.py"",""src/dune_r1.py"",""src/rpc_context_r1.py"",""tests/test_budget_r1.py"",""tests/test_dune_cap_exception.py"",""tests/test_dune_r4.py"",""tests/test_legacy_guard_r4.py"",""tests/test_rpc_context_r1.py""]","[""src/budget.py"",""src/dune_cap_exception.py""]",[],STATIC_AST_AND_LITERAL_REFERENCE_INVENTORY,[],"[""tests/test_budget_r1.py"",""tests/test_budget_r2.py"",""tests/test_context_access_r3.py"",""tests/test_context_access_r4.py"",""tests/test_dune_cap_exception.py"",""tests/test_dune_export_metadata.py"",""tests/test_dune_r1.py"",""tests/test_dune_r2.py"",""tests/test_dune_r4.py"",""tests/test_legacy_guard_r4.py"",""tests/test_r4_retry_integration_review.py"",""tests/test_rpc_context_r1.py""]",[],,Prior accepted public code identity when the public parent hash is shown; internal acceptance provenance is withheld.,NOT_ON_STATIC_DEFAULT_IMPORT_PATH_RETAINED_HISTORICAL_SURFACE,"Only public dependency edges are displayed. Private paths, hashes, review annotations and internal evidence identities are withheld; aggregate executed checks appear separately."
src/budget_r2.py,053fff0fa346e23469b6e48218a5c079c0e17b81829ccacc469ad9013217f8a9,18478,source,UNCHANGED,053fff0fa346e23469b6e48218a5c079c0e17b81829ccacc469ad9013217f8a9,Publicly shipped file; exact byte identity inventoried.,False,[],Static AST imports only; module reachability is not function execution evidence.,"[""src/context_access_r3.py"",""src/context_access_r4.py"",""src/dune_r2.py"",""src/dune_r4.py"",""tests/test_budget_r2.py"",""tests/test_context_access_r3.py"",""tests/test_context_access_r4.py"",""tests/test_legacy_guard_r4.py"",""tests/test_r4_retry_integration_review.py""]","[""src/budget.py"",""src/budget_r1.py"",""src/legacy_guard_r4.py"",""src/page_attempts.py""]",[],STATIC_AST_AND_LITERAL_REFERENCE_INVENTORY,[],"[""tests/test_budget_r2.py"",""tests/test_context_access_r3.py"",""tests/test_context_access_r4.py"",""tests/test_dune_r2.py"",""tests/test_dune_r4.py"",""tests/test_legacy_guard_r4.py"",""tests/test_r4_retry_integration_review.py""]",[],,Prior accepted public code identity when the public parent hash is shown; internal acceptance provenance is withheld.,NOT_ON_STATIC_DEFAULT_IMPORT_PATH_RETAINED_HISTORICAL_SURFACE,"Only public dependency edges are displayed. Private paths, hashes, review annotations and internal evidence identities are withheld; aggregate executed checks appear separately."
src/cache_probe.py,6e416848b4da0272bb005d43ca9de81937d0b9074ca06179a9d10ddf733d03a8,8130,source,UNCHANGED,6e416848b4da0272bb005d43ca9de81937d0b9074ca06179a9d10ddf733d03a8,Publicly shipped file; exact byte identity inventoried.,True,"[""experiment_cli"",""reports_cli"",""package_validation_cli"",""final_real_replay_cli""]",Static AST imports only; module reachability is not function execution evidence.,"[""src/dune_observed_replay.py"",""src/frontier_labels_r1.py"",""src/replay_order_same_input_r2.py"",""tests/test_event_order_r2.py"",""tests/test_physical_facts.py""]","[""src/collector.py"",""src/collector_inputs.py"",""src/event_order.py"",""src/physical_facts.py""]",[],STATIC_AST_AND_LITERAL_REFERENCE_INVENTORY,[],"[""tests/test_context_access_r3.py"",""tests/test_context_access_r4.py"",""tests/test_context_ledger_r3.py"",""tests/test_context_repairs_r4.py"",""tests/test_dune_batch_r1.py"",""tests/test_dune_observed_replay.py"",""tests/test_dune_r2.py"",""tests/test_dune_r4.py"",""tests/test_event_order_r2.py"",""tests/test_frontier_labels_r1.py"",""tests/test_frontier_labels_r2.py"",""tests/test_legacy_guard_r4.py"",""tests/test_physical_facts.py"",""tests/test_r4_retry_integration_review.py"",""tests/test_reference_delta_r2.py"",""tests/test_revision_validation_r4_r1.py"",""tests/test_stage1c_r1_faults.py"",""tests/test_stage1c_r1_pipeline.py"",""tests/test_stage1c_real_replay.py"",""tests/test_stage1c_runner.py"",""tests/test_validate_review_bundle_r1.py"",""tests/test_validate_review_bundle_r2.py"",""tests/test_validate_review_bundle_r3.py"",""tests/test_validation_status_r4.py""]",[],,Prior accepted public code identity when the public parent hash is shown; internal acceptance provenance is withheld.,STATICALLY_REACHABLE_INHERITED_REVIEW_LIMITED,"Only public dependency edges are displayed. Private paths, hashes, review annotations and internal evidence identities are withheld; aggregate executed checks appear separately."
src/collector.py,de2f40e8080f5b0f6039bbe3c0f1d8adc22ba67c0b32fdc3fa60d148c573cabb,16910,source,UNCHANGED,de2f40e8080f5b0f6039bbe3c0f1d8adc22ba67c0b32fdc3fa60d148c573cabb,Publicly shipped file; exact byte identity inventoried.,False,"[""experiment_cli"",""reports_cli"",""package_validation_cli"",""final_real_replay_cli""]",Static AST imports only; module reachability is not function execution evidence.,"[""src/cache_probe.py"",""src/collector_inputs.py"",""src/collector_replay.py"",""src/dune_batch_r1.py"",""src/dune_observed_replay.py"",""src/event_order.py"",""src/frontier_labels_r1.py"",""src/provider_dune.py"",""src/provider_etherscan.py"",""src/replay_order_same_input_r2.py"",""tests/test_collector.py"",""tests/test_dune_batch_r1.py"",""tests/test_dune_observed_replay.py"",""tests/test_event_order_r2.py"",""tests/test_page_recovery.py"",""tests/test_physical_facts.py"",""tests/test_provider_contracts_r4.py"",""tests/test_provider_dune.py""]","[""src/physical_facts.py""]",[],STATIC_AST_AND_LITERAL_REFERENCE_INVENTORY,[],"[""tests/test_collector.py"",""tests/test_context_access_r3.py"",""tests/test_context_access_r4.py"",""tests/test_context_ledger_r3.py"",""tests/test_context_repairs_r4.py"",""tests/test_dune_batch_r1.py"",""tests/test_dune_observed_replay.py"",""tests/test_dune_r2.py"",""tests/test_dune_r4.py"",""tests/test_event_order_r2.py"",""tests/test_frontier_labels_r1.py"",""tests/test_frontier_labels_r2.py"",""tests/test_legacy_guard_r4.py"",""tests/test_mixed_receipts_r4_r1.py"",""tests/test_page_recovery.py"",""tests/test_physical_facts.py"",""tests/test_pilot_metrics_r2.py"",""tests/test_provider_contracts_r4.py"",""tests/test_provider_dune.py"",""tests/test_r4_retry_integration_review.py"",""tests/test_reference_delta_r2.py"",""tests/test_revision_validation_r4_r1.py"",""tests/test_stage1c_r1_faults.py"",""tests/test_stage1c_r1_pipeline.py"",""tests/test_stage1c_real_replay.py"",""tests/test_stage1c_runner.py"",""tests/test_validate_review_bundle_r1.py"",""tests/test_validate_review_bundle_r2.py"",""tests/test_validate_review_bundle_r3.py"",""tests/test_validation_status_r4.py""]",[],,Prior accepted public code identity when the public parent hash is shown; internal acceptance provenance is withheld.,STATICALLY_REACHABLE_INHERITED_REVIEW_LIMITED,"Only public dependency edges are displayed. Private paths, hashes, review annotations and internal evidence identities are withheld; aggregate executed checks appear separately."
src/collector_inputs.py,a7badf3db841be64735a7d19b8e09547a78117db5b5db5ad1c5dc3e711d7114e,2639,source,UNCHANGED,a7badf3db841be64735a7d19b8e09547a78117db5b5db5ad1c5dc3e711d7114e,Publicly shipped file; exact byte identity inventoried.,False,"[""experiment_cli"",""reports_cli"",""package_validation_cli"",""final_real_replay_cli""]",Static AST imports only; module reachability is not function execution evidence.,"[""src/cache_probe.py"",""src/dune_batch_r1.py"",""src/dune_observed_replay.py"",""src/frontier_labels_r1.py""]","[""src/collector.py""]",[],STATIC_AST_AND_LITERAL_REFERENCE_INVENTORY,[],"[""tests/test_context_access_r3.py"",""tests/test_context_access_r4.py"",""tests/test_context_ledger_r3.py"",""tests/test_context_repairs_r4.py"",""tests/test_dune_batch_r1.py"",""tests/test_dune_observed_replay.py"",""tests/test_dune_r2.py"",""tests/test_dune_r4.py"",""tests/test_event_order_r2.py"",""tests/test_frontier_labels_r1.py"",""tests/test_frontier_labels_r2.py"",""tests/test_legacy_guard_r4.py"",""tests/test_physical_facts.py"",""tests/test_r4_retry_integration_review.py"",""tests/test_reference_delta_r2.py"",""tests/test_revision_validation_r4_r1.py"",""tests/test_stage1c_r1_faults.py"",""tests/test_stage1c_r1_pipeline.py"",""tests/test_stage1c_real_replay.py"",""tests/test_stage1c_runner.py"",""tests/test_validate_review_bundle_r1.py"",""tests/test_validate_review_bundle_r2.py"",""tests/test_validate_review_bundle_r3.py"",""tests/test_validation_status_r4.py""]",[],,Prior accepted public code identity when the public parent hash is shown; internal acceptance provenance is withheld.,STATICALLY_REACHABLE_INHERITED_REVIEW_LIMITED,"Only public dependency edges are displayed. Private paths, hashes, review annotations and internal evidence identities are withheld; aggregate executed checks appear separately."
src/collector_replay.py,6050df9cac773752e95cb789db87a8d0fb52693c8b39c2fc361f1bf1aa3c8547,1676,source,UNCHANGED,6050df9cac773752e95cb789db87a8d0fb52693c8b39c2fc361f1bf1aa3c8547,Publicly shipped file; exact byte identity inventoried.,True,[],Static AST imports only; module reachability is not function execution evidence.,[],"[""src/collector.py""]",[],STATIC_AST_AND_LITERAL_REFERENCE_INVENTORY,[],[],[],,Prior accepted public code identity when the public parent hash is shown; internal acceptance provenance is withheld.,NOT_ON_STATIC_DEFAULT_IMPORT_PATH_RETAINED_HISTORICAL_SURFACE,"Only public dependency edges are displayed. Private paths, hashes, review annotations and internal evidence identities are withheld; aggregate executed checks appear separately."
src/compare_context_r3.py,ab02a235147d5728a216b05854e432128623816beb10c59fecc17704e03eff2f,4124,source,UNCHANGED,ab02a235147d5728a216b05854e432128623816beb10c59fecc17704e03eff2f,Publicly shipped file; exact byte identity inventoried.,True,[],Static AST imports only; module reachability is not function execution evidence.,[],"[""src/lp_model.py""]",[],STATIC_AST_AND_LITERAL_REFERENCE_INVENTORY,[],[],[],,Prior accepted public code identity when the public parent hash is shown; internal acceptance provenance is withheld.,NOT_ON_STATIC_DEFAULT_IMPORT_PATH_RETAINED_HISTORICAL_SURFACE,"Only public dependency edges are displayed. Private paths, hashes, review annotations and internal evidence identities are withheld; aggregate executed checks appear separately."
src/context_access_r3.py,2d3379a0700773280d34f506e447ac6eb14781df21995a5bdd5147aa3f5451a8,34486,source,UNCHANGED,2d3379a0700773280d34f506e447ac6eb14781df21995a5bdd5147aa3f5451a8,Publicly shipped file; exact byte identity inventoried.,True,[],Static AST imports only; module reachability is not function execution evidence.,"[""src/context_access_r4.py"",""src/dune_r4.py"",""tests/test_context_access_r3.py"",""tests/test_context_access_r4.py"",""tests/test_legacy_guard_r4.py"",""tests/test_r4_retry_integration_review.py""]","[""src/budget_r1.py"",""src/budget_r2.py"",""src/context_access_r4.py"",""src/dune_r2.py"",""src/dune_r4.py"",""src/legacy_guard_r4.py"",""src/network.py"",""src/page_attempts.py""]",[],STATIC_AST_AND_LITERAL_REFERENCE_INVENTORY,[],"[""tests/test_context_access_r3.py"",""tests/test_context_access_r4.py"",""tests/test_dune_r4.py"",""tests/test_legacy_guard_r4.py"",""tests/test_r4_retry_integration_review.py""]",[],,Prior accepted public code identity when the public parent hash is shown; internal acceptance provenance is withheld.,NOT_ON_STATIC_DEFAULT_IMPORT_PATH_RETAINED_HISTORICAL_SURFACE,"Only public dependency edges are displayed. Private paths, hashes, review annotations and internal evidence identities are withheld; aggregate executed checks appear separately."
src/context_access_r4.py,b1a27cd8e53955894dad6a591fcd6e589539fb1ae2a22feabb505345b1f1705e,30490,source,UNCHANGED,b1a27cd8e53955894dad6a591fcd6e589539fb1ae2a22feabb505345b1f1705e,Publicly shipped file; exact byte identity inventoried.,True,[],Static AST imports only; module reachability is not function execution evidence.,"[""src/context_access_r3.py"",""src/dune_r4.py"",""tests/test_context_access_r4.py"",""tests/test_r4_retry_integration_review.py""]","[""src/budget_r1.py"",""src/budget_r2.py"",""src/context_access_r3.py"",""src/network.py"",""src/page_attempts.py"",""src/read_retry_r4.py""]","[""src/read_retry_r4.py""]",STATIC_AST_AND_LITERAL_REFERENCE_INVENTORY,[],"[""tests/test_context_access_r3.py"",""tests/test_context_access_r4.py"",""tests/test_dune_r4.py"",""tests/test_legacy_guard_r4.py"",""tests/test_r4_retry_integration_review.py""]",[],,Prior accepted public code identity when the public parent hash is shown; internal acceptance provenance is withheld.,NOT_ON_STATIC_DEFAULT_IMPORT_PATH_RETAINED_HISTORICAL_SURFACE,"Only public dependency edges are displayed. Private paths, hashes, review annotations and internal evidence identities are withheld; aggregate executed checks appear separately."
src/context_evidence_r2.py,94d83df455b3b4b0488d037b56a3f9f5e577c31af0385972e06f3a01ada2e146,16678,source,UNCHANGED,94d83df455b3b4b0488d037b56a3f9f5e577c31af0385972e06f3a01ada2e146,Publicly shipped file; exact byte identity inventoried.,True,[],Static AST imports only; module reachability is not function execution evidence.,"[""src/pilot_metrics_r2.py""]","[""src/event_order.py"",""src/page_contract.py""]",[],STATIC_AST_AND_LITERAL_REFERENCE_INVENTORY,[],"[""tests/test_pilot_metrics_r2.py""]",[],,Prior accepted public code identity when the public parent hash is shown; internal acceptance provenance is withheld.,NOT_ON_STATIC_DEFAULT_IMPORT_PATH_RETAINED_HISTORICAL_SURFACE,"Only public dependency edges are displayed. Private paths, hashes, review annotations and internal evidence identities are withheld; aggregate executed checks appear separately."
src/context_ledger_r3.py,a14f998a29c114611dd1fc246140c027ca0466931f59c2a73af3c1d2ee4c37e9,60742,source,UNCHANGED,a14f998a29c114611dd1fc246140c027ca0466931f59c2a73af3c1d2ee4c37e9,Publicly shipped file; exact byte identity inventoried.,True,"[""final_real_replay_cli""]",Static AST imports only; module reachability is not function execution evidence.,"[""src/audit_context_contracts_r4.py"",""src/freeze_context_replay_r3.py"",""src/review_replay_r3.py"",""src/review_replay_r4.py"",""src/stage1c_real_replay.py"",""tests/test_context_ledger_r3.py"",""tests/test_context_repairs_r4.py""]","[""src/context_queries_r3.py"",""src/dune_batch_r1.py"",""src/exact_fields_r4.py"",""src/page_contract.py""]",[],STATIC_AST_AND_LITERAL_REFERENCE_INVENTORY,[],"[""tests/test_context_ledger_r3.py"",""tests/test_context_repairs_r4.py"",""tests/test_dune_r4.py"",""tests/test_legacy_guard_r4.py"",""tests/test_r4_retry_integration_review.py"",""tests/test_stage1c_real_replay.py"",""tests/test_validate_review_bundle_r3.py""]",[],,Prior accepted public code identity when the public parent hash is shown; internal acceptance provenance is withheld.,STATICALLY_REACHABLE_INHERITED_REVIEW_LIMITED,"Only public dependency edges are displayed. Private paths, hashes, review annotations and internal evidence identities are withheld; aggregate executed checks appear separately."
src/context_lp_r3.py,88f0c7ab10dfda88b94b08f4f2a72993f7bcd9da13f51078a354b83693cf7b78,39959,source,UNCHANGED,88f0c7ab10dfda88b94b08f4f2a72993f7bcd9da13f51078a354b83693cf7b78,Publicly shipped file; exact byte identity inventoried.,True,"[""experiment_cli"",""reports_cli"",""package_validation_cli"",""final_real_replay_cli""]",Static AST imports only; module reachability is not function execution evidence.,"[""src/review_replay_r3.py"",""src/review_replay_r4.py"",""src/stage1c_intervals.py"",""src/stage1c_real_replay.py"",""tests/test_context_ledger_r3.py"",""tests/test_context_lp_r3.py"",""tests/test_context_repairs_r4.py"",""tests/test_stage1c_baselines.py"",""tests/test_stage1c_real_replay.py"",""tests/test_validate_review_bundle_r3.py""]","[""src/lp_model.py""]",[],TARGETED_SUBSTANTIVE_REVIEW,"[""Current exact-byte scoped substantive review documented; complete private review notes are withheld. This does not mean every function was newly audited.""]","[""tests/test_context_ledger_r3.py"",""tests/test_context_lp_r3.py"",""tests/test_context_repairs_r4.py"",""tests/test_dune_r4.py"",""tests/test_legacy_guard_r4.py"",""tests/test_r4_retry_integration_review.py"",""tests/test_stage1c_baselines.py"",""tests/test_stage1c_intervals.py"",""tests/test_stage1c_output_contract.py"",""tests/test_stage1c_r1_faults.py"",""tests/test_stage1c_r1_pipeline.py"",""tests/test_stage1c_real_replay.py"",""tests/test_stage1c_runner.py"",""tests/test_validate_review_bundle_r3.py""]",[],,Prior accepted public code identity when the public parent hash is shown; internal acceptance provenance is withheld.,CURRENT_SCOPED_REVIEW_DOCUMENTED,"Only public dependency edges are displayed. Private paths, hashes, review annotations and internal evidence identities are withheld; aggregate executed checks appear separately."
src/context_queries_r3.py,e72d7c10f9ea28f9f1b61c2ed0ae473f2249cdde2b28e78c510e496cad8ab60b,18110,source,UNCHANGED,e72d7c10f9ea28f9f1b61c2ed0ae473f2249cdde2b28e78c510e496cad8ab60b,Publicly shipped file; exact byte identity inventoried.,True,"[""final_real_replay_cli""]",Static AST imports only; module reachability is not function execution evidence.,"[""src/audit_context_contracts_r4.py"",""src/context_ledger_r3.py"",""src/dune_r4.py"",""src/freeze_context_replay_r3.py"",""tests/test_context_queries_r3.py"",""tests/test_context_repairs_r4.py"",""tests/test_dune_r4.py""]","[""src/exact_fields_r4.py""]",[],STATIC_AST_AND_LITERAL_REFERENCE_INVENTORY,[],"[""tests/test_context_access_r3.py"",""tests/test_context_access_r4.py"",""tests/test_context_ledger_r3.py"",""tests/test_context_queries_r3.py"",""tests/test_context_repairs_r4.py"",""tests/test_dune_r4.py"",""tests/test_legacy_guard_r4.py"",""tests/test_r4_retry_integration_review.py"",""tests/test_stage1c_real_replay.py"",""tests/test_validate_review_bundle_r3.py""]",[],,Prior accepted public code identity when the public parent hash is shown; internal acceptance provenance is withheld.,STATICALLY_REACHABLE_INHERITED_REVIEW_LIMITED,"Only public dependency edges are displayed. Private paths, hashes, review annotations and internal evidence identities are withheld; aggregate executed checks appear separately."
src/dune_batch_r1.py,db1b7dcbcaaa1a4dca9ede7988da86968fbdbd085bb5eb1a7e942a8e24f5be74,27055,source,UNCHANGED,db1b7dcbcaaa1a4dca9ede7988da86968fbdbd085bb5eb1a7e942a8e24f5be74,Publicly shipped file; exact byte identity inventoried.,True,"[""experiment_cli"",""reports_cli"",""package_validation_cli"",""final_real_replay_cli""]",Static AST imports only; module reachability is not function execution evidence.,"[""src/context_ledger_r3.py"",""src/dune_r2.py"",""src/frontier_labels_r1.py"",""src/frontier_labels_r2.py"",""src/reference_delta_r2.py"",""src/validate_review_bundle_r1.py"",""tests/test_dune_batch_r1.py"",""tests/test_validate_review_bundle_r1.py""]","[""src/collector.py"",""src/collector_inputs.py"",""src/dune_observed_replay.py"",""src/page_contract.py"",""src/physical_facts.py"",""src/provider_dune.py""]",[],STATIC_AST_AND_LITERAL_REFERENCE_INVENTORY,[],"[""tests/test_context_access_r3.py"",""tests/test_context_access_r4.py"",""tests/test_context_ledger_r3.py"",""tests/test_context_repairs_r4.py"",""tests/test_dune_batch_r1.py"",""tests/test_dune_r2.py"",""tests/test_dune_r4.py"",""tests/test_frontier_labels_r1.py"",""tests/test_frontier_labels_r2.py"",""tests/test_legacy_guard_r4.py"",""tests/test_r4_retry_integration_review.py"",""tests/test_reference_delta_r2.py"",""tests/test_revision_validation_r4_r1.py"",""tests/test_stage1c_r1_faults.py"",""tests/test_stage1c_r1_pipeline.py"",""tests/test_stage1c_real_replay.py"",""tests/test_stage1c_runner.py"",""tests/test_validate_review_bundle_r1.py"",""tests/test_validate_review_bundle_r2.py"",""tests/test_validate_review_bundle_r3.py"",""tests/test_validation_status_r4.py""]",[],,Prior accepted public code identity when the public parent hash is shown; internal acceptance provenance is withheld.,STATICALLY_REACHABLE_INHERITED_REVIEW_LIMITED,"Only public dependency edges are displayed. Private paths, hashes, review annotations and internal evidence identities are withheld; aggregate executed checks appear separately."
src/dune_cap_exception.py,92105a1d4367d477e1af503a3314c260212a7173ebb6757e21d3f01f58595924,4092,source,UNCHANGED,92105a1d4367d477e1af503a3314c260212a7173ebb6757e21d3f01f58595924,Publicly shipped file; exact byte identity inventoried.,False,[],Static AST imports only; module reachability is not function execution evidence.,"[""src/budget_r1.py"",""src/dune_r1.py"",""tests/test_dune_cap_exception.py"",""tests/test_dune_export_metadata.py""]",[],[],STATIC_AST_AND_LITERAL_REFERENCE_INVENTORY,[],"[""tests/test_budget_r1.py"",""tests/test_budget_r2.py"",""tests/test_context_access_r3.py"",""tests/test_context_access_r4.py"",""tests/test_dune_cap_exception.py"",""tests/test_dune_export_metadata.py"",""tests/test_dune_r1.py"",""tests/test_dune_r2.py"",""tests/test_dune_r4.py"",""tests/test_legacy_guard_r4.py"",""tests/test_r4_retry_integration_review.py"",""tests/test_rpc_context_r1.py""]",[],,Prior accepted public code identity when the public parent hash is shown; internal acceptance provenance is withheld.,NOT_ON_STATIC_DEFAULT_IMPORT_PATH_RETAINED_HISTORICAL_SURFACE,"Only public dependency edges are displayed. Private paths, hashes, review annotations and internal evidence identities are withheld; aggregate executed checks appear separately."
src/dune_live.py,35451519489c82d55fe4fe4f59c1060f4c04571ddc7649498dcfbfb5ee306c22,19699,source,UNCHANGED,35451519489c82d55fe4fe4f59c1060f4c04571ddc7649498dcfbfb5ee306c22,Publicly shipped file; exact byte identity inventoried.,True,[],Static AST imports only; module reachability is not function execution evidence.,"[""src/dune_r1.py"",""src/dune_r2.py"",""tests/test_dune_cap_exception.py"",""tests/test_dune_export_metadata.py"",""tests/test_dune_live.py"",""tests/test_legacy_guard_r4.py"",""tests/test_page_recovery.py""]","[""src/budget.py"",""src/legacy_guard_r4.py"",""src/network.py"",""src/page_attempts.py"",""src/page_contract.py""]",[],STATIC_AST_AND_LITERAL_REFERENCE_INVENTORY,[],"[""tests/test_context_access_r3.py"",""tests/test_context_access_r4.py"",""tests/test_dune_cap_exception.py"",""tests/test_dune_export_metadata.py"",""tests/test_dune_live.py"",""tests/test_dune_r1.py"",""tests/test_dune_r2.py"",""tests/test_dune_r4.py"",""tests/test_legacy_guard_r4.py"",""tests/test_page_recovery.py"",""tests/test_r4_retry_integration_review.py""]",[],,Prior accepted public code identity when the public parent hash is shown; internal acceptance provenance is withheld.,NOT_ON_STATIC_DEFAULT_IMPORT_PATH_RETAINED_HISTORICAL_SURFACE,"Only public dependency edges are displayed. Private paths, hashes, review annotations and internal evidence identities are withheld; aggregate executed checks appear separately."
src/dune_observed_replay.py,fed33761e1b690fd7643cb5c718257d1e0465e24bd5c4ade98ea25430c309e71,16804,source,UNCHANGED,fed33761e1b690fd7643cb5c718257d1e0465e24bd5c4ade98ea25430c309e71,Publicly shipped file; exact byte identity inventoried.,True,"[""experiment_cli"",""reports_cli"",""package_validation_cli"",""final_real_replay_cli""]",Static AST imports only; module reachability is not function execution evidence.,"[""src/dune_batch_r1.py"",""src/replay_order_same_input_r2.py"",""tests/test_dune_batch_r1.py"",""tests/test_dune_observed_replay.py"",""tests/test_event_order_r2.py"",""tests/test_physical_facts.py""]","[""src/cache_probe.py"",""src/collector.py"",""src/collector_inputs.py"",""src/physical_facts.py"",""src/provider_dune.py""]",[],STATIC_AST_AND_LITERAL_REFERENCE_INVENTORY,[],"[""tests/test_context_access_r3.py"",""tests/test_context_access_r4.py"",""tests/test_context_ledger_r3.py"",""tests/test_context_repairs_r4.py"",""tests/test_dune_batch_r1.py"",""tests/test_dune_observed_replay.py"",""tests/test_dune_r2.py"",""tests/test_dune_r4.py"",""tests/test_event_order_r2.py"",""tests/test_frontier_labels_r1.py"",""tests/test_frontier_labels_r2.py"",""tests/test_legacy_guard_r4.py"",""tests/test_physical_facts.py"",""tests/test_r4_retry_integration_review.py"",""tests/test_reference_delta_r2.py"",""tests/test_revision_validation_r4_r1.py"",""tests/test_stage1c_r1_faults.py"",""tests/test_stage1c_r1_pipeline.py"",""tests/test_stage1c_real_replay.py"",""tests/test_stage1c_runner.py"",""tests/test_validate_review_bundle_r1.py"",""tests/test_validate_review_bundle_r2.py"",""tests/test_validate_review_bundle_r3.py"",""tests/test_validation_status_r4.py""]",[],,Prior accepted public code identity when the public parent hash is shown; internal acceptance provenance is withheld.,STATICALLY_REACHABLE_INHERITED_REVIEW_LIMITED,"Only public dependency edges are displayed. Private paths, hashes, review annotations and internal evidence identities are withheld; aggregate executed checks appear separately."
src/dune_r1.py,50e166d8ed4d270ef5896e9d8c0ad8ca4a595e6bb1d1a106ff881148350d081c,22188,source,UNCHANGED,50e166d8ed4d270ef5896e9d8c0ad8ca4a595e6bb1d1a106ff881148350d081c,Publicly shipped file; exact byte identity inventoried.,True,[],Static AST imports only; module reachability is not function execution evidence.,"[""tests/test_dune_cap_exception.py"",""tests/test_dune_r1.py"",""tests/test_legacy_guard_r4.py""]","[""src/budget_r1.py"",""src/dune_cap_exception.py"",""src/dune_live.py"",""src/legacy_guard_r4.py"",""src/page_attempts.py"",""src/page_contract.py""]",[],STATIC_AST_AND_LITERAL_REFERENCE_INVENTORY,[],"[""tests/test_dune_cap_exception.py"",""tests/test_dune_export_metadata.py"",""tests/test_dune_r1.py"",""tests/test_legacy_guard_r4.py""]",[],,Prior accepted public code identity when the public parent hash is shown; internal acceptance provenance is withheld.,NOT_ON_STATIC_DEFAULT_IMPORT_PATH_RETAINED_HISTORICAL_SURFACE,"Only public dependency edges are displayed. Private paths, hashes, review annotations and internal evidence identities are withheld; aggregate executed checks appear separately."
src/dune_r2.py,fa98ef9d2d2cb4f9b4fe2624714c6959c174f7916759797b154abc684b8e1264,24372,source,UNCHANGED,fa98ef9d2d2cb4f9b4fe2624714c6959c174f7916759797b154abc684b8e1264,Publicly shipped file; exact byte identity inventoried.,True,[],Static AST imports only; module reachability is not function execution evidence.,"[""src/context_access_r3.py"",""src/dune_r4.py"",""src/pilot_actions_r2.py"",""tests/test_dune_r2.py"",""tests/test_legacy_guard_r4.py""]","[""src/budget.py"",""src/budget_r2.py"",""src/dune_batch_r1.py"",""src/dune_live.py"",""src/legacy_guard_r4.py"",""src/network.py"",""src/page_attempts.py"",""src/page_contract.py""]",[],STATIC_AST_AND_LITERAL_REFERENCE_INVENTORY,[],"[""tests/test_context_access_r3.py"",""tests/test_context_access_r4.py"",""tests/test_dune_r2.py"",""tests/test_dune_r4.py"",""tests/test_legacy_guard_r4.py"",""tests/test_r4_retry_integration_review.py""]",[],,Prior accepted public code identity when the public parent hash is shown; internal acceptance provenance is withheld.,NOT_ON_STATIC_DEFAULT_IMPORT_PATH_RETAINED_HISTORICAL_SURFACE,"Only public dependency edges are displayed. Private paths, hashes, review annotations and internal evidence identities are withheld; aggregate executed checks appear separately."
src/dune_r4.py,6a9ae109b0dfb7520215c2f8bfa9394b81d6627d2d6d84708963accfbb0b7824,39587,source,UNCHANGED,6a9ae109b0dfb7520215c2f8bfa9394b81d6627d2d6d84708963accfbb0b7824,Publicly shipped file; exact byte identity inventoried.,True,[],Static AST imports only; module reachability is not function execution evidence.,"[""src/context_access_r3.py"",""tests/test_dune_r4.py"",""tests/test_legacy_guard_r4.py"",""tests/test_r4_retry_integration_review.py""]","[""src/budget_r2.py"",""src/context_access_r3.py"",""src/context_access_r4.py"",""src/context_queries_r3.py"",""src/dune_r2.py"",""src/network.py"",""src/page_attempts.py"",""src/page_contract.py"",""src/read_retry_r4.py""]",[],STATIC_AST_AND_LITERAL_REFERENCE_INVENTORY,[],"[""tests/test_context_access_r3.py"",""tests/test_context_access_r4.py"",""tests/test_dune_r4.py"",""tests/test_legacy_guard_r4.py"",""tests/test_r4_retry_integration_review.py""]",[],,Prior accepted public code identity when the public parent hash is shown; internal acceptance provenance is withheld.,NOT_ON_STATIC_DEFAULT_IMPORT_PATH_RETAINED_HISTORICAL_SURFACE,"Only public dependency edges are displayed. Private paths, hashes, review annotations and internal evidence identities are withheld; aggregate executed checks appear separately."
src/dune_sql_candidate.py,125334ec0efc965344a0a4c7a900565a5f3b246142990e602fc870f74ac06f7a,2301,source,UNCHANGED,125334ec0efc965344a0a4c7a900565a5f3b246142990e602fc870f74ac06f7a,Publicly shipped file; exact byte identity inventoried.,False,[],Static AST imports only; module reachability is not function execution evidence.,[],"[""src/provider_dune.py""]",[],STATIC_AST_AND_LITERAL_REFERENCE_INVENTORY,[],[],[],,Prior accepted public code identity when the public parent hash is shown; internal acceptance provenance is withheld.,NOT_ON_STATIC_DEFAULT_IMPORT_PATH_RETAINED_HISTORICAL_SURFACE,"Only public dependency edges are displayed. Private paths, hashes, review annotations and internal evidence identities are withheld; aggregate executed checks appear separately."
src/event_order.py,83166808d27a2f5df2f543cb78c8b6ddea3d5aee2a0c5380dcfb19be48c85653,4041,source,UNCHANGED,83166808d27a2f5df2f543cb78c8b6ddea3d5aee2a0c5380dcfb19be48c85653,Publicly shipped file; exact byte identity inventoried.,False,"[""experiment_cli"",""reports_cli"",""package_validation_cli"",""final_real_replay_cli""]",Static AST imports only; module reachability is not function execution evidence.,"[""src/cache_probe.py"",""src/context_evidence_r2.py"",""tests/test_event_order_r2.py""]","[""src/collector.py""]",[],STATIC_AST_AND_LITERAL_REFERENCE_INVENTORY,[],"[""tests/test_context_access_r3.py"",""tests/test_context_access_r4.py"",""tests/test_context_ledger_r3.py"",""tests/test_context_repairs_r4.py"",""tests/test_dune_batch_r1.py"",""tests/test_dune_observed_replay.py"",""tests/test_dune_r2.py"",""tests/test_dune_r4.py"",""tests/test_event_order_r2.py"",""tests/test_frontier_labels_r1.py"",""tests/test_frontier_labels_r2.py"",""tests/test_legacy_guard_r4.py"",""tests/test_physical_facts.py"",""tests/test_pilot_metrics_r2.py"",""tests/test_r4_retry_integration_review.py"",""tests/test_reference_delta_r2.py"",""tests/test_revision_validation_r4_r1.py"",""tests/test_stage1c_r1_faults.py"",""tests/test_stage1c_r1_pipeline.py"",""tests/test_stage1c_real_replay.py"",""tests/test_stage1c_runner.py"",""tests/test_validate_review_bundle_r1.py"",""tests/test_validate_review_bundle_r2.py"",""tests/test_validate_review_bundle_r3.py"",""tests/test_validation_status_r4.py""]",[],,Prior accepted public code identity when the public parent hash is shown; internal acceptance provenance is withheld.,STATICALLY_REACHABLE_INHERITED_REVIEW_LIMITED,"Only public dependency edges are displayed. Private paths, hashes, review annotations and internal evidence identities are withheld; aggregate executed checks appear separately."
src/exact_fields_r4.py,3f1d55c43a87dbd4eeb44600e4290b1ea55f11d3b068933e3ea9165c39413534,2926,source,UNCHANGED,3f1d55c43a87dbd4eeb44600e4290b1ea55f11d3b068933e3ea9165c39413534,Publicly shipped file; exact byte identity inventoried.,False,"[""final_real_replay_cli""]",Static AST imports only; module reachability is not function execution evidence.,"[""src/context_ledger_r3.py"",""src/context_queries_r3.py"",""src/provider_etherscan.py"",""src/provider_receipts.py"",""tests/test_context_repairs_r4.py""]",[],[],STATIC_AST_AND_LITERAL_REFERENCE_INVENTORY,[],"[""tests/test_collector.py"",""tests/test_context_access_r3.py"",""tests/test_context_access_r4.py"",""tests/test_context_ledger_r3.py"",""tests/test_context_queries_r3.py"",""tests/test_context_repairs_r4.py"",""tests/test_dune_r4.py"",""tests/test_legacy_guard_r4.py"",""tests/test_mixed_receipts_r4_r1.py"",""tests/test_provider_contracts_r4.py"",""tests/test_r4_retry_integration_review.py"",""tests/test_stage1c_real_replay.py"",""tests/test_validate_review_bundle_r3.py""]",[],,Prior accepted public code identity when the public parent hash is shown; internal acceptance provenance is withheld.,STATICALLY_REACHABLE_INHERITED_REVIEW_LIMITED,"Only public dependency edges are displayed. Private paths, hashes, review annotations and internal evidence identities are withheld; aggregate executed checks appear separately."
src/freeze_context_replay_r3.py,4ba3bc083014f2f7ecec8d689746b7737332945ab0d7b1419fcb33e56c6b37f8,5259,source,UNCHANGED,4ba3bc083014f2f7ecec8d689746b7737332945ab0d7b1419fcb33e56c6b37f8,Publicly shipped file; exact byte identity inventoried.,True,[],Static AST imports only; module reachability is not function execution evidence.,[],"[""src/context_ledger_r3.py"",""src/context_queries_r3.py""]",[],STATIC_AST_AND_LITERAL_REFERENCE_INVENTORY,[],[],[],,Prior accepted public code identity when the public parent hash is shown; internal acceptance provenance is withheld.,NOT_ON_STATIC_DEFAULT_IMPORT_PATH_RETAINED_HISTORICAL_SURFACE,"Only public dependency edges are displayed. Private paths, hashes, review annotations and internal evidence identities are withheld; aggregate executed checks appear separately."
src/frontier_labels_r1.py,25cc4eb134a3f0917f714ac60f19c30fa7cbe2d99cbe8e12c5a207ff9040f368,61324,source,UNCHANGED,25cc4eb134a3f0917f714ac60f19c30fa7cbe2d99cbe8e12c5a207ff9040f368,Publicly shipped file; exact byte identity inventoried.,True,[],Static AST imports only; module reachability is not function execution evidence.,"[""src/frontier_labels_r2.py"",""tests/test_frontier_labels_r1.py""]","[""src/cache_probe.py"",""src/collector.py"",""src/collector_inputs.py"",""src/dune_batch_r1.py"",""src/labels_policy.py"",""src/page_contract.py"",""src/reference_core.py"",""src/reference_recompute.py""]","[""src/labels_policy.py""]",STATIC_AST_AND_LITERAL_REFERENCE_INVENTORY,[],"[""tests/test_frontier_labels_r1.py"",""tests/test_frontier_labels_r2.py""]",[],,Prior accepted public code identity when the public parent hash is shown; internal acceptance provenance is withheld.,NOT_ON_STATIC_DEFAULT_IMPORT_PATH_RETAINED_HISTORICAL_SURFACE,"Only public dependency edges are displayed. Private paths, hashes, review annotations and internal evidence identities are withheld; aggregate executed checks appear separately."
src/frontier_labels_r2.py,53fe315ea5365a2bb24b98b644024851e0aa016ccd6a4a85b286316d953dff57,16852,source,UNCHANGED,53fe315ea5365a2bb24b98b644024851e0aa016ccd6a4a85b286316d953dff57,Publicly shipped file; exact byte identity inventoried.,True,[],Static AST imports only; module reachability is not function execution evidence.,"[""tests/test_frontier_labels_r2.py""]","[""src/dune_batch_r1.py"",""src/frontier_labels_r1.py"",""src/labels_policy.py"",""src/page_contract.py"",""src/reference_core.py"",""src/reference_recompute.py""]",[],STATIC_AST_AND_LITERAL_REFERENCE_INVENTORY,[],"[""tests/test_frontier_labels_r2.py""]",[],,Prior accepted public code identity when the public parent hash is shown; internal acceptance provenance is withheld.,NOT_ON_STATIC_DEFAULT_IMPORT_PATH_RETAINED_HISTORICAL_SURFACE,"Only public dependency edges are displayed. Private paths, hashes, review annotations and internal evidence identities are withheld; aggregate executed checks appear separately."
src/independent_amount_audit_r4.py,bd537c61d8e6469960a1c41be95bfd323c9fd2a1f853852370406646b07c1b65,9269,source,UNCHANGED,bd537c61d8e6469960a1c41be95bfd323c9fd2a1f853852370406646b07c1b65,Publicly shipped file; exact byte identity inventoried.,True,[],Static AST imports only; module reachability is not function execution evidence.,[],[],[],STATIC_AST_AND_LITERAL_REFERENCE_INVENTORY,[],[],[],,Prior accepted public code identity when the public parent hash is shown; internal acceptance provenance is withheld.,NOT_ON_STATIC_DEFAULT_IMPORT_PATH_RETAINED_HISTORICAL_SURFACE,"Only public dependency edges are displayed. Private paths, hashes, review annotations and internal evidence identities are withheld; aggregate executed checks appear separately."
src/independent_evidence_audit_r4.py,a3314ec308d585dadceb8b95bd57839913818e6d38467302c408d0f3bb3ff667,14991,source,UNCHANGED,a3314ec308d585dadceb8b95bd57839913818e6d38467302c408d0f3bb3ff667,Publicly shipped file; exact byte identity inventoried.,True,[],Static AST imports only; module reachability is not function execution evidence.,[],[],[],STATIC_AST_AND_LITERAL_REFERENCE_INVENTORY,[],[],[],,Prior accepted public code identity when the public parent hash is shown; internal acceptance provenance is withheld.,NOT_ON_STATIC_DEFAULT_IMPORT_PATH_RETAINED_HISTORICAL_SURFACE,"Only public dependency edges are displayed. Private paths, hashes, review annotations and internal evidence identities are withheld; aggregate executed checks appear separately."
src/label_queue.py,34aa43b9cc49e4af44843acbd7da9d5fa3cb6cef97e3e4816c3e9645e6fd15f1,5003,source,UNCHANGED,34aa43b9cc49e4af44843acbd7da9d5fa3cb6cef97e3e4816c3e9645e6fd15f1,Publicly shipped file; exact byte identity inventoried.,False,[],Static AST imports only; module reachability is not function execution evidence.,"[""tests/test_labels.py""]","[""src/labels_policy.py"",""src/reference_core.py""]",[],STATIC_AST_AND_LITERAL_REFERENCE_INVENTORY,[],"[""tests/test_labels.py""]",[],,Prior accepted public code identity when the public parent hash is shown; internal acceptance provenance is withheld.,NOT_ON_STATIC_DEFAULT_IMPORT_PATH_RETAINED_HISTORICAL_SURFACE,"Only public dependency edges are displayed. Private paths, hashes, review annotations and internal evidence identities are withheld; aggregate executed checks appear separately."
src/labels_history_r4.py,dbcaada564a6b4014907b6ac59f2de6e8b7971b07362b76b2b907b709bc90fba,21649,source,UNCHANGED,dbcaada564a6b4014907b6ac59f2de6e8b7971b07362b76b2b907b709bc90fba,Publicly shipped file; exact byte identity inventoried.,True,[],Static AST imports only; module reachability is not function execution evidence.,"[""tests/test_labels_r4.py""]","[""src/labels_import.py"",""src/labels_policy.py"",""src/reference_core.py""]",[],STATIC_AST_AND_LITERAL_REFERENCE_INVENTORY,[],"[""tests/test_labels_r4.py""]",[],,Prior accepted public code identity when the public parent hash is shown; internal acceptance provenance is withheld.,NOT_ON_STATIC_DEFAULT_IMPORT_PATH_RETAINED_HISTORICAL_SURFACE,"Only public dependency edges are displayed. Private paths, hashes, review annotations and internal evidence identities are withheld; aggregate executed checks appear separately."
src/labels_import.py,fdd1f7a3a99fc8c18b925215f504e24f32d68389a23cedd68671d700d4871833,9434,source,UNCHANGED,fdd1f7a3a99fc8c18b925215f504e24f32d68389a23cedd68671d700d4871833,Publicly shipped file; exact byte identity inventoried.,True,[],Static AST imports only; module reachability is not function execution evidence.,"[""src/labels_history_r4.py"",""tests/test_labels_r4.py""]","[""src/labels_policy.py"",""src/reference_core.py""]",[],STATIC_AST_AND_LITERAL_REFERENCE_INVENTORY,[],"[""tests/test_labels_r4.py""]",[],,Prior accepted public code identity when the public parent hash is shown; internal acceptance provenance is withheld.,NOT_ON_STATIC_DEFAULT_IMPORT_PATH_RETAINED_HISTORICAL_SURFACE,"Only public dependency edges are displayed. Private paths, hashes, review annotations and internal evidence identities are withheld; aggregate executed checks appear separately."
src/labels_policy.py,44546540746e1a7739ddae207963836000cd0c228e2dd39cdd6cc3a3302b6848,7655,source,UNCHANGED,44546540746e1a7739ddae207963836000cd0c228e2dd39cdd6cc3a3302b6848,Publicly shipped file; exact byte identity inventoried.,False,[],Static AST imports only; module reachability is not function execution evidence.,"[""src/frontier_labels_r1.py"",""src/frontier_labels_r2.py"",""src/label_queue.py"",""src/labels_history_r4.py"",""src/labels_import.py"",""tests/test_frontier_labels_r1.py"",""tests/test_labels.py"",""tests/test_labels_r4.py""]","[""src/reference_core.py""]",[],STATIC_AST_AND_LITERAL_REFERENCE_INVENTORY,[],"[""tests/test_frontier_labels_r1.py"",""tests/test_frontier_labels_r2.py"",""tests/test_labels.py"",""tests/test_labels_r4.py""]",[],,Prior accepted public code identity when the public parent hash is shown; internal acceptance provenance is withheld.,NOT_ON_STATIC_DEFAULT_IMPORT_PATH_RETAINED_HISTORICAL_SURFACE,"Only public dependency edges are displayed. Private paths, hashes, review annotations and internal evidence identities are withheld; aggregate executed checks appear separately."
src/legacy_guard_r4.py,31c465a6f88c7d2324a2e9f702f2dd8429a7e615d1150aede2d8736f078b50e5,1601,source,UNCHANGED,31c465a6f88c7d2324a2e9f702f2dd8429a7e615d1150aede2d8736f078b50e5,Publicly shipped file; exact byte identity inventoried.,False,[],Static AST imports only; module reachability is not function execution evidence.,"[""src/budget.py"",""src/budget_r2.py"",""src/context_access_r3.py"",""src/dune_live.py"",""src/dune_r1.py"",""src/dune_r2.py"",""src/network.py"",""src/pilot_actions_r2.py"",""src/rpc_context_r1.py"",""tests/test_legacy_guard_r4.py""]",[],"[""configs/STAGE1B_R4_PUBLIC_POLICY.json""]",TARGETED_SUBSTANTIVE_REVIEW,"[""Current exact-byte scoped substantive review documented; complete private review notes are withheld. This does not mean every function was newly audited.""]","[""tests/test_budget.py"",""tests/test_budget_r1.py"",""tests/test_budget_r2.py"",""tests/test_context_access_r3.py"",""tests/test_context_access_r4.py"",""tests/test_dune_cap_exception.py"",""tests/test_dune_export_metadata.py"",""tests/test_dune_live.py"",""tests/test_dune_r1.py"",""tests/test_dune_r2.py"",""tests/test_dune_r4.py"",""tests/test_legacy_guard_r4.py"",""tests/test_page_recovery.py"",""tests/test_r4_retry_integration_review.py"",""tests/test_rpc_context_r1.py""]",[],,Prior accepted public code identity when the public parent hash is shown; internal acceptance provenance is withheld.,CURRENT_SCOPED_REVIEW_DOCUMENTED,"Only public dependency edges are displayed. Private paths, hashes, review annotations and internal evidence identities are withheld; aggregate executed checks appear separately."
src/lp_fixture_factory.py,76ce3e3e233778e66af83c266e2c290eab15cd100c47f645b5249df3cf55d73e,11611,source,UNCHANGED,76ce3e3e233778e66af83c266e2c290eab15cd100c47f645b5249df3cf55d73e,Publicly shipped file; exact byte identity inventoried.,True,[],Static AST imports only; module reachability is not function execution evidence.,[],[],[],STATIC_AST_AND_LITERAL_REFERENCE_INVENTORY,[],[],[],,Prior accepted public code identity when the public parent hash is shown; internal acceptance provenance is withheld.,NOT_ON_STATIC_DEFAULT_IMPORT_PATH_RETAINED_HISTORICAL_SURFACE,"Only public dependency edges are displayed. Private paths, hashes, review annotations and internal evidence identities are withheld; aggregate executed checks appear separately."
src/lp_live_summary.py,81e053d6f2738ee96df2276597e92e7e0389eb442c184172ff60ee0ce8f136e1,3658,source,UNCHANGED,81e053d6f2738ee96df2276597e92e7e0389eb442c184172ff60ee0ce8f136e1,Publicly shipped file; exact byte identity inventoried.,True,[],Static AST imports only; module reachability is not function execution evidence.,[],[],[],STATIC_AST_AND_LITERAL_REFERENCE_INVENTORY,[],[],[],,Prior accepted public code identity when the public parent hash is shown; internal acceptance provenance is withheld.,NOT_ON_STATIC_DEFAULT_IMPORT_PATH_RETAINED_HISTORICAL_SURFACE,"Only public dependency edges are displayed. Private paths, hashes, review annotations and internal evidence identities are withheld; aggregate executed checks appear separately."
src/lp_model.py,3c139ad16e3da0f4aded30c9cf1f8e3699984375b2433457d7c5f86f542d4e0d,25025,source,UNCHANGED,3c139ad16e3da0f4aded30c9cf1f8e3699984375b2433457d7c5f86f542d4e0d,Publicly shipped file; exact byte identity inventoried.,False,"[""experiment_cli"",""reports_cli"",""package_validation_cli"",""final_real_replay_cli"",""controlled_regression_cli""]",Static AST imports only; module reachability is not function execution evidence.,"[""src/compare_context_r3.py"",""src/context_lp_r3.py"",""src/lp_run.py"",""src/stage1c_intervals.py"",""tests/test_event_order_r2.py"",""tests/test_lp.py"",""tests/test_physical_facts.py"",""tests/test_stage1c_baselines.py"",""tests/test_stage1c_controlled.py""]","[""src/physical_facts.py""]",[],TARGETED_SUBSTANTIVE_REVIEW,"[""Current exact-byte scoped substantive review documented; complete private review notes are withheld. This does not mean every function was newly audited.""]","[""tests/test_context_ledger_r3.py"",""tests/test_context_lp_r3.py"",""tests/test_context_repairs_r4.py"",""tests/test_dune_r4.py"",""tests/test_event_order_r2.py"",""tests/test_legacy_guard_r4.py"",""tests/test_lp.py"",""tests/test_physical_facts.py"",""tests/test_r4_retry_integration_review.py"",""tests/test_stage1c_baselines.py"",""tests/test_stage1c_controlled.py"",""tests/test_stage1c_intervals.py"",""tests/test_stage1c_output_contract.py"",""tests/test_stage1c_r1_faults.py"",""tests/test_stage1c_r1_pipeline.py"",""tests/test_stage1c_real_replay.py"",""tests/test_stage1c_runner.py"",""tests/test_validate_review_bundle_r2.py"",""tests/test_validate_review_bundle_r3.py""]",[],,Prior accepted public code identity when the public parent hash is shown; internal acceptance provenance is withheld.,CURRENT_SCOPED_REVIEW_DOCUMENTED,"Only public dependency edges are displayed. Private paths, hashes, review annotations and internal evidence identities are withheld; aggregate executed checks appear separately."
src/lp_oracle.py,bce0463535197e62eec56b68780d6bfc7a3b62c4ccd39a8b597778406e9e1b1f,2172,source,UNCHANGED,bce0463535197e62eec56b68780d6bfc7a3b62c4ccd39a8b597778406e9e1b1f,Publicly shipped file; exact byte identity inventoried.,False,"[""final_real_replay_cli"",""controlled_regression_cli""]",Static AST imports only; module reachability is not function execution evidence.,"[""src/lp_run.py"",""tests/test_lp.py""]",[],[],STATIC_AST_AND_LITERAL_REFERENCE_INVENTORY,[],"[""tests/test_lp.py"",""tests/test_physical_facts.py"",""tests/test_stage1c_real_replay.py"",""tests/test_validate_review_bundle_r2.py"",""tests/test_validate_review_bundle_r3.py""]",[],,Prior accepted public code identity when the public parent hash is shown; internal acceptance provenance is withheld.,STATICALLY_REACHABLE_INHERITED_REVIEW_LIMITED,"Only public dependency edges are displayed. Private paths, hashes, review annotations and internal evidence identities are withheld; aggregate executed checks appear separately."
src/lp_run.py,36f4ad28b55e736cc9609900b5e450cc2121ecdc6af0b33c30af024be1ec6c07,10810,source,UNCHANGED,36f4ad28b55e736cc9609900b5e450cc2121ecdc6af0b33c30af024be1ec6c07,Publicly shipped file; exact byte identity inventoried.,True,"[""final_real_replay_cli"",""controlled_regression_cli""]",Static AST imports only; module reachability is not function execution evidence.,"[""src/replay_order_same_input_r2.py"",""src/review_replay_r2.py"",""src/review_replay_r3.py"",""src/review_replay_r4.py"",""tests/test_lp.py"",""tests/test_physical_facts.py""]","[""src/lp_model.py"",""src/lp_oracle.py"",""src/physical_facts.py""]",[],STATIC_AST_AND_LITERAL_REFERENCE_INVENTORY,[],"[""tests/test_lp.py"",""tests/test_physical_facts.py"",""tests/test_stage1c_real_replay.py"",""tests/test_validate_review_bundle_r2.py"",""tests/test_validate_review_bundle_r3.py""]",[],,Prior accepted public code identity when the public parent hash is shown; internal acceptance provenance is withheld.,STATICALLY_REACHABLE_INHERITED_REVIEW_LIMITED,"Only public dependency edges are displayed. Private paths, hashes, review annotations and internal evidence identities are withheld; aggregate executed checks appear separately."
src/lp_test_receipt.py,2a3e04a357b17d449c53484503a81dcacc45fcacb9ea1cba2492f5c5d0d5b6a8,1530,source,UNCHANGED,2a3e04a357b17d449c53484503a81dcacc45fcacb9ea1cba2492f5c5d0d5b6a8,Publicly shipped file; exact byte identity inventoried.,True,[],Static AST imports only; module reachability is not function execution evidence.,[],[],[],STATIC_AST_AND_LITERAL_REFERENCE_INVENTORY,[],[],[],,Prior accepted public code identity when the public parent hash is shown; internal acceptance provenance is withheld.,NOT_ON_STATIC_DEFAULT_IMPORT_PATH_RETAINED_HISTORICAL_SURFACE,"Only public dependency edges are displayed. Private paths, hashes, review annotations and internal evidence identities are withheld; aggregate executed checks appear separately."
src/network.py,a40a070810092074ef82a522be6e9c7f1fb992e27d1e788b323f5f03b93e1fc3,5524,source,UNCHANGED,a40a070810092074ef82a522be6e9c7f1fb992e27d1e788b323f5f03b93e1fc3,Publicly shipped file; exact byte identity inventoried.,True,[],Static AST imports only; module reachability is not function execution evidence.,"[""src/context_access_r3.py"",""src/context_access_r4.py"",""src/dune_live.py"",""src/dune_r2.py"",""src/dune_r4.py"",""tests/test_legacy_guard_r4.py""]","[""src/budget.py"",""src/legacy_guard_r4.py""]",[],TARGETED_SUBSTANTIVE_REVIEW,"[""Current exact-byte scoped substantive review documented; complete private review notes are withheld. This does not mean every function was newly audited.""]","[""tests/test_context_access_r3.py"",""tests/test_context_access_r4.py"",""tests/test_dune_cap_exception.py"",""tests/test_dune_export_metadata.py"",""tests/test_dune_live.py"",""tests/test_dune_r1.py"",""tests/test_dune_r2.py"",""tests/test_dune_r4.py"",""tests/test_legacy_guard_r4.py"",""tests/test_page_recovery.py"",""tests/test_r4_retry_integration_review.py""]",[],,Prior accepted public code identity when the public parent hash is shown; internal acceptance provenance is withheld.,CURRENT_SCOPED_REVIEW_DOCUMENTED,"Only public dependency edges are displayed. Private paths, hashes, review annotations and internal evidence identities are withheld; aggregate executed checks appear separately."
src/package_review_r2.py,06e6d72eceebcd23bf3dd2e7ce9effccc83e28897f7fbf256891fd975e6d79dd,18637,source,UNCHANGED,06e6d72eceebcd23bf3dd2e7ce9effccc83e28897f7fbf256891fd975e6d79dd,Publicly shipped file; exact byte identity inventoried.,True,[],Static AST imports only; module reachability is not function execution evidence.,"[""src/validate_review_bundle_r2.py"",""tests/test_package_review_r2.py"",""tests/test_validate_review_bundle_r2.py""]","[""src/public_export_r1.py""]","["".gitattributes"","".gitignore"",""requirements.txt""]",STATIC_AST_AND_LITERAL_REFERENCE_INVENTORY,[],"[""tests/test_package_review_r2.py"",""tests/test_validate_review_bundle_r2.py""]",[],,Prior accepted public code identity when the public parent hash is shown; internal acceptance provenance is withheld.,NOT_ON_STATIC_DEFAULT_IMPORT_PATH_RETAINED_HISTORICAL_SURFACE,"Only public dependency edges are displayed. Private paths, hashes, review annotations and internal evidence identities are withheld; aggregate executed checks appear separately."
src/package_review_r3.py,84d825b237a80911c0ca870e9629c371b0f490fe30fbf61467efe49ab1942324,18742,source,UNCHANGED,84d825b237a80911c0ca870e9629c371b0f490fe30fbf61467efe49ab1942324,Publicly shipped file; exact byte identity inventoried.,True,[],Static AST imports only; module reachability is not function execution evidence.,"[""src/assemble_review_inputs_r3.py"",""src/validate_review_bundle_r3.py"",""src/validation_faults_r4.py"",""tests/test_package_review_r3.py"",""tests/test_validate_review_bundle_r3.py""]","[""src/public_export_r1.py""]","["".gitattributes"","".gitignore"",""configs/PUBLIC_VALIDATION_R3.json"",""configs/STAGE1B_R3_PUBLIC_POLICY.json"",""requirements.txt""]",STATIC_AST_AND_LITERAL_REFERENCE_INVENTORY,[],"[""tests/test_package_review_r3.py"",""tests/test_revision_validation_r4_r1.py"",""tests/test_validate_review_bundle_r3.py"",""tests/test_validation_status_r4.py""]",[],,Prior accepted public code identity when the public parent hash is shown; internal acceptance provenance is withheld.,NOT_ON_STATIC_DEFAULT_IMPORT_PATH_RETAINED_HISTORICAL_SURFACE,"Only public dependency edges are displayed. Private paths, hashes, review annotations and internal evidence identities are withheld; aggregate executed checks appear separately."
src/package_review_r4.py,62143417d68e44791a52400e5c08c2486ccb262b4039f14f4af68ae85896d93f,19694,source,UNCHANGED,62143417d68e44791a52400e5c08c2486ccb262b4039f14f4af68ae85896d93f,Publicly shipped file; exact byte identity inventoried.,True,"[""final_real_replay_cli""]",Static AST imports only; module reachability is not function execution evidence.,"[""src/validate_review_bundle_r4.py"",""src/validation_faults_r4.py""]","[""src/public_export_r1.py""]","["".gitattributes"","".gitignore"",""configs/PUBLIC_VALIDATION_R3.json"",""configs/PUBLIC_VALIDATION_R4.json"",""configs/STAGE1B_R3_PUBLIC_POLICY.json"",""configs/STAGE1B_R4_PUBLIC_POLICY.json"",""requirements.txt""]",STATIC_AST_AND_LITERAL_REFERENCE_INVENTORY,[],"[""tests/test_revision_validation_r4_r1.py"",""tests/test_stage1c_real_replay.py"",""tests/test_validation_status_r4.py""]",[],,Prior accepted public code identity when the public parent hash is shown; internal acceptance provenance is withheld.,STATICALLY_REACHABLE_INHERITED_REVIEW_LIMITED,"Only public dependency edges are displayed. Private paths, hashes, review annotations and internal evidence identities are withheld; aggregate executed checks appear separately."
src/package_review_r4_r1.py,5c546a4668e70be37554746f95b2b59a1073a31bc7ec99b2fe15da86e88cf7b8,20124,source,UNCHANGED,5c546a4668e70be37554746f95b2b59a1073a31bc7ec99b2fe15da86e88cf7b8,Publicly shipped file; exact byte identity inventoried.,True,[],Static AST imports only; module reachability is not function execution evidence.,"[""src/validate_review_bundle_r4_r1.py"",""src/validation_faults_r4_r1.py""]","[""src/public_export_r1.py""]","["".gitattributes"","".gitignore"",""configs/PUBLIC_VALIDATION_R3.json"",""configs/PUBLIC_VALIDATION_R4.json"",""configs/PUBLIC_VALIDATION_R4_R1.json"",""configs/STAGE1B_R3_PUBLIC_POLICY.json"",""configs/STAGE1B_R4_PUBLIC_POLICY.json"",""configs/STAGE1B_R4_R1_PUBLIC_POLICY.json"",""requirements.txt""]",STATIC_AST_AND_LITERAL_REFERENCE_INVENTORY,[],"[""tests/test_revision_validation_r4_r1.py""]",[],,Prior accepted public code identity when the public parent hash is shown; internal acceptance provenance is withheld.,NOT_ON_STATIC_DEFAULT_IMPORT_PATH_RETAINED_HISTORICAL_SURFACE,"Only public dependency edges are displayed. Private paths, hashes, review annotations and internal evidence identities are withheld; aggregate executed checks appear separately."
src/page_attempts.py,b3a2535923a5cd0ce7c7b8d21dcce3e16b5d7217d43c9f917bb26becb5842a3e,9335,source,UNCHANGED,b3a2535923a5cd0ce7c7b8d21dcce3e16b5d7217d43c9f917bb26becb5842a3e,Publicly shipped file; exact byte identity inventoried.,False,"[""experiment_cli"",""reports_cli"",""package_validation_cli"",""final_real_replay_cli""]",Static AST imports only; module reachability is not function execution evidence.,"[""src/budget_r2.py"",""src/context_access_r3.py"",""src/context_access_r4.py"",""src/dune_live.py"",""src/dune_r1.py"",""src/dune_r2.py"",""src/dune_r4.py"",""src/pilot_actions_r2.py"",""src/provider_dune.py"",""tests/test_context_access_r3.py"",""tests/test_dune_cap_exception.py"",""tests/test_dune_r1.py"",""tests/test_dune_r2.py"",""tests/test_dune_r4.py"",""tests/test_page_recovery.py"",""tests/test_r4_retry_integration_review.py""]",[],[],STATIC_AST_AND_LITERAL_REFERENCE_INVENTORY,[],"[""tests/test_budget_r2.py"",""tests/test_context_access_r3.py"",""tests/test_context_access_r4.py"",""tests/test_context_ledger_r3.py"",""tests/test_context_repairs_r4.py"",""tests/test_dune_batch_r1.py"",""tests/test_dune_cap_exception.py"",""tests/test_dune_export_metadata.py"",""tests/test_dune_live.py"",""tests/test_dune_observed_replay.py"",""tests/test_dune_r1.py"",""tests/test_dune_r2.py"",""tests/test_dune_r4.py"",""tests/test_event_order_r2.py"",""tests/test_frontier_labels_r1.py"",""tests/test_frontier_labels_r2.py"",""tests/test_legacy_guard_r4.py"",""tests/test_page_recovery.py"",""tests/test_physical_facts.py"",""tests/test_pilot_metrics_r2.py"",""tests/test_provider_dune.py"",""tests/test_r4_retry_integration_review.py"",""tests/test_reference_delta_r2.py"",""tests/test_revision_validation_r4_r1.py"",""tests/test_stage1c_r1_faults.py"",""tests/test_stage1c_r1_pipeline.py"",""tests/test_stage1c_real_replay.py"",""tests/test_stage1c_runner.py"",""tests/test_validate_review_bundle_r1.py"",""tests/test_validate_review_bundle_r2.py"",""tests/test_validate_review_bundle_r3.py"",""tests/test_validation_status_r4.py""]",[],,Prior accepted public code identity when the public parent hash is shown; internal acceptance provenance is withheld.,STATICALLY_REACHABLE_INHERITED_REVIEW_LIMITED,"Only public dependency edges are displayed. Private paths, hashes, review annotations and internal evidence identities are withheld; aggregate executed checks appear separately."
src/page_contract.py,579b2a4e00419d17a206c8fde20aaea9e3e56c09e0c625199e6d2757640de7d9,7184,source,UNCHANGED,579b2a4e00419d17a206c8fde20aaea9e3e56c09e0c625199e6d2757640de7d9,Publicly shipped file; exact byte identity inventoried.,False,"[""experiment_cli"",""reports_cli"",""package_validation_cli"",""final_real_replay_cli""]",Static AST imports only; module reachability is not function execution evidence.,"[""src/context_evidence_r2.py"",""src/context_ledger_r3.py"",""src/dune_batch_r1.py"",""src/dune_live.py"",""src/dune_r1.py"",""src/dune_r2.py"",""src/dune_r4.py"",""src/frontier_labels_r1.py"",""src/frontier_labels_r2.py"",""src/pilot_metrics_r2.py"",""src/provider_dune.py"",""src/weth_trace_adapter_r4.py"",""tests/test_page_recovery.py""]",[],[],STATIC_AST_AND_LITERAL_REFERENCE_INVENTORY,[],"[""tests/test_context_access_r3.py"",""tests/test_context_access_r4.py"",""tests/test_context_ledger_r3.py"",""tests/test_context_repairs_r4.py"",""tests/test_dune_batch_r1.py"",""tests/test_dune_cap_exception.py"",""tests/test_dune_export_metadata.py"",""tests/test_dune_live.py"",""tests/test_dune_observed_replay.py"",""tests/test_dune_r1.py"",""tests/test_dune_r2.py"",""tests/test_dune_r4.py"",""tests/test_event_order_r2.py"",""tests/test_frontier_labels_r1.py"",""tests/test_frontier_labels_r2.py"",""tests/test_legacy_guard_r4.py"",""tests/test_page_recovery.py"",""tests/test_physical_facts.py"",""tests/test_pilot_metrics_r2.py"",""tests/test_provider_dune.py"",""tests/test_r4_retry_integration_review.py"",""tests/test_reference_delta_r2.py"",""tests/test_revision_validation_r4_r1.py"",""tests/test_rpc_context_r1.py"",""tests/test_stage1c_r1_faults.py"",""tests/test_stage1c_r1_pipeline.py"",""tests/test_stage1c_real_replay.py"",""tests/test_stage1c_runner.py"",""tests/test_validate_review_bundle_r1.py"",""tests/test_validate_review_bundle_r2.py"",""tests/test_validate_review_bundle_r3.py"",""tests/test_validation_status_r4.py"",""tests/test_weth.py"",""tests/test_weth_identity_r1.py"",""tests/test_weth_source_adapter_r3.py"",""tests/test_weth_trace_adapter_r4.py""]",[],,Prior accepted public code identity when the public parent hash is shown; internal acceptance provenance is withheld.,STATICALLY_REACHABLE_INHERITED_REVIEW_LIMITED,"Only public dependency edges are displayed. Private paths, hashes, review annotations and internal evidence identities are withheld; aggregate executed checks appear separately."
src/physical_facts.py,b2daea8d6c523048541fd2ae88d7fbf0c3f0e05cbc9ad26d3d807a967620d2f6,8362,source,UNCHANGED,b2daea8d6c523048541fd2ae88d7fbf0c3f0e05cbc9ad26d3d807a967620d2f6,Publicly shipped file; exact byte identity inventoried.,False,"[""experiment_cli"",""reports_cli"",""package_validation_cli"",""final_real_replay_cli"",""controlled_regression_cli""]",Static AST imports only; module reachability is not function execution evidence.,"[""src/cache_probe.py"",""src/collector.py"",""src/dune_batch_r1.py"",""src/dune_observed_replay.py"",""src/lp_model.py"",""src/lp_run.py"",""src/provider_dune.py"",""tests/test_physical_facts.py""]",[],[],STATIC_AST_AND_LITERAL_REFERENCE_INVENTORY,[],"[""tests/test_collector.py"",""tests/test_context_access_r3.py"",""tests/test_context_access_r4.py"",""tests/test_context_ledger_r3.py"",""tests/test_context_lp_r3.py"",""tests/test_context_repairs_r4.py"",""tests/test_dune_batch_r1.py"",""tests/test_dune_observed_replay.py"",""tests/test_dune_r2.py"",""tests/test_dune_r4.py"",""tests/test_event_order_r2.py"",""tests/test_frontier_labels_r1.py"",""tests/test_frontier_labels_r2.py"",""tests/test_legacy_guard_r4.py"",""tests/test_lp.py"",""tests/test_mixed_receipts_r4_r1.py"",""tests/test_page_recovery.py"",""tests/test_physical_facts.py"",""tests/test_pilot_metrics_r2.py"",""tests/test_provider_contracts_r4.py"",""tests/test_provider_dune.py"",""tests/test_r4_retry_integration_review.py"",""tests/test_reference_delta_r2.py"",""tests/test_revision_validation_r4_r1.py"",""tests/test_stage1c_baselines.py"",""tests/test_stage1c_controlled.py"",""tests/test_stage1c_intervals.py"",""tests/test_stage1c_output_contract.py"",""tests/test_stage1c_r1_faults.py"",""tests/test_stage1c_r1_pipeline.py"",""tests/test_stage1c_real_replay.py"",""tests/test_stage1c_runner.py"",""tests/test_validate_review_bundle_r1.py"",""tests/test_validate_review_bundle_r2.py"",""tests/test_validate_review_bundle_r3.py"",""tests/test_validation_status_r4.py""]",[],,Prior accepted public code identity when the public parent hash is shown; internal acceptance provenance is withheld.,STATICALLY_REACHABLE_INHERITED_REVIEW_LIMITED,"Only public dependency edges are displayed. Private paths, hashes, review annotations and internal evidence identities are withheld; aggregate executed checks appear separately."
src/pilot_actions_r2.py,83043d11f2d26afcca1aa33077c2f4f5d92d04642b56040d216e262096ade513,5396,source,UNCHANGED,83043d11f2d26afcca1aa33077c2f4f5d92d04642b56040d216e262096ade513,Publicly shipped file; exact byte identity inventoried.,True,[],Static AST imports only; module reachability is not function execution evidence.,"[""tests/test_legacy_guard_r4.py""]","[""src/dune_r2.py"",""src/legacy_guard_r4.py"",""src/page_attempts.py""]",[],STATIC_AST_AND_LITERAL_REFERENCE_INVENTORY,[],"[""tests/test_legacy_guard_r4.py""]",[],,Prior accepted public code identity when the public parent hash is shown; internal acceptance provenance is withheld.,NOT_ON_STATIC_DEFAULT_IMPORT_PATH_RETAINED_HISTORICAL_SURFACE,"Only public dependency edges are displayed. Private paths, hashes, review annotations and internal evidence identities are withheld; aggregate executed checks appear separately."
src/pilot_metrics_r2.py,bdaa4f94183c2059808860a0bd7755c0a036a0c44d0fffaf8ccbb7cef6db6e06,37364,source,UNCHANGED,bdaa4f94183c2059808860a0bd7755c0a036a0c44d0fffaf8ccbb7cef6db6e06,Publicly shipped file; exact byte identity inventoried.,True,[],Static AST imports only; module reachability is not function execution evidence.,"[""tests/test_pilot_metrics_r2.py""]","[""src/context_evidence_r2.py"",""src/page_contract.py"",""src/provider_dune.py""]",[],STATIC_AST_AND_LITERAL_REFERENCE_INVENTORY,[],"[""tests/test_pilot_metrics_r2.py""]",[],,Prior accepted public code identity when the public parent hash is shown; internal acceptance provenance is withheld.,NOT_ON_STATIC_DEFAULT_IMPORT_PATH_RETAINED_HISTORICAL_SURFACE,"Only public dependency edges are displayed. Private paths, hashes, review annotations and internal evidence identities are withheld; aggregate executed checks appear separately."
src/provider_dune.py,c7e0ff802d6e47d6eca23b90697eac22c33b53553081f808cd9703604f70a1f2,20977,source,UNCHANGED,c7e0ff802d6e47d6eca23b90697eac22c33b53553081f808cd9703604f70a1f2,Publicly shipped file; exact byte identity inventoried.,False,"[""experiment_cli"",""reports_cli"",""package_validation_cli"",""final_real_replay_cli""]",Static AST imports only; module reachability is not function execution evidence.,"[""src/dune_batch_r1.py"",""src/dune_observed_replay.py"",""src/dune_sql_candidate.py"",""src/pilot_metrics_r2.py"",""tests/test_dune_observed_replay.py"",""tests/test_page_recovery.py"",""tests/test_physical_facts.py"",""tests/test_provider_dune.py""]","[""src/collector.py"",""src/page_attempts.py"",""src/page_contract.py"",""src/physical_facts.py""]",[],STATIC_AST_AND_LITERAL_REFERENCE_INVENTORY,[],"[""tests/test_context_access_r3.py"",""tests/test_context_access_r4.py"",""tests/test_context_ledger_r3.py"",""tests/test_context_repairs_r4.py"",""tests/test_dune_batch_r1.py"",""tests/test_dune_observed_replay.py"",""tests/test_dune_r2.py"",""tests/test_dune_r4.py"",""tests/test_event_order_r2.py"",""tests/test_frontier_labels_r1.py"",""tests/test_frontier_labels_r2.py"",""tests/test_legacy_guard_r4.py"",""tests/test_page_recovery.py"",""tests/test_physical_facts.py"",""tests/test_pilot_metrics_r2.py"",""tests/test_provider_dune.py"",""tests/test_r4_retry_integration_review.py"",""tests/test_reference_delta_r2.py"",""tests/test_revision_validation_r4_r1.py"",""tests/test_stage1c_r1_faults.py"",""tests/test_stage1c_r1_pipeline.py"",""tests/test_stage1c_real_replay.py"",""tests/test_stage1c_runner.py"",""tests/test_validate_review_bundle_r1.py"",""tests/test_validate_review_bundle_r2.py"",""tests/test_validate_review_bundle_r3.py"",""tests/test_validation_status_r4.py""]",[],,Prior accepted public code identity when the public parent hash is shown; internal acceptance provenance is withheld.,STATICALLY_REACHABLE_INHERITED_REVIEW_LIMITED,"Only public dependency edges are displayed. Private paths, hashes, review annotations and internal evidence identities are withheld; aggregate executed checks appear separately."
src/provider_etherscan.py,bf7c35060ed00ac5efbe5028d101e821ecf9a8a73f175384bfccd0c61a4bef2e,19220,source,UNCHANGED,bf7c35060ed00ac5efbe5028d101e821ecf9a8a73f175384bfccd0c61a4bef2e,Publicly shipped file; exact byte identity inventoried.,False,[],Static AST imports only; module reachability is not function execution evidence.,"[""tests/test_collector.py"",""tests/test_mixed_receipts_r4_r1.py"",""tests/test_provider_contracts_r4.py""]","[""src/collector.py"",""src/exact_fields_r4.py"",""src/read_retry_r4.py""]",[],STATIC_AST_AND_LITERAL_REFERENCE_INVENTORY,[],"[""tests/test_collector.py"",""tests/test_mixed_receipts_r4_r1.py"",""tests/test_provider_contracts_r4.py""]",[],,Prior accepted public code identity when the public parent hash is shown; internal acceptance provenance is withheld.,NOT_ON_STATIC_DEFAULT_IMPORT_PATH_RETAINED_HISTORICAL_SURFACE,"Only public dependency edges are displayed. Private paths, hashes, review annotations and internal evidence identities are withheld; aggregate executed checks appear separately."
src/provider_receipts.py,419ce873ca2f8ba37bb65e1aa3898190c62b05f05344616d191b4cbbffaf9da6,10726,source,UNCHANGED,419ce873ca2f8ba37bb65e1aa3898190c62b05f05344616d191b4cbbffaf9da6,Publicly shipped file; exact byte identity inventoried.,False,[],Static AST imports only; module reachability is not function execution evidence.,"[""tests/test_collector.py"",""tests/test_mixed_receipts_r4_r1.py"",""tests/test_provider_contracts_r4.py""]","[""src/exact_fields_r4.py""]",[],STATIC_AST_AND_LITERAL_REFERENCE_INVENTORY,[],"[""tests/test_collector.py"",""tests/test_mixed_receipts_r4_r1.py"",""tests/test_provider_contracts_r4.py""]",[],,Prior accepted public code identity when the public parent hash is shown; internal acceptance provenance is withheld.,NOT_ON_STATIC_DEFAULT_IMPORT_PATH_RETAINED_HISTORICAL_SURFACE,"Only public dependency edges are displayed. Private paths, hashes, review annotations and internal evidence identities are withheld; aggregate executed checks appear separately."
src/public_export_r1.py,4fc335e161f51213049079ba8ceb373c946be0bb8edc7499b543e539a09efb2a,3833,source,UNCHANGED,4fc335e161f51213049079ba8ceb373c946be0bb8edc7499b543e539a09efb2a,Publicly shipped file; exact byte identity inventoried.,False,"[""final_real_replay_cli""]",Static AST imports only; module reachability is not function execution evidence.,"[""src/assemble_review_inputs_r3.py"",""src/package_review_r2.py"",""src/package_review_r3.py"",""src/package_review_r4.py"",""src/package_review_r4_r1.py""]","[""src/publication_export.py""]","[""src/validate_review_bundle_r1.py"",""tests/test_validate_review_bundle_r1.py""]",STATIC_AST_AND_LITERAL_REFERENCE_INVENTORY,[],"[""tests/test_package_review_r2.py"",""tests/test_package_review_r3.py"",""tests/test_revision_validation_r4_r1.py"",""tests/test_stage1c_real_replay.py"",""tests/test_validate_review_bundle_r2.py"",""tests/test_validate_review_bundle_r3.py"",""tests/test_validation_status_r4.py""]",[],,Prior accepted public code identity when the public parent hash is shown; internal acceptance provenance is withheld.,STATICALLY_REACHABLE_INHERITED_REVIEW_LIMITED,"Only public dependency edges are displayed. Private paths, hashes, review annotations and internal evidence identities are withheld; aggregate executed checks appear separately."
src/publication_export.py,fb364f902b44b3a35430e655ca3380f1bec5a93cefed5a1879af336f72b4a902,16829,source,UNCHANGED,fb364f902b44b3a35430e655ca3380f1bec5a93cefed5a1879af336f72b4a902,Publicly shipped file; exact byte identity inventoried.,True,"[""final_real_replay_cli""]",Static AST imports only; module reachability is not function execution evidence.,"[""src/public_export_r1.py"",""tests/test_publication_export.py""]",[],"["".gitignore"",""configs/DUNE_ADAPTER_SCHEMA.md"",""requirements.txt"",""src/archive_safety.py"",""src/budget.py"",""src/cache_probe.py"",""src/collector.py"",""src/collector_inputs.py"",""src/collector_replay.py"",""src/dune_live.py"",""src/dune_observed_replay.py"",""src/dune_sql_candidate.py"",""src/label_queue.py"",""src/labels_import.py"",""src/labels_policy.py"",""src/lp_fixture_factory.py"",""src/lp_model.py"",""src/lp_oracle.py"",""src/lp_run.py"",""src/lp_test_receipt.py"",""src/network.py"",""src/provider_dune.py"",""src/provider_etherscan.py"",""src/provider_receipts.py"",""src/reference_core.py"",""src/reference_recompute.py"",""src/reference_replay.py"",""src/run_tests.py"",""src/weth_component.py"",""tests/test_archive.py"",""tests/test_budget.py"",""tests/test_collector.py"",""tests/test_dune_live.py"",""tests/test_dune_observed_replay.py"",""tests/test_labels.py"",""tests/test_lp.py"",""tests/test_provider_dune.py"",""tests/test_publication_export.py"",""tests/test_weth.py""]",STATIC_AST_AND_LITERAL_REFERENCE_INVENTORY,[],"[""tests/test_package_review_r2.py"",""tests/test_package_review_r3.py"",""tests/test_publication_export.py"",""tests/test_revision_validation_r4_r1.py"",""tests/test_stage1c_real_replay.py"",""tests/test_validate_review_bundle_r2.py"",""tests/test_validate_review_bundle_r3.py"",""tests/test_validation_status_r4.py""]",[],,Prior accepted public code identity when the public parent hash is shown; internal acceptance provenance is withheld.,STATICALLY_REACHABLE_INHERITED_REVIEW_LIMITED,"Only public dependency edges are displayed. Private paths, hashes, review annotations and internal evidence identities are withheld; aggregate executed checks appear separately."
src/read_retry_r4.py,32bddaac7be68db735309736429cbb611aa35d3160c843ae355ae3d727426159,21320,source,UNCHANGED,32bddaac7be68db735309736429cbb611aa35d3160c843ae355ae3d727426159,Publicly shipped file; exact byte identity inventoried.,False,[],Static AST imports only; module reachability is not function execution evidence.,"[""src/context_access_r4.py"",""src/dune_r4.py"",""src/provider_etherscan.py"",""tests/test_context_access_r4.py"",""tests/test_dune_r4.py"",""tests/test_provider_contracts_r4.py"",""tests/test_r4_retry_integration_review.py"",""tests/test_read_retry_r4.py""]",[],[],STATIC_AST_AND_LITERAL_REFERENCE_INVENTORY,[],"[""tests/test_collector.py"",""tests/test_context_access_r3.py"",""tests/test_context_access_r4.py"",""tests/test_dune_r4.py"",""tests/test_legacy_guard_r4.py"",""tests/test_mixed_receipts_r4_r1.py"",""tests/test_provider_contracts_r4.py"",""tests/test_r4_retry_integration_review.py"",""tests/test_read_retry_r4.py""]",[],,Prior accepted public code identity when the public parent hash is shown; internal acceptance provenance is withheld.,NOT_ON_STATIC_DEFAULT_IMPORT_PATH_RETAINED_HISTORICAL_SURFACE,"Only public dependency edges are displayed. Private paths, hashes, review annotations and internal evidence identities are withheld; aggregate executed checks appear separately."
src/reference_core.py,539db08996a4a365bd310be4789fc9e45530799d785f387630f99eb4da570051,8890,source,UNCHANGED,539db08996a4a365bd310be4789fc9e45530799d785f387630f99eb4da570051,Publicly shipped file; exact byte identity inventoried.,False,[],Static AST imports only; module reachability is not function execution evidence.,"[""src/frontier_labels_r1.py"",""src/frontier_labels_r2.py"",""src/label_queue.py"",""src/labels_history_r4.py"",""src/labels_import.py"",""src/labels_policy.py"",""src/reference_delta_r2.py"",""src/reference_recompute.py"",""src/reference_replay.py"",""tests/test_frontier_labels_r1.py"",""tests/test_frontier_labels_r2.py"",""tests/test_labels.py""]",[],[],STATIC_AST_AND_LITERAL_REFERENCE_INVENTORY,[],"[""tests/test_frontier_labels_r1.py"",""tests/test_frontier_labels_r2.py"",""tests/test_labels.py"",""tests/test_labels_r4.py"",""tests/test_reference_delta_r2.py""]",[],,Prior accepted public code identity when the public parent hash is shown; internal acceptance provenance is withheld.,NOT_ON_STATIC_DEFAULT_IMPORT_PATH_RETAINED_HISTORICAL_SURFACE,"Only public dependency edges are displayed. Private paths, hashes, review annotations and internal evidence identities are withheld; aggregate executed checks appear separately."
src/reference_delta_r2.py,1eb78e01df53424e450ffc413119ad472499f73de6ee62e9c8c81c355d4063e8,12189,source,UNCHANGED,1eb78e01df53424e450ffc413119ad472499f73de6ee62e9c8c81c355d4063e8,Publicly shipped file; exact byte identity inventoried.,True,[],Static AST imports only; module reachability is not function execution evidence.,"[""tests/test_reference_delta_r2.py""]","[""src/dune_batch_r1.py"",""src/reference_core.py"",""src/reference_recompute.py""]",[],STATIC_AST_AND_LITERAL_REFERENCE_INVENTORY,[],"[""tests/test_reference_delta_r2.py""]",[],,Prior accepted public code identity when the public parent hash is shown; internal acceptance provenance is withheld.,NOT_ON_STATIC_DEFAULT_IMPORT_PATH_RETAINED_HISTORICAL_SURFACE,"Only public dependency edges are displayed. Private paths, hashes, review annotations and internal evidence identities are withheld; aggregate executed checks appear separately."
src/reference_recompute.py,d48afeeb3c33e6ee0b0717457a4f5875a1b1134b195fdd52b2abfcdf2dccef98,7919,source,UNCHANGED,d48afeeb3c33e6ee0b0717457a4f5875a1b1134b195fdd52b2abfcdf2dccef98,Publicly shipped file; exact byte identity inventoried.,False,[],Static AST imports only; module reachability is not function execution evidence.,"[""src/frontier_labels_r1.py"",""src/frontier_labels_r2.py"",""src/reference_delta_r2.py"",""src/reference_replay.py"",""tests/test_frontier_labels_r1.py"",""tests/test_frontier_labels_r2.py"",""tests/test_labels.py""]","[""src/reference_core.py""]",[],STATIC_AST_AND_LITERAL_REFERENCE_INVENTORY,[],"[""tests/test_frontier_labels_r1.py"",""tests/test_frontier_labels_r2.py"",""tests/test_labels.py"",""tests/test_reference_delta_r2.py""]",[],,Prior accepted public code identity when the public parent hash is shown; internal acceptance provenance is withheld.,NOT_ON_STATIC_DEFAULT_IMPORT_PATH_RETAINED_HISTORICAL_SURFACE,"Only public dependency edges are displayed. Private paths, hashes, review annotations and internal evidence identities are withheld; aggregate executed checks appear separately."
src/reference_replay.py,0d743753cdbf5e9137bede29ea979e643e91e26e3f8095c8884bdca75e48998d,929,source,UNCHANGED,0d743753cdbf5e9137bede29ea979e643e91e26e3f8095c8884bdca75e48998d,Publicly shipped file; exact byte identity inventoried.,True,[],Static AST imports only; module reachability is not function execution evidence.,[],"[""src/reference_core.py"",""src/reference_recompute.py""]",[],STATIC_AST_AND_LITERAL_REFERENCE_INVENTORY,[],[],[],,Prior accepted public code identity when the public parent hash is shown; internal acceptance provenance is withheld.,NOT_ON_STATIC_DEFAULT_IMPORT_PATH_RETAINED_HISTORICAL_SURFACE,"Only public dependency edges are displayed. Private paths, hashes, review annotations and internal evidence identities are withheld; aggregate executed checks appear separately."
src/replay_order_same_input_r2.py,90fba82eba2a31de1965231b42bef2f4f8729d1a0a1ca0f7b38aa0435966511c,5702,source,UNCHANGED,90fba82eba2a31de1965231b42bef2f4f8729d1a0a1ca0f7b38aa0435966511c,Publicly shipped file; exact byte identity inventoried.,True,[],Static AST imports only; module reachability is not function execution evidence.,[],"[""src/cache_probe.py"",""src/collector.py"",""src/dune_observed_replay.py"",""src/lp_run.py""]",[],STATIC_AST_AND_LITERAL_REFERENCE_INVENTORY,[],[],[],,Prior accepted public code identity when the public parent hash is shown; internal acceptance provenance is withheld.,NOT_ON_STATIC_DEFAULT_IMPORT_PATH_RETAINED_HISTORICAL_SURFACE,"Only public dependency edges are displayed. Private paths, hashes, review annotations and internal evidence identities are withheld; aggregate executed checks appear separately."
src/review_replay_r2.py,53a0365b9c961865cbb24e115d7e2e45eb52a1fcd1bf37597804c81d71f09d58,11798,source,UNCHANGED,53a0365b9c961865cbb24e115d7e2e45eb52a1fcd1bf37597804c81d71f09d58,Publicly shipped file; exact byte identity inventoried.,True,[],Static AST imports only; module reachability is not function execution evidence.,"[""src/validate_review_bundle_r2.py"",""tests/test_validate_review_bundle_r2.py""]","[""src/lp_run.py"",""src/validate_review_bundle_r1.py"",""src/verify_fixed_graph_independent.py""]",[],STATIC_AST_AND_LITERAL_REFERENCE_INVENTORY,[],"[""tests/test_validate_review_bundle_r2.py""]",[],,Prior accepted public code identity when the public parent hash is shown; internal acceptance provenance is withheld.,NOT_ON_STATIC_DEFAULT_IMPORT_PATH_RETAINED_HISTORICAL_SURFACE,"Only public dependency edges are displayed. Private paths, hashes, review annotations and internal evidence identities are withheld; aggregate executed checks appear separately."
src/review_replay_r3.py,5a5e1b6d1f4deb81ff04aebfe266649f9d35a324376e0b8e2d1be8c1381e05e7,14945,source,UNCHANGED,5a5e1b6d1f4deb81ff04aebfe266649f9d35a324376e0b8e2d1be8c1381e05e7,Publicly shipped file; exact byte identity inventoried.,True,[],Static AST imports only; module reachability is not function execution evidence.,"[""tests/test_validate_review_bundle_r3.py""]","[""src/context_ledger_r3.py"",""src/context_lp_r3.py"",""src/lp_run.py"",""src/validate_review_bundle_r1.py"",""src/validate_review_bundle_r3.py"",""src/weth_source_adapter_r3.py""]",[],STATIC_AST_AND_LITERAL_REFERENCE_INVENTORY,[],"[""tests/test_validate_review_bundle_r3.py""]",[],,Prior accepted public code identity when the public parent hash is shown; internal acceptance provenance is withheld.,NOT_ON_STATIC_DEFAULT_IMPORT_PATH_RETAINED_HISTORICAL_SURFACE,"Only public dependency edges are displayed. Private paths, hashes, review annotations and internal evidence identities are withheld; aggregate executed checks appear separately."
src/review_replay_r4.py,3710e8e1e0dd0309184bdf5590a9e26c4e32a662c7427cebe0caa89b9c4223fc,16512,source,UNCHANGED,3710e8e1e0dd0309184bdf5590a9e26c4e32a662c7427cebe0caa89b9c4223fc,Publicly shipped file; exact byte identity inventoried.,True,"[""final_real_replay_cli""]",Static AST imports only; module reachability is not function execution evidence.,"[""src/stage1c_real_replay.py""]","[""src/context_ledger_r3.py"",""src/context_lp_r3.py"",""src/lp_run.py"",""src/validate_review_bundle_r1.py"",""src/validate_review_bundle_r4.py"",""src/weth_trace_adapter_r4.py""]",[],STATIC_AST_AND_LITERAL_REFERENCE_INVENTORY,[],"[""tests/test_stage1c_real_replay.py""]",[],,Prior accepted public code identity when the public parent hash is shown; internal acceptance provenance is withheld.,STATICALLY_REACHABLE_INHERITED_REVIEW_LIMITED,"Only public dependency edges are displayed. Private paths, hashes, review annotations and internal evidence identities are withheld; aggregate executed checks appear separately."
src/rpc_context_r1.py,5911d010f777dcd8692291e6457ca63d3ac53ee4697aa417538b7d9e8de35190,18271,source,UNCHANGED,5911d010f777dcd8692291e6457ca63d3ac53ee4697aa417538b7d9e8de35190,Publicly shipped file; exact byte identity inventoried.,True,[],Static AST imports only; module reachability is not function execution evidence.,"[""tests/test_legacy_guard_r4.py"",""tests/test_rpc_context_r1.py""]","[""src/budget_r1.py"",""src/legacy_guard_r4.py""]",[],STATIC_AST_AND_LITERAL_REFERENCE_INVENTORY,[],"[""tests/test_legacy_guard_r4.py"",""tests/test_rpc_context_r1.py""]",[],,Prior accepted public code identity when the public parent hash is shown; internal acceptance provenance is withheld.,NOT_ON_STATIC_DEFAULT_IMPORT_PATH_RETAINED_HISTORICAL_SURFACE,"Only public dependency edges are displayed. Private paths, hashes, review annotations and internal evidence identities are withheld; aggregate executed checks appear separately."
src/run_stage1c.py,697ad9acaaf69629e34854b6a16647738f488a11d6f0841f5457a418226c3fb3,32370,source,MODIFIED,e9a3ab26a0f2aa72282b181a62a0b5f28548e5df64a4ac7da01c5f3dde54c9f8,Publicly shipped file; exact byte identity inventoried.,True,"[""experiment_cli"",""reports_cli"",""package_validation_cli""]",Static AST imports only; module reachability is not function execution evidence.,"[""src/stage1c_result_gate.py"",""src/validate_stage1c.py"",""tests/test_stage1c_r1_faults.py"",""tests/test_stage1c_r1_pipeline.py"",""tests/test_stage1c_runner.py""]","[""src/stage1c_baselines.py"",""src/stage1c_controlled.py"",""src/stage1c_intervals.py"",""src/stage1c_oracle.py"",""src/stage1c_output_contract.py"",""src/stage1c_revision.py"",""src/validate_review_bundle_r1.py""]","[""configs/STAGE1C_EFFECTIVE_POLICY.json""]",TARGETED_SUBSTANTIVE_REVIEW,"[""Current exact-byte scoped substantive review documented; complete private review notes are withheld. This does not mean every function was newly audited.""]","[""tests/test_stage1c_r1_faults.py"",""tests/test_stage1c_r1_pipeline.py"",""tests/test_stage1c_runner.py""]",[],,Prior accepted public code identity when the public parent hash is shown; internal acceptance provenance is withheld.,CURRENT_SCOPED_REVIEW_DOCUMENTED,"Only public dependency edges are displayed. Private paths, hashes, review annotations and internal evidence identities are withheld; aggregate executed checks appear separately."
src/run_tests.py,4a900c72676edf6bf80a8afb0a98a08127a7882442c95f043534d932c2f6c911,1807,source,UNCHANGED,4a900c72676edf6bf80a8afb0a98a08127a7882442c95f043534d932c2f6c911,Publicly shipped file; exact byte identity inventoried.,True,"[""offline_test_cli""]",Static AST imports only; module reachability is not function execution evidence.,[],[],[],TARGETED_SUBSTANTIVE_REVIEW,"[""Current exact-byte scoped substantive review documented; complete private review notes are withheld. This does not mean every function was newly audited.""]",[],[],,Prior accepted public code identity when the public parent hash is shown; internal acceptance provenance is withheld.,CURRENT_SCOPED_REVIEW_DOCUMENTED,"Only public dependency edges are displayed. Private paths, hashes, review annotations and internal evidence identities are withheld; aggregate executed checks appear separately."
src/stage1c_baselines.py,fa215637a26772d2da095a5f1718f2f6e8f3bb1dc3d99e2b31ec1371112710ef,27424,source,UNCHANGED,fa215637a26772d2da095a5f1718f2f6e8f3bb1dc3d99e2b31ec1371112710ef,Publicly shipped file; exact byte identity inventoried.,False,"[""experiment_cli"",""reports_cli"",""package_validation_cli""]",Static AST imports only; module reachability is not function execution evidence.,"[""src/run_stage1c.py"",""src/stage1c_output_contract.py"",""tests/test_stage1c_baselines.py"",""tests/test_stage1c_output_contract.py""]",[],[],TARGETED_SUBSTANTIVE_REVIEW,"[""Current exact-byte scoped substantive review documented; complete private review notes are withheld. This does not mean every function was newly audited.""]","[""tests/test_stage1c_baselines.py"",""tests/test_stage1c_output_contract.py"",""tests/test_stage1c_r1_faults.py"",""tests/test_stage1c_r1_pipeline.py"",""tests/test_stage1c_runner.py""]",[],,Prior accepted public code identity when the public parent hash is shown; internal acceptance provenance is withheld.,CURRENT_SCOPED_REVIEW_DOCUMENTED,"Only public dependency edges are displayed. Private paths, hashes, review annotations and internal evidence identities are withheld; aggregate executed checks appear separately."
src/stage1c_catalog.py,42bd73fa27e6d64b52acc6d7ea9cb5cf6b455affa078af2c38225047d4e3876a,8065,source,UNCHANGED,42bd73fa27e6d64b52acc6d7ea9cb5cf6b455affa078af2c38225047d4e3876a,Publicly shipped file; exact byte identity inventoried.,True,[],Static AST imports only; module reachability is not function execution evidence.,"[""tests/test_stage1c_catalog.py""]",[],[],STATIC_AST_AND_LITERAL_REFERENCE_INVENTORY,[],"[""tests/test_stage1c_catalog.py""]",[],,Prior accepted public code identity when the public parent hash is shown; internal acceptance provenance is withheld.,NOT_ON_STATIC_DEFAULT_IMPORT_PATH_RETAINED_HISTORICAL_SURFACE,"Only public dependency edges are displayed. Private paths, hashes, review annotations and internal evidence identities are withheld; aggregate executed checks appear separately."
src/stage1c_controlled.py,954ca548bb65a7a01405f362c380f341de3902056d0e7738ab54112472c40503,16832,source,UNCHANGED,954ca548bb65a7a01405f362c380f341de3902056d0e7738ab54112472c40503,Publicly shipped file; exact byte identity inventoried.,True,"[""experiment_cli"",""reports_cli"",""package_validation_cli""]",Static AST imports only; module reachability is not function execution evidence.,"[""src/run_stage1c.py"",""tests/test_stage1c_controlled.py""]",[],[],STATIC_AST_AND_LITERAL_REFERENCE_INVENTORY,[],"[""tests/test_stage1c_controlled.py"",""tests/test_stage1c_r1_faults.py"",""tests/test_stage1c_r1_pipeline.py"",""tests/test_stage1c_runner.py""]",[],,Prior accepted public code identity when the public parent hash is shown; internal acceptance provenance is withheld.,STATICALLY_REACHABLE_INHERITED_REVIEW_LIMITED,"Only public dependency edges are displayed. Private paths, hashes, review annotations and internal evidence identities are withheld; aggregate executed checks appear separately."
src/stage1c_intervals.py,a9c971a54fdfa6e9730571c3723e6262ff45242586d040064fb74e4c61dd798b,11088,source,UNCHANGED,a9c971a54fdfa6e9730571c3723e6262ff45242586d040064fb74e4c61dd798b,Publicly shipped file; exact byte identity inventoried.,False,"[""experiment_cli"",""reports_cli"",""package_validation_cli""]",Static AST imports only; module reachability is not function execution evidence.,"[""src/run_stage1c.py"",""src/stage1c_output_contract.py"",""tests/test_stage1c_intervals.py"",""tests/test_stage1c_output_contract.py"",""tests/test_stage1c_runner.py""]","[""src/context_lp_r3.py"",""src/lp_model.py""]",[],TARGETED_SUBSTANTIVE_REVIEW,"[""Current exact-byte scoped substantive review documented; complete private review notes are withheld. This does not mean every function was newly audited.""]","[""tests/test_stage1c_intervals.py"",""tests/test_stage1c_output_contract.py"",""tests/test_stage1c_r1_faults.py"",""tests/test_stage1c_r1_pipeline.py"",""tests/test_stage1c_runner.py""]",[],,Prior accepted public code identity when the public parent hash is shown; internal acceptance provenance is withheld.,CURRENT_SCOPED_REVIEW_DOCUMENTED,"Only public dependency edges are displayed. Private paths, hashes, review annotations and internal evidence identities are withheld; aggregate executed checks appear separately."
src/stage1c_oracle.py,fc9e3386dd3ba64d8f75d683fc2715c973460d9c26af38927324ab8caeb74b7e,19584,source,UNCHANGED,fc9e3386dd3ba64d8f75d683fc2715c973460d9c26af38927324ab8caeb74b7e,Publicly shipped file; exact byte identity inventoried.,False,"[""experiment_cli"",""reports_cli"",""package_validation_cli""]",Static AST imports only; module reachability is not function execution evidence.,"[""src/run_stage1c.py"",""tests/test_stage1c_controlled.py""]",[],[],STATIC_AST_AND_LITERAL_REFERENCE_INVENTORY,[],"[""tests/test_stage1c_controlled.py"",""tests/test_stage1c_r1_faults.py"",""tests/test_stage1c_r1_pipeline.py"",""tests/test_stage1c_runner.py""]",[],,Prior accepted public code identity when the public parent hash is shown; internal acceptance provenance is withheld.,STATICALLY_REACHABLE_INHERITED_REVIEW_LIMITED,"Only public dependency edges are displayed. Private paths, hashes, review annotations and internal evidence identities are withheld; aggregate executed checks appear separately."
src/stage1c_output_contract.py,651f544ad251dc90c66ddb3efc8a7f10dce181fba44d4309b715f35dc3a8f655,41315,source,ADDED,,Publicly shipped file; exact byte identity inventoried.,False,"[""experiment_cli"",""reports_cli"",""package_validation_cli""]",Static AST imports only; module reachability is not function execution evidence.,"[""src/run_stage1c.py"",""tests/test_stage1c_output_contract.py"",""tests/test_stage1c_r1_faults.py""]","[""src/stage1c_baselines.py"",""src/stage1c_intervals.py""]",[],TARGETED_SUBSTANTIVE_REVIEW,"[""Current exact-byte scoped substantive review documented; complete private review notes are withheld. This does not mean every function was newly audited.""]","[""tests/test_stage1c_output_contract.py"",""tests/test_stage1c_r1_faults.py"",""tests/test_stage1c_r1_pipeline.py"",""tests/test_stage1c_runner.py""]",[],,Prior accepted public code identity when the public parent hash is shown; internal acceptance provenance is withheld.,CURRENT_SCOPED_REVIEW_DOCUMENTED,"Only public dependency edges are displayed. Private paths, hashes, review annotations and internal evidence identities are withheld; aggregate executed checks appear separately."
src/stage1c_real_replay.py,8e439fd204083487a5560e0426554aec230a6224b4388ba81c5951eb7c7d4b12,4973,source,UNCHANGED,8e439fd204083487a5560e0426554aec230a6224b4388ba81c5951eb7c7d4b12,Publicly shipped file; exact byte identity inventoried.,True,"[""final_real_replay_cli""]",Static AST imports only; module reachability is not function execution evidence.,"[""tests/test_stage1c_real_replay.py""]","[""src/context_ledger_r3.py"",""src/context_lp_r3.py"",""src/review_replay_r4.py"",""src/verify_weth_shared_wire_r4_r1.py"",""src/weth_trace_adapter_r4.py""]",[],TARGETED_SUBSTANTIVE_REVIEW,"[""Current exact-byte scoped substantive review documented; complete private review notes are withheld. This does not mean every function was newly audited.""]","[""tests/test_stage1c_real_replay.py""]",[],,Prior accepted public code identity when the public parent hash is shown; internal acceptance provenance is withheld.,CURRENT_SCOPED_REVIEW_DOCUMENTED,"Only public dependency edges are displayed. Private paths, hashes, review annotations and internal evidence identities are withheld; aggregate executed checks appear separately."
src/stage1c_reports.py,1ef3245bd8b23e4226c5859099e4b5fcd8e653ede4164040df8cca6fc5ee73da,36837,source,MODIFIED,cded6cfc5eceb1b9e8b252d5a7f8b5e82a6700ddd0228cd5b2bfc9cf1a739c2d,Publicly shipped file; exact byte identity inventoried.,True,"[""reports_cli""]",Static AST imports only; module reachability is not function execution evidence.,"[""tests/test_stage1c_r1_pipeline.py""]","[""src/stage1c_result_gate.py""]",[],TARGETED_SUBSTANTIVE_REVIEW,"[""Current exact-byte scoped substantive review documented; complete private review notes are withheld. This does not mean every function was newly audited.""]","[""tests/test_stage1c_r1_pipeline.py""]",[],,Prior accepted public code identity when the public parent hash is shown; internal acceptance provenance is withheld.,CURRENT_SCOPED_REVIEW_DOCUMENTED,"Only public dependency edges are displayed. Private paths, hashes, review annotations and internal evidence identities are withheld; aggregate executed checks appear separately."
src/stage1c_result_gate.py,0a04de4eb4274a43970b31c1628add87b738649665e20f61abb8af997cd66357,6905,source,ADDED,,Publicly shipped file; exact byte identity inventoried.,True,"[""reports_cli"",""package_validation_cli""]",Static AST imports only; module reachability is not function execution evidence.,"[""src/stage1c_reports.py"",""src/validate_stage1c.py"",""tests/test_stage1c_r1_pipeline.py""]","[""src/run_stage1c.py""]",[],TARGETED_SUBSTANTIVE_REVIEW,"[""Current exact-byte scoped substantive review documented; complete private review notes are withheld. This does not mean every function was newly audited.""]","[""tests/test_stage1c_r1_pipeline.py""]",[],,Prior accepted public code identity when the public parent hash is shown; internal acceptance provenance is withheld.,CURRENT_SCOPED_REVIEW_DOCUMENTED,"Only public dependency edges are displayed. Private paths, hashes, review annotations and internal evidence identities are withheld; aggregate executed checks appear separately."
src/stage1c_revision.py,90cd63a659be522278fae24cfc94ceb07b928d6e6536576a0e64b028340cf80a,6144,source,ADDED,,Publicly shipped file; exact byte identity inventoried.,False,"[""experiment_cli"",""reports_cli"",""package_validation_cli""]",Static AST imports only; module reachability is not function execution evidence.,"[""src/run_stage1c.py"",""tests/test_stage1c_r1_pipeline.py""]",[],"[""configs/STAGE1C_EFFECTIVE_POLICY.json"",""configs/STAGE1C_R1_EXECUTION_POLICY.json"",""src/run_stage1c.py"",""src/stage1c_reports.py"",""src/validate_stage1c.py""]",TARGETED_SUBSTANTIVE_REVIEW,"[""Current exact-byte scoped substantive review documented; complete private review notes are withheld. This does not mean every function was newly audited.""]","[""tests/test_stage1c_r1_faults.py"",""tests/test_stage1c_r1_pipeline.py"",""tests/test_stage1c_runner.py""]",[],,Prior accepted public code identity when the public parent hash is shown; internal acceptance provenance is withheld.,CURRENT_SCOPED_REVIEW_DOCUMENTED,"Only public dependency edges are displayed. Private paths, hashes, review annotations and internal evidence identities are withheld; aggregate executed checks appear separately."
src/validate_review_bundle_r1.py,a24587d916e3cc92206e07509887a2c63cf70a47d93837eddd25538970101621,38145,source,UNCHANGED,a24587d916e3cc92206e07509887a2c63cf70a47d93837eddd25538970101621,Publicly shipped file; exact byte identity inventoried.,True,"[""experiment_cli"",""reports_cli"",""package_validation_cli"",""final_real_replay_cli""]",Static AST imports only; module reachability is not function execution evidence.,"[""src/assemble_review_inputs_r3.py"",""src/review_replay_r2.py"",""src/review_replay_r3.py"",""src/review_replay_r4.py"",""src/run_stage1c.py"",""src/validate_review_bundle_r2.py"",""src/validate_review_bundle_r3.py"",""src/validate_review_bundle_r4.py"",""src/validate_review_bundle_r4_r1.py"",""src/validate_stage1c.py"",""src/validation_faults_r4.py"",""src/validation_faults_r4_r1.py"",""tests/test_validate_review_bundle_r1.py"",""tests/test_validation_status_r4.py""]","[""src/dune_batch_r1.py"",""src/validation_result_r4.py""]","[""src/cache_probe.py"",""src/dune_observed_replay.py"",""src/lp_run.py"",""src/reference_replay.py"",""src/run_tests.py"",""src/verify_fixed_graph_independent.py"",""src/weth_component.py""]",TARGETED_SUBSTANTIVE_REVIEW,"[""Current exact-byte scoped substantive review documented; complete private review notes are withheld. This does not mean every function was newly audited.""]","[""tests/test_revision_validation_r4_r1.py"",""tests/test_stage1c_r1_faults.py"",""tests/test_stage1c_r1_pipeline.py"",""tests/test_stage1c_real_replay.py"",""tests/test_stage1c_runner.py"",""tests/test_validate_review_bundle_r1.py"",""tests/test_validate_review_bundle_r2.py"",""tests/test_validate_review_bundle_r3.py"",""tests/test_validation_status_r4.py""]",[],,Prior accepted public code identity when the public parent hash is shown; internal acceptance provenance is withheld.,CURRENT_SCOPED_REVIEW_DOCUMENTED,"Only public dependency edges are displayed. Private paths, hashes, review annotations and internal evidence identities are withheld; aggregate executed checks appear separately."
src/validate_review_bundle_r2.py,1bd508b28958bdbbf8801a515b8bf1a1d6119858d295c1a03b6f762643e10d99,9474,source,UNCHANGED,1bd508b28958bdbbf8801a515b8bf1a1d6119858d295c1a03b6f762643e10d99,Publicly shipped file; exact byte identity inventoried.,True,[],Static AST imports only; module reachability is not function execution evidence.,"[""tests/test_validate_review_bundle_r2.py""]","[""src/package_review_r2.py"",""src/review_replay_r2.py"",""src/validate_review_bundle_r1.py""]","[""src/reference_delta_r2.py"",""src/replay_order_same_input_r2.py"",""src/review_replay_r2.py"",""src/verify_fixed_graph_independent.py""]",STATIC_AST_AND_LITERAL_REFERENCE_INVENTORY,[],"[""tests/test_validate_review_bundle_r2.py""]",[],,Prior accepted public code identity when the public parent hash is shown; internal acceptance provenance is withheld.,NOT_ON_STATIC_DEFAULT_IMPORT_PATH_RETAINED_HISTORICAL_SURFACE,"Only public dependency edges are displayed. Private paths, hashes, review annotations and internal evidence identities are withheld; aggregate executed checks appear separately."
src/validate_review_bundle_r3.py,b246c963eae5a9abdfeb7c2808f4b9c53d8b577ae7163bf0bc2fa1fe8e42305b,9630,source,UNCHANGED,b246c963eae5a9abdfeb7c2808f4b9c53d8b577ae7163bf0bc2fa1fe8e42305b,Publicly shipped file; exact byte identity inventoried.,True,[],Static AST imports only; module reachability is not function execution evidence.,"[""src/review_replay_r3.py"",""tests/test_validate_review_bundle_r3.py""]","[""src/package_review_r3.py"",""src/validate_review_bundle_r1.py""]","[""src/review_replay_r3.py""]",STATIC_AST_AND_LITERAL_REFERENCE_INVENTORY,[],"[""tests/test_validate_review_bundle_r3.py""]",[],,Prior accepted public code identity when the public parent hash is shown; internal acceptance provenance is withheld.,NOT_ON_STATIC_DEFAULT_IMPORT_PATH_RETAINED_HISTORICAL_SURFACE,"Only public dependency edges are displayed. Private paths, hashes, review annotations and internal evidence identities are withheld; aggregate executed checks appear separately."
src/validate_review_bundle_r4.py,2b9fe675ddb62e8ccf50b7c5324150b0a09d99dc201ee31e184547cde09c59b2,12833,source,UNCHANGED,2b9fe675ddb62e8ccf50b7c5324150b0a09d99dc201ee31e184547cde09c59b2,Publicly shipped file; exact byte identity inventoried.,True,"[""final_real_replay_cli""]",Static AST imports only; module reachability is not function execution evidence.,"[""src/review_replay_r4.py""]","[""src/package_review_r4.py"",""src/validate_review_bundle_r1.py""]","[""src/audit_context_contracts_r4.py"",""src/independent_amount_audit_r4.py"",""src/independent_evidence_audit_r4.py"",""src/review_replay_r4.py""]",STATIC_AST_AND_LITERAL_REFERENCE_INVENTORY,[],"[""tests/test_stage1c_real_replay.py""]",[],,Prior accepted public code identity when the public parent hash is shown; internal acceptance provenance is withheld.,STATICALLY_REACHABLE_INHERITED_REVIEW_LIMITED,"Only public dependency edges are displayed. Private paths, hashes, review annotations and internal evidence identities are withheld; aggregate executed checks appear separately."
src/validate_review_bundle_r4_r1.py,40af821fb9d8b4f6e230c66a506b778d69ef148e921345486c742738d0772d82,13701,source,UNCHANGED,40af821fb9d8b4f6e230c66a506b778d69ef148e921345486c742738d0772d82,Publicly shipped file; exact byte identity inventoried.,True,[],Static AST imports only; module reachability is not function execution evidence.,[],"[""src/package_review_r4_r1.py"",""src/validate_review_bundle_r1.py""]","[""src/audit_context_contracts_r4.py"",""src/independent_amount_audit_r4.py"",""src/independent_evidence_audit_r4.py"",""src/review_replay_r4.py"",""src/verify_weth_shared_wire_r4_r1.py""]",STATIC_AST_AND_LITERAL_REFERENCE_INVENTORY,[],[],[],,Prior accepted public code identity when the public parent hash is shown; internal acceptance provenance is withheld.,NOT_ON_STATIC_DEFAULT_IMPORT_PATH_RETAINED_HISTORICAL_SURFACE,"Only public dependency edges are displayed. Private paths, hashes, review annotations and internal evidence identities are withheld; aggregate executed checks appear separately."
src/validate_stage1c.py,fac1708431498e10250a2bb3cc15bba1059e62db7e876970219f3ae9ff7e2422,6594,source,MODIFIED,00c4e44ab1560f518a7dcaacc039c0c709e778527e1f0fb8e719083ac7506c72,Publicly shipped file; exact byte identity inventoried.,True,"[""package_validation_cli""]",Static AST imports only; module reachability is not function execution evidence.,[],"[""src/archive_safety.py"",""src/run_stage1c.py"",""src/stage1c_result_gate.py"",""src/validate_review_bundle_r1.py""]","[""src/run_stage1c.py"",""src/stage1c_real_replay.py"",""src/stage1c_result_gate.py""]",TARGETED_SUBSTANTIVE_REVIEW,"[""Current exact-byte scoped substantive review documented; complete private review notes are withheld. This does not mean every function was newly audited.""]",[],[],,Prior accepted public code identity when the public parent hash is shown; internal acceptance provenance is withheld.,CURRENT_SCOPED_REVIEW_DOCUMENTED,"Only public dependency edges are displayed. Private paths, hashes, review annotations and internal evidence identities are withheld; aggregate executed checks appear separately."
src/validation_faults_r4.py,189e37f717af225423a963a239f48b9800637b58c92410c96ada87a5fe9ba054,7368,source,UNCHANGED,189e37f717af225423a963a239f48b9800637b58c92410c96ada87a5fe9ba054,Publicly shipped file; exact byte identity inventoried.,True,[],Static AST imports only; module reachability is not function execution evidence.,"[""src/validation_faults_r4_r1.py"",""tests/test_validation_status_r4.py""]","[""src/package_review_r3.py"",""src/package_review_r4.py"",""src/validate_review_bundle_r1.py""]","[""src/audit_context_contracts_r4.py"",""src/independent_amount_audit_r4.py"",""src/independent_evidence_audit_r4.py"",""src/lp_run.py"",""src/run_tests.py""]",STATIC_AST_AND_LITERAL_REFERENCE_INVENTORY,[],"[""tests/test_revision_validation_r4_r1.py"",""tests/test_validation_status_r4.py""]",[],,Prior accepted public code identity when the public parent hash is shown; internal acceptance provenance is withheld.,NOT_ON_STATIC_DEFAULT_IMPORT_PATH_RETAINED_HISTORICAL_SURFACE,"Only public dependency edges are displayed. Private paths, hashes, review annotations and internal evidence identities are withheld; aggregate executed checks appear separately."
src/validation_faults_r4_r1.py,5c6e0265311de1e07fb12f38c4d2d2fb7a74c9e309bd74c3373aef7f7086de95,3951,source,UNCHANGED,5c6e0265311de1e07fb12f38c4d2d2fb7a74c9e309bd74c3373aef7f7086de95,Publicly shipped file; exact byte identity inventoried.,True,[],Static AST imports only; module reachability is not function execution evidence.,"[""tests/test_revision_validation_r4_r1.py""]","[""src/package_review_r4_r1.py"",""src/validate_review_bundle_r1.py"",""src/validation_faults_r4.py""]","[""src/run_tests.py"",""src/validate_review_bundle_r4_r1.py"",""src/verify_weth_shared_wire_r4_r1.py""]",STATIC_AST_AND_LITERAL_REFERENCE_INVENTORY,[],"[""tests/test_revision_validation_r4_r1.py""]",[],,Prior accepted public code identity when the public parent hash is shown; internal acceptance provenance is withheld.,NOT_ON_STATIC_DEFAULT_IMPORT_PATH_RETAINED_HISTORICAL_SURFACE,"Only public dependency edges are displayed. Private paths, hashes, review annotations and internal evidence identities are withheld; aggregate executed checks appear separately."
src/validation_result_r4.py,b3e2f1ae1e332fa912fdcf3e035ed3d88ab5b0af9f0449c27d33f9d8d633538a,3067,source,UNCHANGED,b3e2f1ae1e332fa912fdcf3e035ed3d88ab5b0af9f0449c27d33f9d8d633538a,Publicly shipped file; exact byte identity inventoried.,False,"[""experiment_cli"",""reports_cli"",""package_validation_cli"",""final_real_replay_cli""]",Static AST imports only; module reachability is not function execution evidence.,"[""src/validate_review_bundle_r1.py"",""tests/test_validation_status_r4.py""]",[],[],TARGETED_SUBSTANTIVE_REVIEW,"[""Current exact-byte scoped substantive review documented; complete private review notes are withheld. This does not mean every function was newly audited.""]","[""tests/test_revision_validation_r4_r1.py"",""tests/test_stage1c_r1_faults.py"",""tests/test_stage1c_r1_pipeline.py"",""tests/test_stage1c_real_replay.py"",""tests/test_stage1c_runner.py"",""tests/test_validate_review_bundle_r1.py"",""tests/test_validate_review_bundle_r2.py"",""tests/test_validate_review_bundle_r3.py"",""tests/test_validation_status_r4.py""]",[],,Prior accepted public code identity when the public parent hash is shown; internal acceptance provenance is withheld.,CURRENT_SCOPED_REVIEW_DOCUMENTED,"Only public dependency edges are displayed. Private paths, hashes, review annotations and internal evidence identities are withheld; aggregate executed checks appear separately."
src/verify_fixed_graph_independent.py,fc4f0caef372c8454d2b6ccd330b98a50cc0e75fd16e702c9dce9b679ae25ac0,12860,source,UNCHANGED,fc4f0caef372c8454d2b6ccd330b98a50cc0e75fd16e702c9dce9b679ae25ac0,Publicly shipped file; exact byte identity inventoried.,True,[],Static AST imports only; module reachability is not function execution evidence.,"[""src/review_replay_r2.py""]",[],[],STATIC_AST_AND_LITERAL_REFERENCE_INVENTORY,[],"[""tests/test_validate_review_bundle_r2.py""]",[],,Prior accepted public code identity when the public parent hash is shown; internal acceptance provenance is withheld.,NOT_ON_STATIC_DEFAULT_IMPORT_PATH_RETAINED_HISTORICAL_SURFACE,"Only public dependency edges are displayed. Private paths, hashes, review annotations and internal evidence identities are withheld; aggregate executed checks appear separately."
src/verify_weth_shared_wire_r4_r1.py,932479135103978b6dba776c1a7e3f095dce7a28d593e19bbe3c6dfd5cf340b2,16959,source,UNCHANGED,932479135103978b6dba776c1a7e3f095dce7a28d593e19bbe3c6dfd5cf340b2,Publicly shipped file; exact byte identity inventoried.,True,"[""final_real_replay_cli""]",Static AST imports only; module reachability is not function execution evidence.,"[""src/stage1c_real_replay.py"",""tests/test_weth_shared_wire_r4_r1.py""]",[],[],STATIC_AST_AND_LITERAL_REFERENCE_INVENTORY,[],"[""tests/test_stage1c_real_replay.py"",""tests/test_weth_shared_wire_r4_r1.py""]",[],,Prior accepted public code identity when the public parent hash is shown; internal acceptance provenance is withheld.,STATICALLY_REACHABLE_INHERITED_REVIEW_LIMITED,"Only public dependency edges are displayed. Private paths, hashes, review annotations and internal evidence identities are withheld; aggregate executed checks appear separately."
src/weth_component.py,ba8e6745be79c66fef9f4922ee0e8055b7f933f3a3099faf012dc876b87e2c55,14890,source,UNCHANGED,ba8e6745be79c66fef9f4922ee0e8055b7f933f3a3099faf012dc876b87e2c55,Publicly shipped file; exact byte identity inventoried.,True,"[""final_real_replay_cli""]",Static AST imports only; module reachability is not function execution evidence.,"[""src/weth_source_adapter_r3.py"",""src/weth_trace_adapter_r4.py"",""tests/test_weth.py"",""tests/test_weth_identity_r1.py"",""tests/test_weth_source_adapter_r3.py"",""tests/test_weth_trace_adapter_r4.py""]","[""src/weth_evidence.py""]",[],STATIC_AST_AND_LITERAL_REFERENCE_INVENTORY,[],"[""tests/test_rpc_context_r1.py"",""tests/test_stage1c_real_replay.py"",""tests/test_validate_review_bundle_r3.py"",""tests/test_weth.py"",""tests/test_weth_identity_r1.py"",""tests/test_weth_source_adapter_r3.py"",""tests/test_weth_trace_adapter_r4.py""]",[],,Prior accepted public code identity when the public parent hash is shown; internal acceptance provenance is withheld.,STATICALLY_REACHABLE_INHERITED_REVIEW_LIMITED,"Only public dependency edges are displayed. Private paths, hashes, review annotations and internal evidence identities are withheld; aggregate executed checks appear separately."
src/weth_evidence.py,2317afa276d48ebd176c37e2f1e778aec331015ab4f4b1a496e1a35b1f8d1ea0,23142,source,UNCHANGED,2317afa276d48ebd176c37e2f1e778aec331015ab4f4b1a496e1a35b1f8d1ea0,Publicly shipped file; exact byte identity inventoried.,False,"[""final_real_replay_cli""]",Static AST imports only; module reachability is not function execution evidence.,"[""src/weth_component.py"",""src/weth_source_adapter_r3.py"",""src/weth_trace_adapter_r4.py"",""tests/test_rpc_context_r1.py"",""tests/test_weth.py"",""tests/test_weth_identity_r1.py"",""tests/test_weth_source_adapter_r3.py"",""tests/test_weth_trace_adapter_r4.py""]","[""src/weth_source_adapter_r3.py"",""src/weth_trace_adapter_r4.py""]",[],STATIC_AST_AND_LITERAL_REFERENCE_INVENTORY,[],"[""tests/test_rpc_context_r1.py"",""tests/test_stage1c_real_replay.py"",""tests/test_validate_review_bundle_r3.py"",""tests/test_weth.py"",""tests/test_weth_identity_r1.py"",""tests/test_weth_source_adapter_r3.py"",""tests/test_weth_trace_adapter_r4.py""]",[],,Prior accepted public code identity when the public parent hash is shown; internal acceptance provenance is withheld.,STATICALLY_REACHABLE_INHERITED_REVIEW_LIMITED,"Only public dependency edges are displayed. Private paths, hashes, review annotations and internal evidence identities are withheld; aggregate executed checks appear separately."
src/weth_repair_replay.py,2e47e46bb6a6ab0a9e94959f4fe452b933c74dad6cb7381334b4eb14022c990b,2329,source,UNCHANGED,2e47e46bb6a6ab0a9e94959f4fe452b933c74dad6cb7381334b4eb14022c990b,Publicly shipped file; exact byte identity inventoried.,True,[],Static AST imports only; module reachability is not function execution evidence.,[],[],[],STATIC_AST_AND_LITERAL_REFERENCE_INVENTORY,[],[],[],,Prior accepted public code identity when the public parent hash is shown; internal acceptance provenance is withheld.,NOT_ON_STATIC_DEFAULT_IMPORT_PATH_RETAINED_HISTORICAL_SURFACE,"Only public dependency edges are displayed. Private paths, hashes, review annotations and internal evidence identities are withheld; aggregate executed checks appear separately."
src/weth_source_adapter_r3.py,339e4db1551ed6f929a20ac28d04628dfc527884d42170be976ad3985250ded4,19474,source,UNCHANGED,339e4db1551ed6f929a20ac28d04628dfc527884d42170be976ad3985250ded4,Publicly shipped file; exact byte identity inventoried.,True,"[""final_real_replay_cli""]",Static AST imports only; module reachability is not function execution evidence.,"[""src/review_replay_r3.py"",""src/weth_evidence.py"",""src/weth_trace_adapter_r4.py"",""tests/test_weth_source_adapter_r3.py""]","[""src/weth_component.py"",""src/weth_evidence.py""]",[],STATIC_AST_AND_LITERAL_REFERENCE_INVENTORY,[],"[""tests/test_rpc_context_r1.py"",""tests/test_stage1c_real_replay.py"",""tests/test_validate_review_bundle_r3.py"",""tests/test_weth.py"",""tests/test_weth_identity_r1.py"",""tests/test_weth_source_adapter_r3.py"",""tests/test_weth_trace_adapter_r4.py""]",[],,Prior accepted public code identity when the public parent hash is shown; internal acceptance provenance is withheld.,STATICALLY_REACHABLE_INHERITED_REVIEW_LIMITED,"Only public dependency edges are displayed. Private paths, hashes, review annotations and internal evidence identities are withheld; aggregate executed checks appear separately."
src/weth_trace_adapter_r4.py,1b5917c3dedb34fcee8686113db409f325103a0db357c8713e35306ff897dbe3,21740,source,UNCHANGED,1b5917c3dedb34fcee8686113db409f325103a0db357c8713e35306ff897dbe3,Publicly shipped file; exact byte identity inventoried.,True,"[""final_real_replay_cli""]",Static AST imports only; module reachability is not function execution evidence.,"[""src/review_replay_r4.py"",""src/stage1c_real_replay.py"",""src/weth_evidence.py"",""tests/test_weth_trace_adapter_r4.py""]","[""src/page_contract.py"",""src/weth_component.py"",""src/weth_evidence.py"",""src/weth_source_adapter_r3.py""]",[],STATIC_AST_AND_LITERAL_REFERENCE_INVENTORY,[],"[""tests/test_rpc_context_r1.py"",""tests/test_stage1c_real_replay.py"",""tests/test_validate_review_bundle_r3.py"",""tests/test_weth.py"",""tests/test_weth_identity_r1.py"",""tests/test_weth_source_adapter_r3.py"",""tests/test_weth_trace_adapter_r4.py""]",[],,Prior accepted public code identity when the public parent hash is shown; internal acceptance provenance is withheld.,STATICALLY_REACHABLE_INHERITED_REVIEW_LIMITED,"Only public dependency edges are displayed. Private paths, hashes, review annotations and internal evidence identities are withheld; aggregate executed checks appear separately."
tests/test_archive.py,8a51120d6d8a5ceb817d823f5a630b1e9b04526a0cd3107494163aaee681db60,1060,test,UNCHANGED,8a51120d6d8a5ceb817d823f5a630b1e9b04526a0cd3107494163aaee681db60,Publicly shipped file; exact byte identity inventoried.,True,[],Static AST imports only; module reachability is not function execution evidence.,[],"[""src/archive_safety.py""]",[],STATIC_AST_AND_LITERAL_REFERENCE_INVENTORY,[],"[""tests/test_archive.py""]",[],,Prior accepted public code identity when the public parent hash is shown; internal acceptance provenance is withheld.,NOT_ON_STATIC_DEFAULT_IMPORT_PATH_RETAINED_HISTORICAL_SURFACE,"Only public dependency edges are displayed. Private paths, hashes, review annotations and internal evidence identities are withheld; aggregate executed checks appear separately."
tests/test_budget.py,5292aff48a7a06ea2ad53e8c7da65663c8273d8d50a293baea61a392456af6e2,3706,test,UNCHANGED,5292aff48a7a06ea2ad53e8c7da65663c8273d8d50a293baea61a392456af6e2,Publicly shipped file; exact byte identity inventoried.,True,[],Static AST imports only; module reachability is not function execution evidence.,[],"[""src/budget.py""]",[],STATIC_AST_AND_LITERAL_REFERENCE_INVENTORY,[],"[""tests/test_budget.py""]",[],,Prior accepted public code identity when the public parent hash is shown; internal acceptance provenance is withheld.,NOT_ON_STATIC_DEFAULT_IMPORT_PATH_RETAINED_HISTORICAL_SURFACE,"Only public dependency edges are displayed. Private paths, hashes, review annotations and internal evidence identities are withheld; aggregate executed checks appear separately."
tests/test_budget_r1.py,8ac6ed0ff5b82132c42bb046c8780a3ffa42bb8a4f32c0f0eb0f39aad7da657d,7485,test,UNCHANGED,8ac6ed0ff5b82132c42bb046c8780a3ffa42bb8a4f32c0f0eb0f39aad7da657d,Publicly shipped file; exact byte identity inventoried.,True,[],Static AST imports only; module reachability is not function execution evidence.,"[""tests/test_dune_r1.py""]","[""src/budget.py"",""src/budget_r1.py""]",[],STATIC_AST_AND_LITERAL_REFERENCE_INVENTORY,[],"[""tests/test_budget_r1.py"",""tests/test_dune_r1.py""]",[],,Prior accepted public code identity when the public parent hash is shown; internal acceptance provenance is withheld.,NOT_ON_STATIC_DEFAULT_IMPORT_PATH_RETAINED_HISTORICAL_SURFACE,"Only public dependency edges are displayed. Private paths, hashes, review annotations and internal evidence identities are withheld; aggregate executed checks appear separately."
tests/test_budget_r2.py,1dac9a84e27e46551ef57dece257742b5e81189c741257e84f54241a6bc38fec,6330,test,UNCHANGED,1dac9a84e27e46551ef57dece257742b5e81189c741257e84f54241a6bc38fec,Publicly shipped file; exact byte identity inventoried.,True,[],Static AST imports only; module reachability is not function execution evidence.,"[""tests/test_dune_r2.py"",""tests/test_dune_r4.py""]","[""src/budget.py"",""src/budget_r2.py""]",[],STATIC_AST_AND_LITERAL_REFERENCE_INVENTORY,[],"[""tests/test_budget_r2.py"",""tests/test_dune_r2.py"",""tests/test_dune_r4.py"",""tests/test_legacy_guard_r4.py"",""tests/test_r4_retry_integration_review.py""]",[],,Prior accepted public code identity when the public parent hash is shown; internal acceptance provenance is withheld.,NOT_ON_STATIC_DEFAULT_IMPORT_PATH_RETAINED_HISTORICAL_SURFACE,"Only public dependency edges are displayed. Private paths, hashes, review annotations and internal evidence identities are withheld; aggregate executed checks appear separately."
tests/test_collector.py,ea324906dc69357b9c91277dc5b8126e39ff92d5fb55476a8b448dc2f8f37d53,12614,test,UNCHANGED,ea324906dc69357b9c91277dc5b8126e39ff92d5fb55476a8b448dc2f8f37d53,Publicly shipped file; exact byte identity inventoried.,True,[],Static AST imports only; module reachability is not function execution evidence.,[],"[""src/collector.py"",""src/provider_etherscan.py"",""src/provider_receipts.py""]",[],STATIC_AST_AND_LITERAL_REFERENCE_INVENTORY,[],"[""tests/test_collector.py""]",[],,Prior accepted public code identity when the public parent hash is shown; internal acceptance provenance is withheld.,NOT_ON_STATIC_DEFAULT_IMPORT_PATH_RETAINED_HISTORICAL_SURFACE,"Only public dependency edges are displayed. Private paths, hashes, review annotations and internal evidence identities are withheld; aggregate executed checks appear separately."
tests/test_context_access_r3.py,1ab562277305b48873b0b2bb1aefd1d7bbebc517072134405392f9d58e75f0c6,13668,test,UNCHANGED,1ab562277305b48873b0b2bb1aefd1d7bbebc517072134405392f9d58e75f0c6,Publicly shipped file; exact byte identity inventoried.,True,[],Static AST imports only; module reachability is not function execution evidence.,"[""tests/test_context_access_r4.py"",""tests/test_r4_retry_integration_review.py""]","[""src/budget_r2.py"",""src/context_access_r3.py"",""src/page_attempts.py""]","[""src/context_access_r3.py""]",STATIC_AST_AND_LITERAL_REFERENCE_INVENTORY,[],"[""tests/test_context_access_r3.py"",""tests/test_context_access_r4.py"",""tests/test_legacy_guard_r4.py"",""tests/test_r4_retry_integration_review.py""]",[],,Prior accepted public code identity when the public parent hash is shown; internal acceptance provenance is withheld.,NOT_ON_STATIC_DEFAULT_IMPORT_PATH_RETAINED_HISTORICAL_SURFACE,"Only public dependency edges are displayed. Private paths, hashes, review annotations and internal evidence identities are withheld; aggregate executed checks appear separately."
tests/test_context_access_r4.py,04520dfd38b1bcd738ae16c47c668fb56c8544e654541016d085b32383fc3b9e,9309,test,UNCHANGED,04520dfd38b1bcd738ae16c47c668fb56c8544e654541016d085b32383fc3b9e,Publicly shipped file; exact byte identity inventoried.,True,[],Static AST imports only; module reachability is not function execution evidence.,"[""tests/test_legacy_guard_r4.py"",""tests/test_r4_retry_integration_review.py""]","[""src/budget_r2.py"",""src/context_access_r3.py"",""src/context_access_r4.py"",""src/read_retry_r4.py"",""tests/test_context_access_r3.py""]",[],STATIC_AST_AND_LITERAL_REFERENCE_INVENTORY,[],"[""tests/test_context_access_r4.py"",""tests/test_legacy_guard_r4.py"",""tests/test_r4_retry_integration_review.py""]",[],,Prior accepted public code identity when the public parent hash is shown; internal acceptance provenance is withheld.,NOT_ON_STATIC_DEFAULT_IMPORT_PATH_RETAINED_HISTORICAL_SURFACE,"Only public dependency edges are displayed. Private paths, hashes, review annotations and internal evidence identities are withheld; aggregate executed checks appear separately."
tests/test_context_ledger_r3.py,e354e8b2c01cc03c33788a81c00cb331bc462218be6d8739ff683989fd541160,15902,test,UNCHANGED,e354e8b2c01cc03c33788a81c00cb331bc462218be6d8739ff683989fd541160,Publicly shipped file; exact byte identity inventoried.,True,[],Static AST imports only; module reachability is not function execution evidence.,"[""tests/test_context_repairs_r4.py""]","[""src/context_ledger_r3.py"",""src/context_lp_r3.py""]",[],STATIC_AST_AND_LITERAL_REFERENCE_INVENTORY,[],"[""tests/test_context_ledger_r3.py"",""tests/test_context_repairs_r4.py"",""tests/test_dune_r4.py"",""tests/test_legacy_guard_r4.py"",""tests/test_r4_retry_integration_review.py""]",[],,Prior accepted public code identity when the public parent hash is shown; internal acceptance provenance is withheld.,NOT_ON_STATIC_DEFAULT_IMPORT_PATH_RETAINED_HISTORICAL_SURFACE,"Only public dependency edges are displayed. Private paths, hashes, review annotations and internal evidence identities are withheld; aggregate executed checks appear separately."
tests/test_context_lp_r3.py,ebed39268d72fd995635fd13842612f6d85f461806956f0c47dbe22c06f97ce7,17989,test,UNCHANGED,ebed39268d72fd995635fd13842612f6d85f461806956f0c47dbe22c06f97ce7,Publicly shipped file; exact byte identity inventoried.,True,[],Static AST imports only; module reachability is not function execution evidence.,"[""tests/test_stage1c_r1_faults.py"",""tests/test_stage1c_real_replay.py"",""tests/test_validate_review_bundle_r3.py""]","[""src/context_lp_r3.py""]",[],STATIC_AST_AND_LITERAL_REFERENCE_INVENTORY,[],"[""tests/test_context_lp_r3.py"",""tests/test_stage1c_r1_faults.py"",""tests/test_stage1c_real_replay.py"",""tests/test_validate_review_bundle_r3.py""]",[],,Prior accepted public code identity when the public parent hash is shown; internal acceptance provenance is withheld.,NOT_ON_STATIC_DEFAULT_IMPORT_PATH_RETAINED_HISTORICAL_SURFACE,"Only public dependency edges are displayed. Private paths, hashes, review annotations and internal evidence identities are withheld; aggregate executed checks appear separately."
tests/test_context_queries_r3.py,5e2bfe817a08e1e82ecd64fd9d7370156aaebe5071d15149a27e970901eb103b,1364,test,UNCHANGED,5e2bfe817a08e1e82ecd64fd9d7370156aaebe5071d15149a27e970901eb103b,Publicly shipped file; exact byte identity inventoried.,False,[],Static AST imports only; module reachability is not function execution evidence.,[],"[""src/context_queries_r3.py""]",[],STATIC_AST_AND_LITERAL_REFERENCE_INVENTORY,[],"[""tests/test_context_queries_r3.py""]",[],,Prior accepted public code identity when the public parent hash is shown; internal acceptance provenance is withheld.,NOT_ON_STATIC_DEFAULT_IMPORT_PATH_RETAINED_HISTORICAL_SURFACE,"Only public dependency edges are displayed. Private paths, hashes, review annotations and internal evidence identities are withheld; aggregate executed checks appear separately."
tests/test_context_repairs_r4.py,6bf11a68990d71a22036bf1df3f976a4cb2e3d971b7595f976935ed2e41e8e56,14792,test,UNCHANGED,6bf11a68990d71a22036bf1df3f976a4cb2e3d971b7595f976935ed2e41e8e56,Publicly shipped file; exact byte identity inventoried.,True,[],Static AST imports only; module reachability is not function execution evidence.,"[""tests/test_dune_r4.py""]","[""src/context_ledger_r3.py"",""src/context_lp_r3.py"",""src/context_queries_r3.py"",""src/exact_fields_r4.py"",""tests/test_context_ledger_r3.py""]","[""src/context_queries_r3.py""]",STATIC_AST_AND_LITERAL_REFERENCE_INVENTORY,[],"[""tests/test_context_repairs_r4.py"",""tests/test_dune_r4.py"",""tests/test_legacy_guard_r4.py"",""tests/test_r4_retry_integration_review.py""]",[],,Prior accepted public code identity when the public parent hash is shown; internal acceptance provenance is withheld.,NOT_ON_STATIC_DEFAULT_IMPORT_PATH_RETAINED_HISTORICAL_SURFACE,"Only public dependency edges are displayed. Private paths, hashes, review annotations and internal evidence identities are withheld; aggregate executed checks appear separately."
tests/test_dune_batch_r1.py,44fa972bfedb06cd9af0beb403540979b6d4f47391c8d23146e14ed753e57d14,15138,test,UNCHANGED,44fa972bfedb06cd9af0beb403540979b6d4f47391c8d23146e14ed753e57d14,Publicly shipped file; exact byte identity inventoried.,True,[],Static AST imports only; module reachability is not function execution evidence.,[],"[""src/collector.py"",""src/dune_batch_r1.py"",""src/dune_observed_replay.py""]",[],STATIC_AST_AND_LITERAL_REFERENCE_INVENTORY,[],"[""tests/test_dune_batch_r1.py""]",[],,Prior accepted public code identity when the public parent hash is shown; internal acceptance provenance is withheld.,NOT_ON_STATIC_DEFAULT_IMPORT_PATH_RETAINED_HISTORICAL_SURFACE,"Only public dependency edges are displayed. Private paths, hashes, review annotations and internal evidence identities are withheld; aggregate executed checks appear separately."
tests/test_dune_cap_exception.py,cace183ee2213793f43b071b169e40ca817fee7b5159e27cbcb4fbcd1f589ea9,13064,test,UNCHANGED,cace183ee2213793f43b071b169e40ca817fee7b5159e27cbcb4fbcd1f589ea9,Publicly shipped file; exact byte identity inventoried.,True,[],Static AST imports only; module reachability is not function execution evidence.,"[""tests/test_dune_export_metadata.py""]","[""src/budget.py"",""src/budget_r1.py"",""src/dune_cap_exception.py"",""src/dune_live.py"",""src/dune_r1.py"",""src/page_attempts.py""]",[],STATIC_AST_AND_LITERAL_REFERENCE_INVENTORY,[],"[""tests/test_dune_cap_exception.py"",""tests/test_dune_export_metadata.py""]",[],,Prior accepted public code identity when the public parent hash is shown; internal acceptance provenance is withheld.,NOT_ON_STATIC_DEFAULT_IMPORT_PATH_RETAINED_HISTORICAL_SURFACE,"Only public dependency edges are displayed. Private paths, hashes, review annotations and internal evidence identities are withheld; aggregate executed checks appear separately."
tests/test_dune_export_metadata.py,235ab2d7ba802a305c5d3f66ca1bbaf79f0d647ac2605f86f0b9477ecaaea76e,8825,test,UNCHANGED,235ab2d7ba802a305c5d3f66ca1bbaf79f0d647ac2605f86f0b9477ecaaea76e,Publicly shipped file; exact byte identity inventoried.,True,[],Static AST imports only; module reachability is not function execution evidence.,[],"[""src/dune_cap_exception.py"",""src/dune_live.py"",""tests/test_dune_cap_exception.py""]",[],STATIC_AST_AND_LITERAL_REFERENCE_INVENTORY,[],"[""tests/test_dune_export_metadata.py""]",[],,Prior accepted public code identity when the public parent hash is shown; internal acceptance provenance is withheld.,NOT_ON_STATIC_DEFAULT_IMPORT_PATH_RETAINED_HISTORICAL_SURFACE,"Only public dependency edges are displayed. Private paths, hashes, review annotations and internal evidence identities are withheld; aggregate executed checks appear separately."
tests/test_dune_live.py,36aeb808cca5373e7e1f78b215df5093aa52c504b86c3679e8e091d0aaa832b0,7870,test,UNCHANGED,36aeb808cca5373e7e1f78b215df5093aa52c504b86c3679e8e091d0aaa832b0,Publicly shipped file; exact byte identity inventoried.,True,[],Static AST imports only; module reachability is not function execution evidence.,[],"[""src/dune_live.py""]",[],STATIC_AST_AND_LITERAL_REFERENCE_INVENTORY,[],"[""tests/test_dune_live.py""]",[],,Prior accepted public code identity when the public parent hash is shown; internal acceptance provenance is withheld.,NOT_ON_STATIC_DEFAULT_IMPORT_PATH_RETAINED_HISTORICAL_SURFACE,"Only public dependency edges are displayed. Private paths, hashes, review annotations and internal evidence identities are withheld; aggregate executed checks appear separately."
tests/test_dune_observed_replay.py,4a8e8f6ca78835595940d756e7d5b7d81f8e4c8bac9b88b7c8aa4aa6f94775bb,5596,test,UNCHANGED,4a8e8f6ca78835595940d756e7d5b7d81f8e4c8bac9b88b7c8aa4aa6f94775bb,Publicly shipped file; exact byte identity inventoried.,True,[],Static AST imports only; module reachability is not function execution evidence.,[],"[""src/collector.py"",""src/dune_observed_replay.py"",""src/provider_dune.py""]",[],STATIC_AST_AND_LITERAL_REFERENCE_INVENTORY,[],"[""tests/test_dune_observed_replay.py""]",[],,Prior accepted public code identity when the public parent hash is shown; internal acceptance provenance is withheld.,NOT_ON_STATIC_DEFAULT_IMPORT_PATH_RETAINED_HISTORICAL_SURFACE,"Only public dependency edges are displayed. Private paths, hashes, review annotations and internal evidence identities are withheld; aggregate executed checks appear separately."
tests/test_dune_r1.py,89794a14635f8a6038e4d084080cacdcd61b1af15fc339fd45d1a97acc3d6fab,3366,test,UNCHANGED,89794a14635f8a6038e4d084080cacdcd61b1af15fc339fd45d1a97acc3d6fab,Publicly shipped file; exact byte identity inventoried.,True,[],Static AST imports only; module reachability is not function execution evidence.,[],"[""src/dune_r1.py"",""src/page_attempts.py"",""tests/test_budget_r1.py""]",[],STATIC_AST_AND_LITERAL_REFERENCE_INVENTORY,[],"[""tests/test_dune_r1.py""]",[],,Prior accepted public code identity when the public parent hash is shown; internal acceptance provenance is withheld.,NOT_ON_STATIC_DEFAULT_IMPORT_PATH_RETAINED_HISTORICAL_SURFACE,"Only public dependency edges are displayed. Private paths, hashes, review annotations and internal evidence identities are withheld; aggregate executed checks appear separately."
tests/test_dune_r2.py,ab68401ca46462e71329bc72fe305b33cb0811dc1347ec30e05b85e50641eec0,7836,test,UNCHANGED,ab68401ca46462e71329bc72fe305b33cb0811dc1347ec30e05b85e50641eec0,Publicly shipped file; exact byte identity inventoried.,True,[],Static AST imports only; module reachability is not function execution evidence.,[],"[""src/dune_r2.py"",""src/page_attempts.py"",""tests/test_budget_r2.py""]",[],STATIC_AST_AND_LITERAL_REFERENCE_INVENTORY,[],"[""tests/test_dune_r2.py""]",[],,Prior accepted public code identity when the public parent hash is shown; internal acceptance provenance is withheld.,NOT_ON_STATIC_DEFAULT_IMPORT_PATH_RETAINED_HISTORICAL_SURFACE,"Only public dependency edges are displayed. Private paths, hashes, review annotations and internal evidence identities are withheld; aggregate executed checks appear separately."
tests/test_dune_r4.py,bd6a99429e2c0a790a55db78c66105fb4b1f7e7d5308c77f4472c4f17e6aebce,21247,test,UNCHANGED,bd6a99429e2c0a790a55db78c66105fb4b1f7e7d5308c77f4472c4f17e6aebce,Publicly shipped file; exact byte identity inventoried.,True,[],Static AST imports only; module reachability is not function execution evidence.,"[""tests/test_legacy_guard_r4.py"",""tests/test_r4_retry_integration_review.py""]","[""src/budget_r1.py"",""src/context_queries_r3.py"",""src/dune_r4.py"",""src/page_attempts.py"",""src/read_retry_r4.py"",""tests/test_budget_r2.py"",""tests/test_context_repairs_r4.py""]","[""src/context_access_r3.py""]",STATIC_AST_AND_LITERAL_REFERENCE_INVENTORY,[],"[""tests/test_dune_r4.py"",""tests/test_legacy_guard_r4.py"",""tests/test_r4_retry_integration_review.py""]",[],,Prior accepted public code identity when the public parent hash is shown; internal acceptance provenance is withheld.,NOT_ON_STATIC_DEFAULT_IMPORT_PATH_RETAINED_HISTORICAL_SURFACE,"Only public dependency edges are displayed. Private paths, hashes, review annotations and internal evidence identities are withheld; aggregate executed checks appear separately."
tests/test_event_order_r2.py,f9159dd3ae99da99c2d7ff206b1a54b9ea5ecb1bce9242aa8ee5813c95612a64,6782,test,UNCHANGED,f9159dd3ae99da99c2d7ff206b1a54b9ea5ecb1bce9242aa8ee5813c95612a64,Publicly shipped file; exact byte identity inventoried.,True,[],Static AST imports only; module reachability is not function execution evidence.,[],"[""src/cache_probe.py"",""src/collector.py"",""src/dune_observed_replay.py"",""src/event_order.py"",""src/lp_model.py""]",[],STATIC_AST_AND_LITERAL_REFERENCE_INVENTORY,[],"[""tests/test_event_order_r2.py""]",[],,Prior accepted public code identity when the public parent hash is shown; internal acceptance provenance is withheld.,NOT_ON_STATIC_DEFAULT_IMPORT_PATH_RETAINED_HISTORICAL_SURFACE,"Only public dependency edges are displayed. Private paths, hashes, review annotations and internal evidence identities are withheld; aggregate executed checks appear separately."
tests/test_frontier_labels_r1.py,5ab628a20a206e2ce19ab6328446ff272512d3597ef77f34e8ac3af17ad33bc8,17728,test,UNCHANGED,5ab628a20a206e2ce19ab6328446ff272512d3597ef77f34e8ac3af17ad33bc8,Publicly shipped file; exact byte identity inventoried.,True,[],Static AST imports only; module reachability is not function execution evidence.,[],"[""src/frontier_labels_r1.py"",""src/labels_policy.py"",""src/reference_core.py"",""src/reference_recompute.py""]",[],STATIC_AST_AND_LITERAL_REFERENCE_INVENTORY,[],"[""tests/test_frontier_labels_r1.py""]",[],,Prior accepted public code identity when the public parent hash is shown; internal acceptance provenance is withheld.,NOT_ON_STATIC_DEFAULT_IMPORT_PATH_RETAINED_HISTORICAL_SURFACE,"Only public dependency edges are displayed. Private paths, hashes, review annotations and internal evidence identities are withheld; aggregate executed checks appear separately."
tests/test_frontier_labels_r2.py,3c86f65e91391f284193cde2c1864d566020d59aae381de2a6170c5dbf199f9b,6021,test,UNCHANGED,3c86f65e91391f284193cde2c1864d566020d59aae381de2a6170c5dbf199f9b,Publicly shipped file; exact byte identity inventoried.,True,[],Static AST imports only; module reachability is not function execution evidence.,[],"[""src/frontier_labels_r2.py"",""src/reference_core.py"",""src/reference_recompute.py""]",[],STATIC_AST_AND_LITERAL_REFERENCE_INVENTORY,[],"[""tests/test_frontier_labels_r2.py""]",[],,Prior accepted public code identity when the public parent hash is shown; internal acceptance provenance is withheld.,NOT_ON_STATIC_DEFAULT_IMPORT_PATH_RETAINED_HISTORICAL_SURFACE,"Only public dependency edges are displayed. Private paths, hashes, review annotations and internal evidence identities are withheld; aggregate executed checks appear separately."
tests/test_labels.py,61502c3a6eef3716e7b4276a2523d63ab3a12ac0b6a8541b89cac45e517878bc,5333,test,UNCHANGED,61502c3a6eef3716e7b4276a2523d63ab3a12ac0b6a8541b89cac45e517878bc,Publicly shipped file; exact byte identity inventoried.,True,[],Static AST imports only; module reachability is not function execution evidence.,[],"[""src/label_queue.py"",""src/labels_policy.py"",""src/reference_core.py"",""src/reference_recompute.py""]",[],STATIC_AST_AND_LITERAL_REFERENCE_INVENTORY,[],"[""tests/test_labels.py""]",[],,Prior accepted public code identity when the public parent hash is shown; internal acceptance provenance is withheld.,NOT_ON_STATIC_DEFAULT_IMPORT_PATH_RETAINED_HISTORICAL_SURFACE,"Only public dependency edges are displayed. Private paths, hashes, review annotations and internal evidence identities are withheld; aggregate executed checks appear separately."
tests/test_labels_r4.py,cf872e14162264055bb12564a4b2261bba4678dcaeaeacd55b2a6fcd60eaa6a1,16155,test,UNCHANGED,cf872e14162264055bb12564a4b2261bba4678dcaeaeacd55b2a6fcd60eaa6a1,Publicly shipped file; exact byte identity inventoried.,True,[],Static AST imports only; module reachability is not function execution evidence.,[],"[""src/labels_history_r4.py"",""src/labels_import.py"",""src/labels_policy.py""]","[""src/labels_import.py""]",STATIC_AST_AND_LITERAL_REFERENCE_INVENTORY,[],"[""tests/test_labels_r4.py""]",[],,Prior accepted public code identity when the public parent hash is shown; internal acceptance provenance is withheld.,NOT_ON_STATIC_DEFAULT_IMPORT_PATH_RETAINED_HISTORICAL_SURFACE,"Only public dependency edges are displayed. Private paths, hashes, review annotations and internal evidence identities are withheld; aggregate executed checks appear separately."
tests/test_legacy_guard_r4.py,f07e35e4b3caf7fcbabe1a7b44ac4f9260a6113e9d81087cb189b4179ceb793a,8692,test,UNCHANGED,f07e35e4b3caf7fcbabe1a7b44ac4f9260a6113e9d81087cb189b4179ceb793a,Publicly shipped file; exact byte identity inventoried.,True,[],Static AST imports only; module reachability is not function execution evidence.,[],"[""src/budget.py"",""src/budget_r1.py"",""src/budget_r2.py"",""src/context_access_r3.py"",""src/dune_live.py"",""src/dune_r1.py"",""src/dune_r2.py"",""src/dune_r4.py"",""src/legacy_guard_r4.py"",""src/network.py"",""src/pilot_actions_r2.py"",""src/rpc_context_r1.py"",""tests/test_context_access_r4.py"",""tests/test_dune_r4.py""]","[""configs/STAGE1B_R3_PUBLIC_POLICY.json"",""configs/STAGE1B_R4_PUBLIC_POLICY.json"",""src/dune_live.py"",""src/dune_r1.py"",""src/dune_r2.py"",""src/network.py"",""src/pilot_actions_r2.py"",""src/rpc_context_r1.py""]",STATIC_AST_AND_LITERAL_REFERENCE_INVENTORY,[],"[""tests/test_legacy_guard_r4.py""]",[],,Prior accepted public code identity when the public parent hash is shown; internal acceptance provenance is withheld.,NOT_ON_STATIC_DEFAULT_IMPORT_PATH_RETAINED_HISTORICAL_SURFACE,"Only public dependency edges are displayed. Private paths, hashes, review annotations and internal evidence identities are withheld; aggregate executed checks appear separately."
tests/test_lp.py,c6238ad3c44a79332ef18497756fc1c8f0a7ddb21c534f059b2b64f2fdd88332,14425,test,UNCHANGED,c6238ad3c44a79332ef18497756fc1c8f0a7ddb21c534f059b2b64f2fdd88332,Publicly shipped file; exact byte identity inventoried.,True,[],Static AST imports only; module reachability is not function execution evidence.,[],"[""src/lp_model.py"",""src/lp_oracle.py"",""src/lp_run.py""]",[],STATIC_AST_AND_LITERAL_REFERENCE_INVENTORY,[],"[""tests/test_lp.py""]",[],,Prior accepted public code identity when the public parent hash is shown; internal acceptance provenance is withheld.,NOT_ON_STATIC_DEFAULT_IMPORT_PATH_RETAINED_HISTORICAL_SURFACE,"Only public dependency edges are displayed. Private paths, hashes, review annotations and internal evidence identities are withheld; aggregate executed checks appear separately."
tests/test_mixed_receipts_r4_r1.py,a59b3309ba5c0ea0e2b1472cf74135bfefd4e88bd14e6eb702c2738166857add,9386,test,UNCHANGED,a59b3309ba5c0ea0e2b1472cf74135bfefd4e88bd14e6eb702c2738166857add,Publicly shipped file; exact byte identity inventoried.,True,[],Static AST imports only; module reachability is not function execution evidence.,[],"[""src/provider_etherscan.py"",""src/provider_receipts.py""]",[],STATIC_AST_AND_LITERAL_REFERENCE_INVENTORY,[],"[""tests/test_mixed_receipts_r4_r1.py""]",[],,Prior accepted public code identity when the public parent hash is shown; internal acceptance provenance is withheld.,NOT_ON_STATIC_DEFAULT_IMPORT_PATH_RETAINED_HISTORICAL_SURFACE,"Only public dependency edges are displayed. Private paths, hashes, review annotations and internal evidence identities are withheld; aggregate executed checks appear separately."
tests/test_package_review_r2.py,1ca59979b14391c2dfe460ad2e46092b8ccb56abcfc612c1a7f4940c54cd439a,9547,test,UNCHANGED,1ca59979b14391c2dfe460ad2e46092b8ccb56abcfc612c1a7f4940c54cd439a,Publicly shipped file; exact byte identity inventoried.,True,[],Static AST imports only; module reachability is not function execution evidence.,[],"[""src/package_review_r2.py""]",[],STATIC_AST_AND_LITERAL_REFERENCE_INVENTORY,[],"[""tests/test_package_review_r2.py""]",[],,Prior accepted public code identity when the public parent hash is shown; internal acceptance provenance is withheld.,NOT_ON_STATIC_DEFAULT_IMPORT_PATH_RETAINED_HISTORICAL_SURFACE,"Only public dependency edges are displayed. Private paths, hashes, review annotations and internal evidence identities are withheld; aggregate executed checks appear separately."
tests/test_package_review_r3.py,86cbdd51dc204fe9667962a1b0732b67ff93f5db01e8bb7fcea48f953dd8f27f,1957,test,UNCHANGED,86cbdd51dc204fe9667962a1b0732b67ff93f5db01e8bb7fcea48f953dd8f27f,Publicly shipped file; exact byte identity inventoried.,False,[],Static AST imports only; module reachability is not function execution evidence.,[],"[""src/package_review_r3.py""]",[],STATIC_AST_AND_LITERAL_REFERENCE_INVENTORY,[],"[""tests/test_package_review_r3.py""]",[],,Prior accepted public code identity when the public parent hash is shown; internal acceptance provenance is withheld.,NOT_ON_STATIC_DEFAULT_IMPORT_PATH_RETAINED_HISTORICAL_SURFACE,"Only public dependency edges are displayed. Private paths, hashes, review annotations and internal evidence identities are withheld; aggregate executed checks appear separately."
tests/test_page_recovery.py,7c73bdb52f842ad70bbf165017f4c63c67f446f9fc4d63e44419d91592f743a0,20117,test,UNCHANGED,7c73bdb52f842ad70bbf165017f4c63c67f446f9fc4d63e44419d91592f743a0,Publicly shipped file; exact byte identity inventoried.,True,[],Static AST imports only; module reachability is not function execution evidence.,[],"[""src/collector.py"",""src/dune_live.py"",""src/page_attempts.py"",""src/page_contract.py"",""src/provider_dune.py""]",[],STATIC_AST_AND_LITERAL_REFERENCE_INVENTORY,[],"[""tests/test_page_recovery.py""]",[],,Prior accepted public code identity when the public parent hash is shown; internal acceptance provenance is withheld.,NOT_ON_STATIC_DEFAULT_IMPORT_PATH_RETAINED_HISTORICAL_SURFACE,"Only public dependency edges are displayed. Private paths, hashes, review annotations and internal evidence identities are withheld; aggregate executed checks appear separately."
tests/test_physical_facts.py,875908bc9c3f0f6f2ebff71239f4bd4c72e3444a7678003c223706d770bead81,12353,test,UNCHANGED,875908bc9c3f0f6f2ebff71239f4bd4c72e3444a7678003c223706d770bead81,Publicly shipped file; exact byte identity inventoried.,True,[],Static AST imports only; module reachability is not function execution evidence.,[],"[""src/cache_probe.py"",""src/collector.py"",""src/dune_observed_replay.py"",""src/lp_model.py"",""src/lp_run.py"",""src/physical_facts.py"",""src/provider_dune.py""]",[],STATIC_AST_AND_LITERAL_REFERENCE_INVENTORY,[],"[""tests/test_physical_facts.py""]",[],,Prior accepted public code identity when the public parent hash is shown; internal acceptance provenance is withheld.,NOT_ON_STATIC_DEFAULT_IMPORT_PATH_RETAINED_HISTORICAL_SURFACE,"Only public dependency edges are displayed. Private paths, hashes, review annotations and internal evidence identities are withheld; aggregate executed checks appear separately."
tests/test_pilot_metrics_r2.py,72a92a836b94f1174909d57e9cd04dc9dd5cb9dbfb326773b2b61bb6957adf08,2466,test,UNCHANGED,72a92a836b94f1174909d57e9cd04dc9dd5cb9dbfb326773b2b61bb6957adf08,Publicly shipped file; exact byte identity inventoried.,True,[],Static AST imports only; module reachability is not function execution evidence.,[],"[""src/pilot_metrics_r2.py""]",[],STATIC_AST_AND_LITERAL_REFERENCE_INVENTORY,[],"[""tests/test_pilot_metrics_r2.py""]",[],,Prior accepted public code identity when the public parent hash is shown; internal acceptance provenance is withheld.,NOT_ON_STATIC_DEFAULT_IMPORT_PATH_RETAINED_HISTORICAL_SURFACE,"Only public dependency edges are displayed. Private paths, hashes, review annotations and internal evidence identities are withheld; aggregate executed checks appear separately."
tests/test_provider_contracts_r4.py,dcc9c664a08fc26c244b262940a8ddf15b7437b9ad0df44c3e19dac68eb97db3,12545,test,UNCHANGED,dcc9c664a08fc26c244b262940a8ddf15b7437b9ad0df44c3e19dac68eb97db3,Publicly shipped file; exact byte identity inventoried.,True,[],Static AST imports only; module reachability is not function execution evidence.,[],"[""src/collector.py"",""src/provider_etherscan.py"",""src/provider_receipts.py"",""src/read_retry_r4.py""]",[],STATIC_AST_AND_LITERAL_REFERENCE_INVENTORY,[],"[""tests/test_provider_contracts_r4.py""]",[],,Prior accepted public code identity when the public parent hash is shown; internal acceptance provenance is withheld.,NOT_ON_STATIC_DEFAULT_IMPORT_PATH_RETAINED_HISTORICAL_SURFACE,"Only public dependency edges are displayed. Private paths, hashes, review annotations and internal evidence identities are withheld; aggregate executed checks appear separately."
tests/test_provider_dune.py,7a487f51194bf0d1062aac96d5fb05af01b674f9972ba8233f9bbf139a7972ee,5131,test,UNCHANGED,7a487f51194bf0d1062aac96d5fb05af01b674f9972ba8233f9bbf139a7972ee,Publicly shipped file; exact byte identity inventoried.,True,[],Static AST imports only; module reachability is not function execution evidence.,[],"[""src/collector.py"",""src/provider_dune.py""]",[],STATIC_AST_AND_LITERAL_REFERENCE_INVENTORY,[],"[""tests/test_provider_dune.py""]",[],,Prior accepted public code identity when the public parent hash is shown; internal acceptance provenance is withheld.,NOT_ON_STATIC_DEFAULT_IMPORT_PATH_RETAINED_HISTORICAL_SURFACE,"Only public dependency edges are displayed. Private paths, hashes, review annotations and internal evidence identities are withheld; aggregate executed checks appear separately."
tests/test_publication_export.py,41becdd4cd2022174f13e1c0898f1c8a158a788a361d3961ae94ea241b624ca2,3006,test,UNCHANGED,41becdd4cd2022174f13e1c0898f1c8a158a788a361d3961ae94ea241b624ca2,Publicly shipped file; exact byte identity inventoried.,True,[],Static AST imports only; module reachability is not function execution evidence.,[],"[""src/publication_export.py""]","[""configs/DUNE_ADAPTER_SCHEMA.md""]",STATIC_AST_AND_LITERAL_REFERENCE_INVENTORY,[],"[""tests/test_publication_export.py""]",[],,Prior accepted public code identity when the public parent hash is shown; internal acceptance provenance is withheld.,NOT_ON_STATIC_DEFAULT_IMPORT_PATH_RETAINED_HISTORICAL_SURFACE,"Only public dependency edges are displayed. Private paths, hashes, review annotations and internal evidence identities are withheld; aggregate executed checks appear separately."
tests/test_r4_retry_integration_review.py,aba04b40cf58f73c934956db4b703cf8d08b3af6687cd6686e99a00d56057f12,8508,test,UNCHANGED,aba04b40cf58f73c934956db4b703cf8d08b3af6687cd6686e99a00d56057f12,Publicly shipped file; exact byte identity inventoried.,True,[],Static AST imports only; module reachability is not function execution evidence.,[],"[""src/budget_r2.py"",""src/context_access_r3.py"",""src/context_access_r4.py"",""src/dune_r4.py"",""src/page_attempts.py"",""src/read_retry_r4.py"",""tests/test_context_access_r3.py"",""tests/test_context_access_r4.py"",""tests/test_dune_r4.py""]",[],STATIC_AST_AND_LITERAL_REFERENCE_INVENTORY,[],"[""tests/test_r4_retry_integration_review.py""]",[],,Prior accepted public code identity when the public parent hash is shown; internal acceptance provenance is withheld.,NOT_ON_STATIC_DEFAULT_IMPORT_PATH_RETAINED_HISTORICAL_SURFACE,"Only public dependency edges are displayed. Private paths, hashes, review annotations and internal evidence identities are withheld; aggregate executed checks appear separately."
tests/test_read_retry_r4.py,6b8f7371249a6034a212c7aab2da6cecf6ca29bd47350a63b228d79ba6f711b5,11312,test,UNCHANGED,6b8f7371249a6034a212c7aab2da6cecf6ca29bd47350a63b228d79ba6f711b5,Publicly shipped file; exact byte identity inventoried.,True,[],Static AST imports only; module reachability is not function execution evidence.,[],"[""src/read_retry_r4.py""]",[],STATIC_AST_AND_LITERAL_REFERENCE_INVENTORY,[],"[""tests/test_read_retry_r4.py""]",[],,Prior accepted public code identity when the public parent hash is shown; internal acceptance provenance is withheld.,NOT_ON_STATIC_DEFAULT_IMPORT_PATH_RETAINED_HISTORICAL_SURFACE,"Only public dependency edges are displayed. Private paths, hashes, review annotations and internal evidence identities are withheld; aggregate executed checks appear separately."
tests/test_reference_delta_r2.py,11b51e7ed1a5ce109911a3082bfd7c8097826ced9ad922be9dd5e5aa7a376707,1936,test,UNCHANGED,11b51e7ed1a5ce109911a3082bfd7c8097826ced9ad922be9dd5e5aa7a376707,Publicly shipped file; exact byte identity inventoried.,True,[],Static AST imports only; module reachability is not function execution evidence.,[],"[""src/reference_delta_r2.py""]",[],STATIC_AST_AND_LITERAL_REFERENCE_INVENTORY,[],"[""tests/test_reference_delta_r2.py""]",[],,Prior accepted public code identity when the public parent hash is shown; internal acceptance provenance is withheld.,NOT_ON_STATIC_DEFAULT_IMPORT_PATH_RETAINED_HISTORICAL_SURFACE,"Only public dependency edges are displayed. Private paths, hashes, review annotations and internal evidence identities are withheld; aggregate executed checks appear separately."
tests/test_revision_validation_r4_r1.py,9c06cb9de79209fc72c92ad9c291cf23afe6a457e49e8c3b2701bb253f77ca18,763,test,UNCHANGED,9c06cb9de79209fc72c92ad9c291cf23afe6a457e49e8c3b2701bb253f77ca18,Publicly shipped file; exact byte identity inventoried.,True,[],Static AST imports only; module reachability is not function execution evidence.,[],"[""src/validation_faults_r4_r1.py""]",[],STATIC_AST_AND_LITERAL_REFERENCE_INVENTORY,[],"[""tests/test_revision_validation_r4_r1.py""]",[],,Prior accepted public code identity when the public parent hash is shown; internal acceptance provenance is withheld.,NOT_ON_STATIC_DEFAULT_IMPORT_PATH_RETAINED_HISTORICAL_SURFACE,"Only public dependency edges are displayed. Private paths, hashes, review annotations and internal evidence identities are withheld; aggregate executed checks appear separately."
tests/test_rpc_context_r1.py,356855527b650b88f014f828edd1c5868877ef1e7cc6caecbaf5da64591e7a00,11359,test,UNCHANGED,356855527b650b88f014f828edd1c5868877ef1e7cc6caecbaf5da64591e7a00,Publicly shipped file; exact byte identity inventoried.,True,[],Static AST imports only; module reachability is not function execution evidence.,[],"[""src/budget.py"",""src/budget_r1.py"",""src/rpc_context_r1.py"",""src/weth_evidence.py""]",[],STATIC_AST_AND_LITERAL_REFERENCE_INVENTORY,[],"[""tests/test_rpc_context_r1.py""]",[],,Prior accepted public code identity when the public parent hash is shown; internal acceptance provenance is withheld.,NOT_ON_STATIC_DEFAULT_IMPORT_PATH_RETAINED_HISTORICAL_SURFACE,"Only public dependency edges are displayed. Private paths, hashes, review annotations and internal evidence identities are withheld; aggregate executed checks appear separately."
tests/test_stage1c_baselines.py,c829902d2e87d7f55de83a8b1ffd988dac9fc8c09205acf4d5a3fcd39476dd09,15219,test,UNCHANGED,c829902d2e87d7f55de83a8b1ffd988dac9fc8c09205acf4d5a3fcd39476dd09,Publicly shipped file; exact byte identity inventoried.,True,[],Static AST imports only; module reachability is not function execution evidence.,[],"[""src/context_lp_r3.py"",""src/lp_model.py"",""src/stage1c_baselines.py""]",[],STATIC_AST_AND_LITERAL_REFERENCE_INVENTORY,[],"[""tests/test_stage1c_baselines.py""]",[],,Prior accepted public code identity when the public parent hash is shown; internal acceptance provenance is withheld.,NOT_ON_STATIC_DEFAULT_IMPORT_PATH_RETAINED_HISTORICAL_SURFACE,"Only public dependency edges are displayed. Private paths, hashes, review annotations and internal evidence identities are withheld; aggregate executed checks appear separately."
tests/test_stage1c_catalog.py,4c9d8d8df7d5c2c98c4e36cfeffd7b9b02e3641dffd83457b43ef7fdc23eb764,2694,test,UNCHANGED,4c9d8d8df7d5c2c98c4e36cfeffd7b9b02e3641dffd83457b43ef7fdc23eb764,Publicly shipped file; exact byte identity inventoried.,True,[],Static AST imports only; module reachability is not function execution evidence.,[],"[""src/stage1c_catalog.py""]",[],STATIC_AST_AND_LITERAL_REFERENCE_INVENTORY,[],"[""tests/test_stage1c_catalog.py""]",[],,Prior accepted public code identity when the public parent hash is shown; internal acceptance provenance is withheld.,NOT_ON_STATIC_DEFAULT_IMPORT_PATH_RETAINED_HISTORICAL_SURFACE,"Only public dependency edges are displayed. Private paths, hashes, review annotations and internal evidence identities are withheld; aggregate executed checks appear separately."
tests/test_stage1c_controlled.py,527d29968dcea60cda5e227f9a7f68e53cadadb7737a1915d8d2891b0099caac,7829,test,UNCHANGED,527d29968dcea60cda5e227f9a7f68e53cadadb7737a1915d8d2891b0099caac,Publicly shipped file; exact byte identity inventoried.,True,[],Static AST imports only; module reachability is not function execution evidence.,[],"[""src/lp_model.py"",""src/stage1c_controlled.py"",""src/stage1c_oracle.py""]",[],STATIC_AST_AND_LITERAL_REFERENCE_INVENTORY,[],"[""tests/test_stage1c_controlled.py""]",[],,Prior accepted public code identity when the public parent hash is shown; internal acceptance provenance is withheld.,NOT_ON_STATIC_DEFAULT_IMPORT_PATH_RETAINED_HISTORICAL_SURFACE,"Only public dependency edges are displayed. Private paths, hashes, review annotations and internal evidence identities are withheld; aggregate executed checks appear separately."
tests/test_stage1c_intervals.py,86d492c0e13eb1c905de13d6c06f3a3e190242d568203a582bcf5a93e70e1cd1,4300,test,UNCHANGED,86d492c0e13eb1c905de13d6c06f3a3e190242d568203a582bcf5a93e70e1cd1,Publicly shipped file; exact byte identity inventoried.,False,[],Static AST imports only; module reachability is not function execution evidence.,[],"[""src/stage1c_intervals.py""]",[],STATIC_AST_AND_LITERAL_REFERENCE_INVENTORY,[],"[""tests/test_stage1c_intervals.py""]",[],,Prior accepted public code identity when the public parent hash is shown; internal acceptance provenance is withheld.,NOT_ON_STATIC_DEFAULT_IMPORT_PATH_RETAINED_HISTORICAL_SURFACE,"Only public dependency edges are displayed. Private paths, hashes, review annotations and internal evidence identities are withheld; aggregate executed checks appear separately."
tests/test_stage1c_output_contract.py,641147ae716c70dcf00547985347b0567946bc77ba47f1052f396dffff6e659b,20198,test,ADDED,,Publicly shipped file; exact byte identity inventoried.,True,[],Static AST imports only; module reachability is not function execution evidence.,[],"[""src/stage1c_baselines.py"",""src/stage1c_intervals.py"",""src/stage1c_output_contract.py""]",[],TARGETED_SUBSTANTIVE_REVIEW,"[""Current exact-byte scoped substantive review documented; complete private review notes are withheld. This does not mean every function was newly audited.""]","[""tests/test_stage1c_output_contract.py""]",[],,Prior accepted public code identity when the public parent hash is shown; internal acceptance provenance is withheld.,CURRENT_SCOPED_REVIEW_DOCUMENTED,"Only public dependency edges are displayed. Private paths, hashes, review annotations and internal evidence identities are withheld; aggregate executed checks appear separately."
tests/test_stage1c_r1_faults.py,b7a84fe66e291140873e8b07176095681342488d7448dc638fdd80285ac28d8e,18870,test,ADDED,,Publicly shipped file; exact byte identity inventoried.,True,[],Static AST imports only; module reachability is not function execution evidence.,[],"[""src/run_stage1c.py"",""src/stage1c_output_contract.py"",""tests/test_context_lp_r3.py""]","[""src/run_stage1c.py""]",TARGETED_SUBSTANTIVE_REVIEW,"[""Current exact-byte scoped substantive review documented; complete private review notes are withheld. This does not mean every function was newly audited.""]","[""tests/test_stage1c_r1_faults.py""]",[],,Prior accepted public code identity when the public parent hash is shown; internal acceptance provenance is withheld.,CURRENT_SCOPED_REVIEW_DOCUMENTED,"Only public dependency edges are displayed. Private paths, hashes, review annotations and internal evidence identities are withheld; aggregate executed checks appear separately."
tests/test_stage1c_r1_pipeline.py,d1fe7292a8b88589c521623652ed1fcfaa3d8cccf4d530bcd270610fb1424902,10319,test,ADDED,,Publicly shipped file; exact byte identity inventoried.,True,[],Static AST imports only; module reachability is not function execution evidence.,[],"[""src/run_stage1c.py"",""src/stage1c_reports.py"",""src/stage1c_result_gate.py"",""src/stage1c_revision.py"",""tests/test_stage1c_runner.py""]","[""configs/STAGE1C_EFFECTIVE_POLICY.json"",""configs/STAGE1C_R1_EXECUTION_POLICY.json"",""src/stage1c_baselines.py""]",TARGETED_SUBSTANTIVE_REVIEW,"[""Current exact-byte scoped substantive review documented; complete private review notes are withheld. This does not mean every function was newly audited.""]","[""tests/test_stage1c_r1_pipeline.py""]",[],,Prior accepted public code identity when the public parent hash is shown; internal acceptance provenance is withheld.,CURRENT_SCOPED_REVIEW_DOCUMENTED,"Only public dependency edges are displayed. Private paths, hashes, review annotations and internal evidence identities are withheld; aggregate executed checks appear separately."
tests/test_stage1c_real_replay.py,8beb72667198ad72ce62e936e3257d8ffae279db04b5aaddeebdd854c0c28dc9,2676,test,UNCHANGED,8beb72667198ad72ce62e936e3257d8ffae279db04b5aaddeebdd854c0c28dc9,Publicly shipped file; exact byte identity inventoried.,True,[],Static AST imports only; module reachability is not function execution evidence.,[],"[""src/context_lp_r3.py"",""src/stage1c_real_replay.py"",""tests/test_context_lp_r3.py""]","[""src/stage1c_real_replay.py""]",STATIC_AST_AND_LITERAL_REFERENCE_INVENTORY,[],"[""tests/test_stage1c_real_replay.py""]",[],,Prior accepted public code identity when the public parent hash is shown; internal acceptance provenance is withheld.,NOT_ON_STATIC_DEFAULT_IMPORT_PATH_RETAINED_HISTORICAL_SURFACE,"Only public dependency edges are displayed. Private paths, hashes, review annotations and internal evidence identities are withheld; aggregate executed checks appear separately."
tests/test_stage1c_runner.py,ed3fca4d67ccce157ad9628343b7817951dd40ad00ba70b5dacb0cdac7e2462b,15008,test,UNCHANGED,ed3fca4d67ccce157ad9628343b7817951dd40ad00ba70b5dacb0cdac7e2462b,Publicly shipped file; exact byte identity inventoried.,True,[],Static AST imports only; module reachability is not function execution evidence.,"[""tests/test_stage1c_r1_pipeline.py""]","[""src/run_stage1c.py"",""src/stage1c_intervals.py""]","[""src/run_stage1c.py""]",STATIC_AST_AND_LITERAL_REFERENCE_INVENTORY,[],"[""tests/test_stage1c_r1_pipeline.py"",""tests/test_stage1c_runner.py""]",[],,Prior accepted public code identity when the public parent hash is shown; internal acceptance provenance is withheld.,NOT_ON_STATIC_DEFAULT_IMPORT_PATH_RETAINED_HISTORICAL_SURFACE,"Only public dependency edges are displayed. Private paths, hashes, review annotations and internal evidence identities are withheld; aggregate executed checks appear separately."
tests/test_validate_review_bundle_r1.py,d079bbb702047563c2fe9037c332dcd13fb15b3a5f0896b1a8f146b6b92785f2,27583,test,UNCHANGED,d079bbb702047563c2fe9037c332dcd13fb15b3a5f0896b1a8f146b6b92785f2,Publicly shipped file; exact byte identity inventoried.,True,[],Static AST imports only; module reachability is not function execution evidence.,[],"[""src/dune_batch_r1.py"",""src/validate_review_bundle_r1.py""]","[""src/lp_run.py"",""src/run_tests.py"",""src/validate_review_bundle_r1.py""]",STATIC_AST_AND_LITERAL_REFERENCE_INVENTORY,[],"[""tests/test_validate_review_bundle_r1.py""]",[],,Prior accepted public code identity when the public parent hash is shown; internal acceptance provenance is withheld.,NOT_ON_STATIC_DEFAULT_IMPORT_PATH_RETAINED_HISTORICAL_SURFACE,"Only public dependency edges are displayed. Private paths, hashes, review annotations and internal evidence identities are withheld; aggregate executed checks appear separately."
tests/test_validate_review_bundle_r2.py,6d5a08afb4ec51327f428c160866b8f52a3475a17cb335c24a9ce2dcfbbdce55,7124,test,UNCHANGED,6d5a08afb4ec51327f428c160866b8f52a3475a17cb335c24a9ce2dcfbbdce55,Publicly shipped file; exact byte identity inventoried.,True,[],Static AST imports only; module reachability is not function execution evidence.,[],"[""src/package_review_r2.py"",""src/review_replay_r2.py"",""src/validate_review_bundle_r2.py""]","[""src/lp_run.py"",""src/run_tests.py""]",STATIC_AST_AND_LITERAL_REFERENCE_INVENTORY,[],"[""tests/test_validate_review_bundle_r2.py""]",[],,Prior accepted public code identity when the public parent hash is shown; internal acceptance provenance is withheld.,NOT_ON_STATIC_DEFAULT_IMPORT_PATH_RETAINED_HISTORICAL_SURFACE,"Only public dependency edges are displayed. Private paths, hashes, review annotations and internal evidence identities are withheld; aggregate executed checks appear separately."
tests/test_validate_review_bundle_r3.py,a3eacbb9a4fbe32ebc60888b7a36b521243175091468e5cac0db0d14d7a8a1d0,10344,test,UNCHANGED,a3eacbb9a4fbe32ebc60888b7a36b521243175091468e5cac0db0d14d7a8a1d0,Publicly shipped file; exact byte identity inventoried.,True,[],Static AST imports only; module reachability is not function execution evidence.,[],"[""src/context_lp_r3.py"",""src/package_review_r3.py"",""src/review_replay_r3.py"",""src/validate_review_bundle_r3.py"",""tests/test_context_lp_r3.py""]","[""configs/PUBLIC_VALIDATION_R3.json"",""src/lp_run.py"",""src/run_tests.py""]",STATIC_AST_AND_LITERAL_REFERENCE_INVENTORY,[],"[""tests/test_validate_review_bundle_r3.py""]",[],,Prior accepted public code identity when the public parent hash is shown; internal acceptance provenance is withheld.,NOT_ON_STATIC_DEFAULT_IMPORT_PATH_RETAINED_HISTORICAL_SURFACE,"Only public dependency edges are displayed. Private paths, hashes, review annotations and internal evidence identities are withheld; aggregate executed checks appear separately."
tests/test_validation_status_r4.py,565e8d73269bb492f7a57d2aa9aca0937f488ed8ffe29303c98c452787dda05c,4399,test,UNCHANGED,565e8d73269bb492f7a57d2aa9aca0937f488ed8ffe29303c98c452787dda05c,Publicly shipped file; exact byte identity inventoried.,True,[],Static AST imports only; module reachability is not function execution evidence.,[],"[""src/validate_review_bundle_r1.py"",""src/validation_faults_r4.py"",""src/validation_result_r4.py""]",[],STATIC_AST_AND_LITERAL_REFERENCE_INVENTORY,[],"[""tests/test_validation_status_r4.py""]",[],,Prior accepted public code identity when the public parent hash is shown; internal acceptance provenance is withheld.,NOT_ON_STATIC_DEFAULT_IMPORT_PATH_RETAINED_HISTORICAL_SURFACE,"Only public dependency edges are displayed. Private paths, hashes, review annotations and internal evidence identities are withheld; aggregate executed checks appear separately."
tests/test_weth.py,ae01debefc7a221ef79abb6b2c039c284ee0233c6ca265d4cc3a64bc1c0fae99,6091,test,UNCHANGED,ae01debefc7a221ef79abb6b2c039c284ee0233c6ca265d4cc3a64bc1c0fae99,Publicly shipped file; exact byte identity inventoried.,True,[],Static AST imports only; module reachability is not function execution evidence.,"[""tests/test_weth_source_adapter_r3.py""]","[""src/weth_component.py"",""src/weth_evidence.py""]",[],STATIC_AST_AND_LITERAL_REFERENCE_INVENTORY,[],"[""tests/test_weth.py"",""tests/test_weth_source_adapter_r3.py""]",[],,Prior accepted public code identity when the public parent hash is shown; internal acceptance provenance is withheld.,NOT_ON_STATIC_DEFAULT_IMPORT_PATH_RETAINED_HISTORICAL_SURFACE,"Only public dependency edges are displayed. Private paths, hashes, review annotations and internal evidence identities are withheld; aggregate executed checks appear separately."
tests/test_weth_identity_r1.py,0a99923a87bd3d536689aded36125b4800dde70c6625af2a9ffc4eaca166cf0f,8727,test,UNCHANGED,0a99923a87bd3d536689aded36125b4800dde70c6625af2a9ffc4eaca166cf0f,Publicly shipped file; exact byte identity inventoried.,True,[],Static AST imports only; module reachability is not function execution evidence.,[],"[""src/weth_component.py"",""src/weth_evidence.py""]",[],STATIC_AST_AND_LITERAL_REFERENCE_INVENTORY,[],"[""tests/test_weth_identity_r1.py""]",[],,Prior accepted public code identity when the public parent hash is shown; internal acceptance provenance is withheld.,NOT_ON_STATIC_DEFAULT_IMPORT_PATH_RETAINED_HISTORICAL_SURFACE,"Only public dependency edges are displayed. Private paths, hashes, review annotations and internal evidence identities are withheld; aggregate executed checks appear separately."
tests/test_weth_shared_wire_r4_r1.py,85c3d632922f3e567eca084a7ec7decc08013f68291af5de6364c6ff88895e07,13393,test,UNCHANGED,85c3d632922f3e567eca084a7ec7decc08013f68291af5de6364c6ff88895e07,Publicly shipped file; exact byte identity inventoried.,True,[],Static AST imports only; module reachability is not function execution evidence.,[],"[""src/verify_weth_shared_wire_r4_r1.py""]","[""src/verify_weth_shared_wire_r4_r1.py""]",STATIC_AST_AND_LITERAL_REFERENCE_INVENTORY,[],"[""tests/test_weth_shared_wire_r4_r1.py""]",[],,Prior accepted public code identity when the public parent hash is shown; internal acceptance provenance is withheld.,NOT_ON_STATIC_DEFAULT_IMPORT_PATH_RETAINED_HISTORICAL_SURFACE,"Only public dependency edges are displayed. Private paths, hashes, review annotations and internal evidence identities are withheld; aggregate executed checks appear separately."
tests/test_weth_source_adapter_r3.py,c0b01e24a6ca7bbef859d7a5dfc73dd6d8ac29058a5572ca81f93afa7aad679f,10343,test,UNCHANGED,c0b01e24a6ca7bbef859d7a5dfc73dd6d8ac29058a5572ca81f93afa7aad679f,Publicly shipped file; exact byte identity inventoried.,True,[],Static AST imports only; module reachability is not function execution evidence.,[],"[""src/weth_component.py"",""src/weth_evidence.py"",""src/weth_source_adapter_r3.py"",""tests/test_weth.py""]",[],STATIC_AST_AND_LITERAL_REFERENCE_INVENTORY,[],"[""tests/test_weth_source_adapter_r3.py""]",[],,Prior accepted public code identity when the public parent hash is shown; internal acceptance provenance is withheld.,NOT_ON_STATIC_DEFAULT_IMPORT_PATH_RETAINED_HISTORICAL_SURFACE,"Only public dependency edges are displayed. Private paths, hashes, review annotations and internal evidence identities are withheld; aggregate executed checks appear separately."
tests/test_weth_trace_adapter_r4.py,4931d902933f203893c5b272ea4ce844feba505c8130fc58b4056a9afd6cff5d,13004,test,UNCHANGED,4931d902933f203893c5b272ea4ce844feba505c8130fc58b4056a9afd6cff5d,Publicly shipped file; exact byte identity inventoried.,True,[],Static AST imports only; module reachability is not function execution evidence.,[],"[""src/weth_component.py"",""src/weth_evidence.py"",""src/weth_trace_adapter_r4.py""]",[],STATIC_AST_AND_LITERAL_REFERENCE_INVENTORY,[],"[""tests/test_weth_trace_adapter_r4.py""]",[],,Prior accepted public code identity when the public parent hash is shown; internal acceptance provenance is withheld.,NOT_ON_STATIC_DEFAULT_IMPORT_PATH_RETAINED_HISTORICAL_SURFACE,"Only public dependency edges are displayed. Private paths, hashes, review annotations and internal evidence identities are withheld; aggregate executed checks appear separately."
tools/stage1c_release.py,b11506456431b90ebbb47079719088387b246dc6c0fe4c71dd5663b891bbf85e,1698,auxiliary_entry,UNCHANGED,b11506456431b90ebbb47079719088387b246dc6c0fe4c71dd5663b891bbf85e,Publicly shipped file; exact byte identity inventoried.,True,"[""release_packaging_cli""]",Static AST imports only; module reachability is not function execution evidence.,[],[],[],STATIC_AST_AND_LITERAL_REFERENCE_INVENTORY,[],[],[],,Prior accepted public code identity when the public parent hash is shown; internal acceptance provenance is withheld.,STATICALLY_REACHABLE_INHERITED_REVIEW_LIMITED,"Only public dependency edges are displayed. Private paths, hashes, review annotations and internal evidence identities are withheld; aggregate executed checks appear separately."
WITHHELD_DEPENDENCY_001,,,auxiliary_entry,WITHHELD,,Private dependency identity withheld.,,[],Private dependency relationships withheld.,[],[],[],FILE_IDENTITY_AND_REFERENCE_INVENTORY,[],[],[],,Withheld.,NOT_ON_STATIC_DEFAULT_IMPORT_PATH_RETAINED_HISTORICAL_SURFACE,"Placeholder does not disclose an original path, hash, size, source, annotation, evidence identity or dependency edge."
WITHHELD_DEPENDENCY_002,,,configuration_or_method_rule,WITHHELD,,Private dependency identity withheld.,,[],Private dependency relationships withheld.,[],[],[],FILE_IDENTITY_AND_REFERENCE_INVENTORY,[],[],[],,Withheld.,NOT_ON_STATIC_DEFAULT_IMPORT_PATH_RETAINED_HISTORICAL_SURFACE,"Placeholder does not disclose an original path, hash, size, source, annotation, evidence identity or dependency edge."
WITHHELD_DEPENDENCY_003,,,configuration_or_method_rule,WITHHELD,,Private dependency identity withheld.,,[],Private dependency relationships withheld.,[],[],[],FILE_IDENTITY_AND_REFERENCE_INVENTORY,[],[],[],,Withheld.,NOT_ON_STATIC_DEFAULT_IMPORT_PATH_RETAINED_HISTORICAL_SURFACE,"Placeholder does not disclose an original path, hash, size, source, annotation, evidence identity or dependency edge."
WITHHELD_DEPENDENCY_004,,,configuration_or_method_rule,WITHHELD,,Private dependency identity withheld.,,[],Private dependency relationships withheld.,[],[],[],FILE_IDENTITY_AND_REFERENCE_INVENTORY,[],[],[],,Withheld.,NOT_ON_STATIC_DEFAULT_IMPORT_PATH_RETAINED_HISTORICAL_SURFACE,"Placeholder does not disclose an original path, hash, size, source, annotation, evidence identity or dependency edge."
WITHHELD_DEPENDENCY_005,,,configuration_or_method_rule,WITHHELD,,Private dependency identity withheld.,,[],Private dependency relationships withheld.,[],[],[],FILE_IDENTITY_AND_REFERENCE_INVENTORY,[],[],[],,Withheld.,NOT_ON_STATIC_DEFAULT_IMPORT_PATH_RETAINED_HISTORICAL_SURFACE,"Placeholder does not disclose an original path, hash, size, source, annotation, evidence identity or dependency edge."
WITHHELD_DEPENDENCY_006,,,configuration_or_method_rule,WITHHELD,,Private dependency identity withheld.,,[],Private dependency relationships withheld.,[],[],[],FILE_IDENTITY_AND_REFERENCE_INVENTORY,[],[],[],,Withheld.,NOT_ON_STATIC_DEFAULT_IMPORT_PATH_RETAINED_HISTORICAL_SURFACE,"Placeholder does not disclose an original path, hash, size, source, annotation, evidence identity or dependency edge."
WITHHELD_DEPENDENCY_007,,,configuration_or_method_rule,WITHHELD,,Private dependency identity withheld.,,[],Private dependency relationships withheld.,[],[],[],FILE_IDENTITY_AND_REFERENCE_INVENTORY,[],[],[],,Withheld.,NOT_ON_STATIC_DEFAULT_IMPORT_PATH_RETAINED_HISTORICAL_SURFACE,"Placeholder does not disclose an original path, hash, size, source, annotation, evidence identity or dependency edge."
WITHHELD_DEPENDENCY_008,,,configuration_or_method_rule,WITHHELD,,Private dependency identity withheld.,,[],Private dependency relationships withheld.,[],[],[],FILE_IDENTITY_AND_REFERENCE_INVENTORY,[],[],[],,Withheld.,NOT_ON_STATIC_DEFAULT_IMPORT_PATH_RETAINED_HISTORICAL_SURFACE,"Placeholder does not disclose an original path, hash, size, source, annotation, evidence identity or dependency edge."
WITHHELD_DEPENDENCY_009,,,configuration_or_method_rule,WITHHELD,,Private dependency identity withheld.,,[],Private dependency relationships withheld.,[],[],[],FILE_IDENTITY_AND_REFERENCE_INVENTORY,[],[],[],,Withheld.,NOT_ON_STATIC_DEFAULT_IMPORT_PATH_RETAINED_HISTORICAL_SURFACE,"Placeholder does not disclose an original path, hash, size, source, annotation, evidence identity or dependency edge."
WITHHELD_DEPENDENCY_010,,,configuration_or_method_rule,WITHHELD,,Private dependency identity withheld.,,[],Private dependency relationships withheld.,[],[],[],FILE_IDENTITY_AND_REFERENCE_INVENTORY,[],[],[],,Withheld.,NOT_ON_STATIC_DEFAULT_IMPORT_PATH_RETAINED_HISTORICAL_SURFACE,"Placeholder does not disclose an original path, hash, size, source, annotation, evidence identity or dependency edge."
WITHHELD_DEPENDENCY_011,,,configuration_or_method_rule,WITHHELD,,Private dependency identity withheld.,,[],Private dependency relationships withheld.,[],[],[],TARGETED_SUBSTANTIVE_REVIEW,[],[],[],,Withheld.,CURRENT_SCOPED_REVIEW_DOCUMENTED,"Placeholder does not disclose an original path, hash, size, source, annotation, evidence identity or dependency edge."
WITHHELD_DEPENDENCY_012,,,external_revision_auxiliary_entry,WITHHELD,,Private dependency identity withheld.,,[],Private dependency relationships withheld.,[],[],[],TARGETED_SUBSTANTIVE_REVIEW,[],[],[],,Withheld.,CURRENT_SCOPED_REVIEW_DOCUMENTED,"Placeholder does not disclose an original path, hash, size, source, annotation, evidence identity or dependency edge."
WITHHELD_DEPENDENCY_013,,,external_revision_auxiliary_entry,WITHHELD,,Private dependency identity withheld.,,[],Private dependency relationships withheld.,[],[],[],TARGETED_SUBSTANTIVE_REVIEW,[],[],[],,Withheld.,CURRENT_SCOPED_REVIEW_DOCUMENTED,"Placeholder does not disclose an original path, hash, size, source, annotation, evidence identity or dependency edge."
WITHHELD_DEPENDENCY_014,,,external_revision_auxiliary_entry,WITHHELD,,Private dependency identity withheld.,,[],Private dependency relationships withheld.,[],[],[],TARGETED_SUBSTANTIVE_REVIEW,[],[],[],,Withheld.,CURRENT_SCOPED_REVIEW_DOCUMENTED,"Placeholder does not disclose an original path, hash, size, source, annotation, evidence identity or dependency edge."
WITHHELD_DEPENDENCY_015,,,external_revision_auxiliary_entry,WITHHELD,,Private dependency identity withheld.,,[],Private dependency relationships withheld.,[],[],[],TARGETED_SUBSTANTIVE_REVIEW,[],[],[],,Withheld.,CURRENT_SCOPED_REVIEW_DOCUMENTED,"Placeholder does not disclose an original path, hash, size, source, annotation, evidence identity or dependency edge."
WITHHELD_DEPENDENCY_016,,,external_revision_auxiliary_entry,WITHHELD,,Private dependency identity withheld.,,[],Private dependency relationships withheld.,[],[],[],TARGETED_SUBSTANTIVE_REVIEW,[],[],[],,Withheld.,CURRENT_SCOPED_REVIEW_DOCUMENTED,"Placeholder does not disclose an original path, hash, size, source, annotation, evidence identity or dependency edge."
WITHHELD_DEPENDENCY_017,,,external_revision_auxiliary_entry,WITHHELD,,Private dependency identity withheld.,,[],Private dependency relationships withheld.,[],[],[],TARGETED_SUBSTANTIVE_REVIEW,[],[],[],,Withheld.,CURRENT_SCOPED_REVIEW_DOCUMENTED,"Placeholder does not disclose an original path, hash, size, source, annotation, evidence identity or dependency edge."
WITHHELD_DEPENDENCY_018,,,external_revision_auxiliary_entry,WITHHELD,,Private dependency identity withheld.,,[],Private dependency relationships withheld.,[],[],[],TARGETED_SUBSTANTIVE_REVIEW,[],[],[],,Withheld.,CURRENT_SCOPED_REVIEW_DOCUMENTED,"Placeholder does not disclose an original path, hash, size, source, annotation, evidence identity or dependency edge."
WITHHELD_DEPENDENCY_019,,,external_revision_auxiliary_entry,WITHHELD,,Private dependency identity withheld.,,[],Private dependency relationships withheld.,[],[],[],TARGETED_SUBSTANTIVE_REVIEW,[],[],[],,Withheld.,CURRENT_SCOPED_REVIEW_DOCUMENTED,"Placeholder does not disclose an original path, hash, size, source, annotation, evidence identity or dependency edge."
WITHHELD_DEPENDENCY_020,,,external_revision_auxiliary_entry,WITHHELD,,Private dependency identity withheld.,,[],Private dependency relationships withheld.,[],[],[],TARGETED_SUBSTANTIVE_REVIEW,[],[],[],,Withheld.,CURRENT_SCOPED_REVIEW_DOCUMENTED,"Placeholder does not disclose an original path, hash, size, source, annotation, evidence identity or dependency edge."
WITHHELD_DEPENDENCY_021,,,external_revision_auxiliary_entry,WITHHELD,,Private dependency identity withheld.,,[],Private dependency relationships withheld.,[],[],[],TARGETED_SUBSTANTIVE_REVIEW,[],[],[],,Withheld.,CURRENT_SCOPED_REVIEW_DOCUMENTED,"Placeholder does not disclose an original path, hash, size, source, annotation, evidence identity or dependency edge."
WITHHELD_DEPENDENCY_022,,,external_revision_auxiliary_entry,WITHHELD,,Private dependency identity withheld.,,[],Private dependency relationships withheld.,[],[],[],TARGETED_SUBSTANTIVE_REVIEW,[],[],[],,Withheld.,CURRENT_SCOPED_REVIEW_DOCUMENTED,"Placeholder does not disclose an original path, hash, size, source, annotation, evidence identity or dependency edge."
WITHHELD_DEPENDENCY_023,,,external_revision_auxiliary_entry,WITHHELD,,Private dependency identity withheld.,,[],Private dependency relationships withheld.,[],[],[],TARGETED_SUBSTANTIVE_REVIEW,[],[],[],,Withheld.,CURRENT_SCOPED_REVIEW_DOCUMENTED,"Placeholder does not disclose an original path, hash, size, source, annotation, evidence identity or dependency edge."
WITHHELD_DEPENDENCY_024,,,external_revision_auxiliary_entry,WITHHELD,,Private dependency identity withheld.,,[],Private dependency relationships withheld.,[],[],[],TARGETED_SUBSTANTIVE_REVIEW,[],[],[],,Withheld.,CURRENT_SCOPED_REVIEW_DOCUMENTED,"Placeholder does not disclose an original path, hash, size, source, annotation, evidence identity or dependency edge."
WITHHELD_DEPENDENCY_025,,,external_revision_auxiliary_entry,WITHHELD,,Private dependency identity withheld.,,[],Private dependency relationships withheld.,[],[],[],TARGETED_SUBSTANTIVE_REVIEW,[],[],[],,Withheld.,CURRENT_SCOPED_REVIEW_DOCUMENTED,"Placeholder does not disclose an original path, hash, size, source, annotation, evidence identity or dependency edge."
WITHHELD_DEPENDENCY_026,,,external_revision_auxiliary_entry,WITHHELD,,Private dependency identity withheld.,,[],Private dependency relationships withheld.,[],[],[],TARGETED_SUBSTANTIVE_REVIEW,[],[],[],,Withheld.,CURRENT_SCOPED_REVIEW_DOCUMENTED,"Placeholder does not disclose an original path, hash, size, source, annotation, evidence identity or dependency edge."
WITHHELD_DEPENDENCY_027,,,external_revision_auxiliary_entry,WITHHELD,,Private dependency identity withheld.,,[],Private dependency relationships withheld.,[],[],[],TARGETED_SUBSTANTIVE_REVIEW,[],[],[],,Withheld.,CURRENT_SCOPED_REVIEW_DOCUMENTED,"Placeholder does not disclose an original path, hash, size, source, annotation, evidence identity or dependency edge."
WITHHELD_DEPENDENCY_028,,,external_revision_auxiliary_entry,WITHHELD,,Private dependency identity withheld.,,[],Private dependency relationships withheld.,[],[],[],TARGETED_SUBSTANTIVE_REVIEW,[],[],[],,Withheld.,CURRENT_SCOPED_REVIEW_DOCUMENTED,"Placeholder does not disclose an original path, hash, size, source, annotation, evidence identity or dependency edge."
WITHHELD_DEPENDENCY_029,,,other_entry_or_runtime_dependency,WITHHELD,,Private dependency identity withheld.,,[],Private dependency relationships withheld.,[],[],[],STATIC_AST_AND_LITERAL_REFERENCE_INVENTORY,[],[],[],,Withheld.,NOT_ON_STATIC_DEFAULT_IMPORT_PATH_RETAINED_HISTORICAL_SURFACE,"Placeholder does not disclose an original path, hash, size, source, annotation, evidence identity or dependency edge."
WITHHELD_DEPENDENCY_030,,,other_entry_or_runtime_dependency,WITHHELD,,Private dependency identity withheld.,,[],Private dependency relationships withheld.,[],[],[],STATIC_AST_AND_LITERAL_REFERENCE_INVENTORY,[],[],[],,Withheld.,NOT_ON_STATIC_DEFAULT_IMPORT_PATH_RETAINED_HISTORICAL_SURFACE,"Placeholder does not disclose an original path, hash, size, source, annotation, evidence identity or dependency edge."
WITHHELD_DEPENDENCY_031,,,other_entry_or_runtime_dependency,WITHHELD,,Private dependency identity withheld.,,[],Private dependency relationships withheld.,[],[],[],STATIC_AST_AND_LITERAL_REFERENCE_INVENTORY,[],[],[],,Withheld.,NOT_ON_STATIC_DEFAULT_IMPORT_PATH_RETAINED_HISTORICAL_SURFACE,"Placeholder does not disclose an original path, hash, size, source, annotation, evidence identity or dependency edge."
WITHHELD_DEPENDENCY_032,,,sql_snapshot,WITHHELD,,Private dependency identity withheld.,,[],Private dependency relationships withheld.,[],[],[],FILE_IDENTITY_AND_REFERENCE_INVENTORY,[],[],[],,Withheld.,NOT_ON_STATIC_DEFAULT_IMPORT_PATH_RETAINED_HISTORICAL_SURFACE,"Placeholder does not disclose an original path, hash, size, source, annotation, evidence identity or dependency edge."
WITHHELD_DEPENDENCY_033,,,sql_snapshot,WITHHELD,,Private dependency identity withheld.,,[],Private dependency relationships withheld.,[],[],[],FILE_IDENTITY_AND_REFERENCE_INVENTORY,[],[],[],,Withheld.,NOT_ON_STATIC_DEFAULT_IMPORT_PATH_RETAINED_HISTORICAL_SURFACE,"Placeholder does not disclose an original path, hash, size, source, annotation, evidence identity or dependency edge."
WITHHELD_DEPENDENCY_034,,,sql_snapshot,WITHHELD,,Private dependency identity withheld.,,[],Private dependency relationships withheld.,[],[],[],FILE_IDENTITY_AND_REFERENCE_INVENTORY,[],[],[],,Withheld.,NOT_ON_STATIC_DEFAULT_IMPORT_PATH_RETAINED_HISTORICAL_SURFACE,"Placeholder does not disclose an original path, hash, size, source, annotation, evidence identity or dependency edge."
WITHHELD_DEPENDENCY_035,,,sql_snapshot,WITHHELD,,Private dependency identity withheld.,,[],Private dependency relationships withheld.,[],[],[],FILE_IDENTITY_AND_REFERENCE_INVENTORY,[],[],[],,Withheld.,NOT_ON_STATIC_DEFAULT_IMPORT_PATH_RETAINED_HISTORICAL_SURFACE,"Placeholder does not disclose an original path, hash, size, source, annotation, evidence identity or dependency edge."
WITHHELD_DEPENDENCY_036,,,sql_snapshot,WITHHELD,,Private dependency identity withheld.,,[],Private dependency relationships withheld.,[],[],[],FILE_IDENTITY_AND_REFERENCE_INVENTORY,[],[],[],,Withheld.,NOT_ON_STATIC_DEFAULT_IMPORT_PATH_RETAINED_HISTORICAL_SURFACE,"Placeholder does not disclose an original path, hash, size, source, annotation, evidence identity or dependency edge."
WITHHELD_DEPENDENCY_037,,,sql_snapshot,WITHHELD,,Private dependency identity withheld.,,[],Private dependency relationships withheld.,[],[],[],FILE_IDENTITY_AND_REFERENCE_INVENTORY,[],[],[],,Withheld.,NOT_ON_STATIC_DEFAULT_IMPORT_PATH_RETAINED_HISTORICAL_SURFACE,"Placeholder does not disclose an original path, hash, size, source, annotation, evidence identity or dependency edge."
WITHHELD_DEPENDENCY_038,,,sql_snapshot,WITHHELD,,Private dependency identity withheld.,,[],Private dependency relationships withheld.,[],[],[],FILE_IDENTITY_AND_REFERENCE_INVENTORY,[],[],[],,Withheld.,NOT_ON_STATIC_DEFAULT_IMPORT_PATH_RETAINED_HISTORICAL_SURFACE,"Placeholder does not disclose an original path, hash, size, source, annotation, evidence identity or dependency edge."
