sample_id,query_id,incident_id,kind,source_layer,zero_hop,method,category,target,status,output_kind,lower_raw,upper_raw,point_raw,POISON_NOMINAL_RAW,physical_capacity_raw,asset,evidence_ids,unit,input_fact_hash,certification
controlled-v1/normal_mixing/00,controlled-v1/normal_mixing/00,SYNTHETIC_CONTROLLED_V1,controlled,SYNTHETIC,False,BALANCE_INFORMATION_REMOVED,addresses,T|ETH,COMPLETED,feasible_interval,0,2,,,3,ETH,[],raw_by_asset_no_cross_asset_sum,5325617e15ee17d7cd111976cdc27c505fc66c39d85fa552e0c93aa2c0881c90,QUERY_ACCEPTED
controlled-v1/normal_mixing/00,controlled-v1/normal_mixing/00,SYNTHETIC_CONTROLLED_V1,controlled,SYNTHETIC,False,BALANCE_INFORMATION_REMOVED,events,enter,COMPLETED,feasible_interval,0,2,,,3,ETH,[],raw_by_asset_no_cross_asset_sum,5325617e15ee17d7cd111976cdc27c505fc66c39d85fa552e0c93aa2c0881c90,QUERY_ACCEPTED
controlled-v1/normal_mixing/00,controlled-v1/normal_mixing/00,SYNTHETIC_CONTROLLED_V1,controlled,SYNTHETIC,False,BALANCE_INFORMATION_REMOVED,joint_by_asset,ETH,COMPLETED,feasible_interval,0,2,,,3,ETH,[],raw_by_asset_no_cross_asset_sum,5325617e15ee17d7cd111976cdc27c505fc66c39d85fa552e0c93aa2c0881c90,QUERY_ACCEPTED
controlled-v1/normal_mixing/00,controlled-v1/normal_mixing/00,SYNTHETIC_CONTROLLED_V1,controlled,SYNTHETIC,False,FULL_INTERVAL,addresses,T|ETH,COMPLETED,feasible_interval,1,2,,,3,ETH,[],raw_by_asset_no_cross_asset_sum,5325617e15ee17d7cd111976cdc27c505fc66c39d85fa552e0c93aa2c0881c90,QUERY_ACCEPTED
controlled-v1/normal_mixing/00,controlled-v1/normal_mixing/00,SYNTHETIC_CONTROLLED_V1,controlled,SYNTHETIC,False,FULL_INTERVAL,events,enter,COMPLETED,feasible_interval,1,2,,,3,ETH,[],raw_by_asset_no_cross_asset_sum,5325617e15ee17d7cd111976cdc27c505fc66c39d85fa552e0c93aa2c0881c90,QUERY_ACCEPTED
controlled-v1/normal_mixing/00,controlled-v1/normal_mixing/00,SYNTHETIC_CONTROLLED_V1,controlled,SYNTHETIC,False,FULL_INTERVAL,joint_by_asset,ETH,COMPLETED,feasible_interval,1,2,,,3,ETH,[],raw_by_asset_no_cross_asset_sum,5325617e15ee17d7cd111976cdc27c505fc66c39d85fa552e0c93aa2c0881c90,QUERY_ACCEPTED
controlled-v1/normal_mixing/00,controlled-v1/normal_mixing/00,SYNTHETIC_CONTROLLED_V1,controlled,SYNTHETIC,False,BOUNDED_REACHABILITY,addresses,T|ETH,COMPLETED,ADDRESS_EVENT_SET_NO_AMOUNT,,,,,3,ETH,[],raw_by_asset_no_cross_asset_sum,5325617e15ee17d7cd111976cdc27c505fc66c39d85fa552e0c93aa2c0881c90,QUERY_ACCEPTED
controlled-v1/normal_mixing/00,controlled-v1/normal_mixing/00,SYNTHETIC_CONTROLLED_V1,controlled,SYNTHETIC,False,BOUNDED_REACHABILITY,events,seed,COMPLETED,ADDRESS_EVENT_SET_NO_AMOUNT,,,,,2,ETH,[],raw_by_asset_no_cross_asset_sum,5325617e15ee17d7cd111976cdc27c505fc66c39d85fa552e0c93aa2c0881c90,QUERY_ACCEPTED
controlled-v1/normal_mixing/00,controlled-v1/normal_mixing/00,SYNTHETIC_CONTROLLED_V1,controlled,SYNTHETIC,False,BOUNDED_REACHABILITY,events,enter,COMPLETED,ADDRESS_EVENT_SET_NO_AMOUNT,,,,,3,ETH,[],raw_by_asset_no_cross_asset_sum,5325617e15ee17d7cd111976cdc27c505fc66c39d85fa552e0c93aa2c0881c90,QUERY_ACCEPTED
controlled-v1/normal_mixing/00,controlled-v1/normal_mixing/00,SYNTHETIC_CONTROLLED_V1,controlled,SYNTHETIC,False,BOUNDED_REACHABILITY,joint_by_asset,ETH,COMPLETED,ADDRESS_EVENT_SET_NO_AMOUNT,,,,,3,ETH,[],raw_by_asset_no_cross_asset_sum,5325617e15ee17d7cd111976cdc27c505fc66c39d85fa552e0c93aa2c0881c90,QUERY_ACCEPTED
controlled-v1/normal_mixing/00,controlled-v1/normal_mixing/00,SYNTHETIC_CONTROLLED_V1,controlled,SYNTHETIC,False,POISON,addresses,T|ETH,COMPLETED,POISON_NOMINAL_RAW,,,,3,3,ETH,[],raw_by_asset_no_cross_asset_sum,5325617e15ee17d7cd111976cdc27c505fc66c39d85fa552e0c93aa2c0881c90,QUERY_ACCEPTED
controlled-v1/normal_mixing/00,controlled-v1/normal_mixing/00,SYNTHETIC_CONTROLLED_V1,controlled,SYNTHETIC,False,POISON,events,seed,COMPLETED,POISON_NOMINAL_RAW,,,,2,2,ETH,[],raw_by_asset_no_cross_asset_sum,5325617e15ee17d7cd111976cdc27c505fc66c39d85fa552e0c93aa2c0881c90,QUERY_ACCEPTED
controlled-v1/normal_mixing/00,controlled-v1/normal_mixing/00,SYNTHETIC_CONTROLLED_V1,controlled,SYNTHETIC,False,POISON,events,enter,COMPLETED,POISON_NOMINAL_RAW,,,,3,3,ETH,[],raw_by_asset_no_cross_asset_sum,5325617e15ee17d7cd111976cdc27c505fc66c39d85fa552e0c93aa2c0881c90,QUERY_ACCEPTED
controlled-v1/normal_mixing/00,controlled-v1/normal_mixing/00,SYNTHETIC_CONTROLLED_V1,controlled,SYNTHETIC,False,POISON,joint_by_asset,ETH,COMPLETED,POISON_NOMINAL_RAW,,,,3,3,ETH,[],raw_by_asset_no_cross_asset_sum,5325617e15ee17d7cd111976cdc27c505fc66c39d85fa552e0c93aa2c0881c90,QUERY_ACCEPTED
controlled-v1/normal_mixing/00,controlled-v1/normal_mixing/00,SYNTHETIC_CONTROLLED_V1,controlled,SYNTHETIC,False,HAIRCUT,addresses,T|ETH,COMPLETED,PROPORTIONAL_FEASIBLE_POINT,,,3/2,,3,ETH,[],raw_by_asset_no_cross_asset_sum,5325617e15ee17d7cd111976cdc27c505fc66c39d85fa552e0c93aa2c0881c90,QUERY_ACCEPTED
controlled-v1/normal_mixing/00,controlled-v1/normal_mixing/00,SYNTHETIC_CONTROLLED_V1,controlled,SYNTHETIC,False,HAIRCUT,events,seed,COMPLETED,PROPORTIONAL_FEASIBLE_POINT,,,2,,2,ETH,[],raw_by_asset_no_cross_asset_sum,5325617e15ee17d7cd111976cdc27c505fc66c39d85fa552e0c93aa2c0881c90,QUERY_ACCEPTED
controlled-v1/normal_mixing/00,controlled-v1/normal_mixing/00,SYNTHETIC_CONTROLLED_V1,controlled,SYNTHETIC,False,HAIRCUT,events,enter,COMPLETED,PROPORTIONAL_FEASIBLE_POINT,,,3/2,,3,ETH,[],raw_by_asset_no_cross_asset_sum,5325617e15ee17d7cd111976cdc27c505fc66c39d85fa552e0c93aa2c0881c90,QUERY_ACCEPTED
controlled-v1/normal_mixing/00,controlled-v1/normal_mixing/00,SYNTHETIC_CONTROLLED_V1,controlled,SYNTHETIC,False,HAIRCUT,joint_by_asset,ETH,COMPLETED,PROPORTIONAL_FEASIBLE_POINT,,,3/2,,3,ETH,[],raw_by_asset_no_cross_asset_sum,5325617e15ee17d7cd111976cdc27c505fc66c39d85fa552e0c93aa2c0881c90,QUERY_ACCEPTED
controlled-v1/normal_mixing/00,controlled-v1/normal_mixing/00,SYNTHETIC_CONTROLLED_V1,controlled,SYNTHETIC,False,NO_CROSS_TARGET_COUPLING,addresses,T|ETH,COMPLETED,product_of_target_specific_copies,1,2,,,3,ETH,[],raw_by_asset_no_cross_asset_sum,5325617e15ee17d7cd111976cdc27c505fc66c39d85fa552e0c93aa2c0881c90,QUERY_ACCEPTED
controlled-v1/normal_mixing/00,controlled-v1/normal_mixing/00,SYNTHETIC_CONTROLLED_V1,controlled,SYNTHETIC,False,NO_CROSS_TARGET_COUPLING,events,enter,COMPLETED,product_of_target_specific_copies,1,2,,,3,ETH,[],raw_by_asset_no_cross_asset_sum,5325617e15ee17d7cd111976cdc27c505fc66c39d85fa552e0c93aa2c0881c90,QUERY_ACCEPTED
controlled-v1/normal_mixing/00,controlled-v1/normal_mixing/00,SYNTHETIC_CONTROLLED_V1,controlled,SYNTHETIC,False,NO_CROSS_TARGET_COUPLING,joint_by_asset,ETH,COMPLETED,product_of_target_specific_copies,1,2,,,3,ETH,[],raw_by_asset_no_cross_asset_sum,5325617e15ee17d7cd111976cdc27c505fc66c39d85fa552e0c93aa2c0881c90,QUERY_ACCEPTED
controlled-v1/normal_mixing/00,controlled-v1/normal_mixing/00,SYNTHETIC_CONTROLLED_V1,controlled,SYNTHETIC,False,NO_PROTOCOL_CONTINUATION,addresses,T|ETH,COMPLETED,feasible_interval,1,2,,,3,ETH,[],raw_by_asset_no_cross_asset_sum,5325617e15ee17d7cd111976cdc27c505fc66c39d85fa552e0c93aa2c0881c90,QUERY_ACCEPTED
controlled-v1/normal_mixing/00,controlled-v1/normal_mixing/00,SYNTHETIC_CONTROLLED_V1,controlled,SYNTHETIC,False,NO_PROTOCOL_CONTINUATION,events,enter,COMPLETED,feasible_interval,1,2,,,3,ETH,[],raw_by_asset_no_cross_asset_sum,5325617e15ee17d7cd111976cdc27c505fc66c39d85fa552e0c93aa2c0881c90,QUERY_ACCEPTED
controlled-v1/normal_mixing/00,controlled-v1/normal_mixing/00,SYNTHETIC_CONTROLLED_V1,controlled,SYNTHETIC,False,NO_PROTOCOL_CONTINUATION,joint_by_asset,ETH,COMPLETED,feasible_interval,1,2,,,3,ETH,[],raw_by_asset_no_cross_asset_sum,5325617e15ee17d7cd111976cdc27c505fc66c39d85fa552e0c93aa2c0881c90,QUERY_ACCEPTED
controlled-v1/normal_mixing/01,controlled-v1/normal_mixing/01,SYNTHETIC_CONTROLLED_V1,controlled,SYNTHETIC,False,BALANCE_INFORMATION_REMOVED,addresses,T|ETH,COMPLETED,feasible_interval,0,2,,,2,ETH,[],raw_by_asset_no_cross_asset_sum,be866af273d41157c594da922d7192b82f28878459e84366a28f99a25d06afd8,QUERY_ACCEPTED
controlled-v1/normal_mixing/01,controlled-v1/normal_mixing/01,SYNTHETIC_CONTROLLED_V1,controlled,SYNTHETIC,False,BALANCE_INFORMATION_REMOVED,events,enter,COMPLETED,feasible_interval,0,2,,,2,ETH,[],raw_by_asset_no_cross_asset_sum,be866af273d41157c594da922d7192b82f28878459e84366a28f99a25d06afd8,QUERY_ACCEPTED
controlled-v1/normal_mixing/01,controlled-v1/normal_mixing/01,SYNTHETIC_CONTROLLED_V1,controlled,SYNTHETIC,False,BALANCE_INFORMATION_REMOVED,joint_by_asset,ETH,COMPLETED,feasible_interval,0,2,,,2,ETH,[],raw_by_asset_no_cross_asset_sum,be866af273d41157c594da922d7192b82f28878459e84366a28f99a25d06afd8,QUERY_ACCEPTED
controlled-v1/normal_mixing/01,controlled-v1/normal_mixing/01,SYNTHETIC_CONTROLLED_V1,controlled,SYNTHETIC,False,FULL_INTERVAL,addresses,T|ETH,COMPLETED,feasible_interval,0,2,,,2,ETH,[],raw_by_asset_no_cross_asset_sum,be866af273d41157c594da922d7192b82f28878459e84366a28f99a25d06afd8,QUERY_ACCEPTED
controlled-v1/normal_mixing/01,controlled-v1/normal_mixing/01,SYNTHETIC_CONTROLLED_V1,controlled,SYNTHETIC,False,FULL_INTERVAL,events,enter,COMPLETED,feasible_interval,0,2,,,2,ETH,[],raw_by_asset_no_cross_asset_sum,be866af273d41157c594da922d7192b82f28878459e84366a28f99a25d06afd8,QUERY_ACCEPTED
controlled-v1/normal_mixing/01,controlled-v1/normal_mixing/01,SYNTHETIC_CONTROLLED_V1,controlled,SYNTHETIC,False,FULL_INTERVAL,joint_by_asset,ETH,COMPLETED,feasible_interval,0,2,,,2,ETH,[],raw_by_asset_no_cross_asset_sum,be866af273d41157c594da922d7192b82f28878459e84366a28f99a25d06afd8,QUERY_ACCEPTED
controlled-v1/normal_mixing/01,controlled-v1/normal_mixing/01,SYNTHETIC_CONTROLLED_V1,controlled,SYNTHETIC,False,BOUNDED_REACHABILITY,addresses,T|ETH,COMPLETED,ADDRESS_EVENT_SET_NO_AMOUNT,,,,,2,ETH,[],raw_by_asset_no_cross_asset_sum,be866af273d41157c594da922d7192b82f28878459e84366a28f99a25d06afd8,QUERY_ACCEPTED
controlled-v1/normal_mixing/01,controlled-v1/normal_mixing/01,SYNTHETIC_CONTROLLED_V1,controlled,SYNTHETIC,False,BOUNDED_REACHABILITY,events,seed,COMPLETED,ADDRESS_EVENT_SET_NO_AMOUNT,,,,,2,ETH,[],raw_by_asset_no_cross_asset_sum,be866af273d41157c594da922d7192b82f28878459e84366a28f99a25d06afd8,QUERY_ACCEPTED
controlled-v1/normal_mixing/01,controlled-v1/normal_mixing/01,SYNTHETIC_CONTROLLED_V1,controlled,SYNTHETIC,False,BOUNDED_REACHABILITY,events,enter,COMPLETED,ADDRESS_EVENT_SET_NO_AMOUNT,,,,,2,ETH,[],raw_by_asset_no_cross_asset_sum,be866af273d41157c594da922d7192b82f28878459e84366a28f99a25d06afd8,QUERY_ACCEPTED
controlled-v1/normal_mixing/01,controlled-v1/normal_mixing/01,SYNTHETIC_CONTROLLED_V1,controlled,SYNTHETIC,False,BOUNDED_REACHABILITY,joint_by_asset,ETH,COMPLETED,ADDRESS_EVENT_SET_NO_AMOUNT,,,,,2,ETH,[],raw_by_asset_no_cross_asset_sum,be866af273d41157c594da922d7192b82f28878459e84366a28f99a25d06afd8,QUERY_ACCEPTED
controlled-v1/normal_mixing/01,controlled-v1/normal_mixing/01,SYNTHETIC_CONTROLLED_V1,controlled,SYNTHETIC,False,POISON,addresses,T|ETH,COMPLETED,POISON_NOMINAL_RAW,,,,2,2,ETH,[],raw_by_asset_no_cross_asset_sum,be866af273d41157c594da922d7192b82f28878459e84366a28f99a25d06afd8,QUERY_ACCEPTED
controlled-v1/normal_mixing/01,controlled-v1/normal_mixing/01,SYNTHETIC_CONTROLLED_V1,controlled,SYNTHETIC,False,POISON,events,seed,COMPLETED,POISON_NOMINAL_RAW,,,,2,2,ETH,[],raw_by_asset_no_cross_asset_sum,be866af273d41157c594da922d7192b82f28878459e84366a28f99a25d06afd8,QUERY_ACCEPTED
controlled-v1/normal_mixing/01,controlled-v1/normal_mixing/01,SYNTHETIC_CONTROLLED_V1,controlled,SYNTHETIC,False,POISON,events,enter,COMPLETED,POISON_NOMINAL_RAW,,,,2,2,ETH,[],raw_by_asset_no_cross_asset_sum,be866af273d41157c594da922d7192b82f28878459e84366a28f99a25d06afd8,QUERY_ACCEPTED
controlled-v1/normal_mixing/01,controlled-v1/normal_mixing/01,SYNTHETIC_CONTROLLED_V1,controlled,SYNTHETIC,False,POISON,joint_by_asset,ETH,COMPLETED,POISON_NOMINAL_RAW,,,,2,2,ETH,[],raw_by_asset_no_cross_asset_sum,be866af273d41157c594da922d7192b82f28878459e84366a28f99a25d06afd8,QUERY_ACCEPTED
controlled-v1/normal_mixing/01,controlled-v1/normal_mixing/01,SYNTHETIC_CONTROLLED_V1,controlled,SYNTHETIC,False,HAIRCUT,addresses,T|ETH,COMPLETED,PROPORTIONAL_FEASIBLE_POINT,,,1,,2,ETH,[],raw_by_asset_no_cross_asset_sum,be866af273d41157c594da922d7192b82f28878459e84366a28f99a25d06afd8,QUERY_ACCEPTED
controlled-v1/normal_mixing/01,controlled-v1/normal_mixing/01,SYNTHETIC_CONTROLLED_V1,controlled,SYNTHETIC,False,HAIRCUT,events,seed,COMPLETED,PROPORTIONAL_FEASIBLE_POINT,,,2,,2,ETH,[],raw_by_asset_no_cross_asset_sum,be866af273d41157c594da922d7192b82f28878459e84366a28f99a25d06afd8,QUERY_ACCEPTED
controlled-v1/normal_mixing/01,controlled-v1/normal_mixing/01,SYNTHETIC_CONTROLLED_V1,controlled,SYNTHETIC,False,HAIRCUT,events,enter,COMPLETED,PROPORTIONAL_FEASIBLE_POINT,,,1,,2,ETH,[],raw_by_asset_no_cross_asset_sum,be866af273d41157c594da922d7192b82f28878459e84366a28f99a25d06afd8,QUERY_ACCEPTED
controlled-v1/normal_mixing/01,controlled-v1/normal_mixing/01,SYNTHETIC_CONTROLLED_V1,controlled,SYNTHETIC,False,HAIRCUT,joint_by_asset,ETH,COMPLETED,PROPORTIONAL_FEASIBLE_POINT,,,1,,2,ETH,[],raw_by_asset_no_cross_asset_sum,be866af273d41157c594da922d7192b82f28878459e84366a28f99a25d06afd8,QUERY_ACCEPTED
controlled-v1/normal_mixing/01,controlled-v1/normal_mixing/01,SYNTHETIC_CONTROLLED_V1,controlled,SYNTHETIC,False,NO_CROSS_TARGET_COUPLING,addresses,T|ETH,COMPLETED,product_of_target_specific_copies,0,2,,,2,ETH,[],raw_by_asset_no_cross_asset_sum,be866af273d41157c594da922d7192b82f28878459e84366a28f99a25d06afd8,QUERY_ACCEPTED
controlled-v1/normal_mixing/01,controlled-v1/normal_mixing/01,SYNTHETIC_CONTROLLED_V1,controlled,SYNTHETIC,False,NO_CROSS_TARGET_COUPLING,events,enter,COMPLETED,product_of_target_specific_copies,0,2,,,2,ETH,[],raw_by_asset_no_cross_asset_sum,be866af273d41157c594da922d7192b82f28878459e84366a28f99a25d06afd8,QUERY_ACCEPTED
controlled-v1/normal_mixing/01,controlled-v1/normal_mixing/01,SYNTHETIC_CONTROLLED_V1,controlled,SYNTHETIC,False,NO_CROSS_TARGET_COUPLING,joint_by_asset,ETH,COMPLETED,product_of_target_specific_copies,0,2,,,2,ETH,[],raw_by_asset_no_cross_asset_sum,be866af273d41157c594da922d7192b82f28878459e84366a28f99a25d06afd8,QUERY_ACCEPTED
controlled-v1/normal_mixing/01,controlled-v1/normal_mixing/01,SYNTHETIC_CONTROLLED_V1,controlled,SYNTHETIC,False,NO_PROTOCOL_CONTINUATION,addresses,T|ETH,COMPLETED,feasible_interval,0,2,,,2,ETH,[],raw_by_asset_no_cross_asset_sum,be866af273d41157c594da922d7192b82f28878459e84366a28f99a25d06afd8,QUERY_ACCEPTED
controlled-v1/normal_mixing/01,controlled-v1/normal_mixing/01,SYNTHETIC_CONTROLLED_V1,controlled,SYNTHETIC,False,NO_PROTOCOL_CONTINUATION,events,enter,COMPLETED,feasible_interval,0,2,,,2,ETH,[],raw_by_asset_no_cross_asset_sum,be866af273d41157c594da922d7192b82f28878459e84366a28f99a25d06afd8,QUERY_ACCEPTED
controlled-v1/normal_mixing/01,controlled-v1/normal_mixing/01,SYNTHETIC_CONTROLLED_V1,controlled,SYNTHETIC,False,NO_PROTOCOL_CONTINUATION,joint_by_asset,ETH,COMPLETED,feasible_interval,0,2,,,2,ETH,[],raw_by_asset_no_cross_asset_sum,be866af273d41157c594da922d7192b82f28878459e84366a28f99a25d06afd8,QUERY_ACCEPTED
controlled-v1/normal_mixing/02,controlled-v1/normal_mixing/02,SYNTHETIC_CONTROLLED_V1,controlled,SYNTHETIC,False,FULL_INTERVAL,addresses,T|ETH,COMPLETED,feasible_interval,4,5,,,11,ETH,[],raw_by_asset_no_cross_asset_sum,52d0d0236f924ea954728d569f1e6881103763cd396d448ee0303ed98332edc9,QUERY_ACCEPTED
controlled-v1/normal_mixing/02,controlled-v1/normal_mixing/02,SYNTHETIC_CONTROLLED_V1,controlled,SYNTHETIC,False,FULL_INTERVAL,events,enter,COMPLETED,feasible_interval,4,5,,,11,ETH,[],raw_by_asset_no_cross_asset_sum,52d0d0236f924ea954728d569f1e6881103763cd396d448ee0303ed98332edc9,QUERY_ACCEPTED
controlled-v1/normal_mixing/02,controlled-v1/normal_mixing/02,SYNTHETIC_CONTROLLED_V1,controlled,SYNTHETIC,False,FULL_INTERVAL,joint_by_asset,ETH,COMPLETED,feasible_interval,4,5,,,11,ETH,[],raw_by_asset_no_cross_asset_sum,52d0d0236f924ea954728d569f1e6881103763cd396d448ee0303ed98332edc9,QUERY_ACCEPTED
controlled-v1/normal_mixing/02,controlled-v1/normal_mixing/02,SYNTHETIC_CONTROLLED_V1,controlled,SYNTHETIC,False,BOUNDED_REACHABILITY,addresses,T|ETH,COMPLETED,ADDRESS_EVENT_SET_NO_AMOUNT,,,,,11,ETH,[],raw_by_asset_no_cross_asset_sum,52d0d0236f924ea954728d569f1e6881103763cd396d448ee0303ed98332edc9,QUERY_ACCEPTED
controlled-v1/normal_mixing/02,controlled-v1/normal_mixing/02,SYNTHETIC_CONTROLLED_V1,controlled,SYNTHETIC,False,BOUNDED_REACHABILITY,events,seed,COMPLETED,ADDRESS_EVENT_SET_NO_AMOUNT,,,,,5,ETH,[],raw_by_asset_no_cross_asset_sum,52d0d0236f924ea954728d569f1e6881103763cd396d448ee0303ed98332edc9,QUERY_ACCEPTED
controlled-v1/normal_mixing/02,controlled-v1/normal_mixing/02,SYNTHETIC_CONTROLLED_V1,controlled,SYNTHETIC,False,BOUNDED_REACHABILITY,events,enter,COMPLETED,ADDRESS_EVENT_SET_NO_AMOUNT,,,,,11,ETH,[],raw_by_asset_no_cross_asset_sum,52d0d0236f924ea954728d569f1e6881103763cd396d448ee0303ed98332edc9,QUERY_ACCEPTED
controlled-v1/normal_mixing/02,controlled-v1/normal_mixing/02,SYNTHETIC_CONTROLLED_V1,controlled,SYNTHETIC,False,BOUNDED_REACHABILITY,joint_by_asset,ETH,COMPLETED,ADDRESS_EVENT_SET_NO_AMOUNT,,,,,11,ETH,[],raw_by_asset_no_cross_asset_sum,52d0d0236f924ea954728d569f1e6881103763cd396d448ee0303ed98332edc9,QUERY_ACCEPTED
controlled-v1/normal_mixing/02,controlled-v1/normal_mixing/02,SYNTHETIC_CONTROLLED_V1,controlled,SYNTHETIC,False,POISON,addresses,T|ETH,COMPLETED,POISON_NOMINAL_RAW,,,,11,11,ETH,[],raw_by_asset_no_cross_asset_sum,52d0d0236f924ea954728d569f1e6881103763cd396d448ee0303ed98332edc9,QUERY_ACCEPTED
controlled-v1/normal_mixing/02,controlled-v1/normal_mixing/02,SYNTHETIC_CONTROLLED_V1,controlled,SYNTHETIC,False,POISON,events,seed,COMPLETED,POISON_NOMINAL_RAW,,,,5,5,ETH,[],raw_by_asset_no_cross_asset_sum,52d0d0236f924ea954728d569f1e6881103763cd396d448ee0303ed98332edc9,QUERY_ACCEPTED
controlled-v1/normal_mixing/02,controlled-v1/normal_mixing/02,SYNTHETIC_CONTROLLED_V1,controlled,SYNTHETIC,False,POISON,events,enter,COMPLETED,POISON_NOMINAL_RAW,,,,11,11,ETH,[],raw_by_asset_no_cross_asset_sum,52d0d0236f924ea954728d569f1e6881103763cd396d448ee0303ed98332edc9,QUERY_ACCEPTED
controlled-v1/normal_mixing/02,controlled-v1/normal_mixing/02,SYNTHETIC_CONTROLLED_V1,controlled,SYNTHETIC,False,POISON,joint_by_asset,ETH,COMPLETED,POISON_NOMINAL_RAW,,,,11,11,ETH,[],raw_by_asset_no_cross_asset_sum,52d0d0236f924ea954728d569f1e6881103763cd396d448ee0303ed98332edc9,QUERY_ACCEPTED
controlled-v1/normal_mixing/02,controlled-v1/normal_mixing/02,SYNTHETIC_CONTROLLED_V1,controlled,SYNTHETIC,False,HAIRCUT,addresses,T|ETH,COMPLETED,PROPORTIONAL_FEASIBLE_POINT,,,55/12,,11,ETH,[],raw_by_asset_no_cross_asset_sum,52d0d0236f924ea954728d569f1e6881103763cd396d448ee0303ed98332edc9,QUERY_ACCEPTED
controlled-v1/normal_mixing/02,controlled-v1/normal_mixing/02,SYNTHETIC_CONTROLLED_V1,controlled,SYNTHETIC,False,HAIRCUT,events,seed,COMPLETED,PROPORTIONAL_FEASIBLE_POINT,,,5,,5,ETH,[],raw_by_asset_no_cross_asset_sum,52d0d0236f924ea954728d569f1e6881103763cd396d448ee0303ed98332edc9,QUERY_ACCEPTED
controlled-v1/normal_mixing/02,controlled-v1/normal_mixing/02,SYNTHETIC_CONTROLLED_V1,controlled,SYNTHETIC,False,HAIRCUT,events,enter,COMPLETED,PROPORTIONAL_FEASIBLE_POINT,,,55/12,,11,ETH,[],raw_by_asset_no_cross_asset_sum,52d0d0236f924ea954728d569f1e6881103763cd396d448ee0303ed98332edc9,QUERY_ACCEPTED
controlled-v1/normal_mixing/02,controlled-v1/normal_mixing/02,SYNTHETIC_CONTROLLED_V1,controlled,SYNTHETIC,False,HAIRCUT,joint_by_asset,ETH,COMPLETED,PROPORTIONAL_FEASIBLE_POINT,,,55/12,,11,ETH,[],raw_by_asset_no_cross_asset_sum,52d0d0236f924ea954728d569f1e6881103763cd396d448ee0303ed98332edc9,QUERY_ACCEPTED
controlled-v1/normal_mixing/02,controlled-v1/normal_mixing/02,SYNTHETIC_CONTROLLED_V1,controlled,SYNTHETIC,False,NO_CROSS_TARGET_COUPLING,addresses,T|ETH,COMPLETED,product_of_target_specific_copies,4,5,,,11,ETH,[],raw_by_asset_no_cross_asset_sum,52d0d0236f924ea954728d569f1e6881103763cd396d448ee0303ed98332edc9,QUERY_ACCEPTED
controlled-v1/normal_mixing/02,controlled-v1/normal_mixing/02,SYNTHETIC_CONTROLLED_V1,controlled,SYNTHETIC,False,NO_CROSS_TARGET_COUPLING,events,enter,COMPLETED,product_of_target_specific_copies,4,5,,,11,ETH,[],raw_by_asset_no_cross_asset_sum,52d0d0236f924ea954728d569f1e6881103763cd396d448ee0303ed98332edc9,QUERY_ACCEPTED
controlled-v1/normal_mixing/02,controlled-v1/normal_mixing/02,SYNTHETIC_CONTROLLED_V1,controlled,SYNTHETIC,False,NO_CROSS_TARGET_COUPLING,joint_by_asset,ETH,COMPLETED,product_of_target_specific_copies,4,5,,,11,ETH,[],raw_by_asset_no_cross_asset_sum,52d0d0236f924ea954728d569f1e6881103763cd396d448ee0303ed98332edc9,QUERY_ACCEPTED
controlled-v1/normal_mixing/02,controlled-v1/normal_mixing/02,SYNTHETIC_CONTROLLED_V1,controlled,SYNTHETIC,False,NO_PROTOCOL_CONTINUATION,addresses,T|ETH,COMPLETED,feasible_interval,4,5,,,11,ETH,[],raw_by_asset_no_cross_asset_sum,52d0d0236f924ea954728d569f1e6881103763cd396d448ee0303ed98332edc9,QUERY_ACCEPTED
controlled-v1/normal_mixing/02,controlled-v1/normal_mixing/02,SYNTHETIC_CONTROLLED_V1,controlled,SYNTHETIC,False,NO_PROTOCOL_CONTINUATION,events,enter,COMPLETED,feasible_interval,4,5,,,11,ETH,[],raw_by_asset_no_cross_asset_sum,52d0d0236f924ea954728d569f1e6881103763cd396d448ee0303ed98332edc9,QUERY_ACCEPTED
controlled-v1/normal_mixing/02,controlled-v1/normal_mixing/02,SYNTHETIC_CONTROLLED_V1,controlled,SYNTHETIC,False,NO_PROTOCOL_CONTINUATION,joint_by_asset,ETH,COMPLETED,feasible_interval,4,5,,,11,ETH,[],raw_by_asset_no_cross_asset_sum,52d0d0236f924ea954728d569f1e6881103763cd396d448ee0303ed98332edc9,QUERY_ACCEPTED
controlled-v1/normal_mixing/02,controlled-v1/normal_mixing/02,SYNTHETIC_CONTROLLED_V1,controlled,SYNTHETIC,False,BALANCE_INFORMATION_REMOVED,addresses,T|ETH,COMPLETED,feasible_interval,0,5,,,11,ETH,[],raw_by_asset_no_cross_asset_sum,52d0d0236f924ea954728d569f1e6881103763cd396d448ee0303ed98332edc9,QUERY_ACCEPTED
controlled-v1/normal_mixing/02,controlled-v1/normal_mixing/02,SYNTHETIC_CONTROLLED_V1,controlled,SYNTHETIC,False,BALANCE_INFORMATION_REMOVED,events,enter,COMPLETED,feasible_interval,0,5,,,11,ETH,[],raw_by_asset_no_cross_asset_sum,52d0d0236f924ea954728d569f1e6881103763cd396d448ee0303ed98332edc9,QUERY_ACCEPTED
controlled-v1/normal_mixing/02,controlled-v1/normal_mixing/02,SYNTHETIC_CONTROLLED_V1,controlled,SYNTHETIC,False,BALANCE_INFORMATION_REMOVED,joint_by_asset,ETH,COMPLETED,feasible_interval,0,5,,,11,ETH,[],raw_by_asset_no_cross_asset_sum,52d0d0236f924ea954728d569f1e6881103763cd396d448ee0303ed98332edc9,QUERY_ACCEPTED
controlled-v1/normal_mixing/03,controlled-v1/normal_mixing/03,SYNTHETIC_CONTROLLED_V1,controlled,SYNTHETIC,False,BALANCE_INFORMATION_REMOVED,addresses,T|ETH,COMPLETED,feasible_interval,0,3,,,3,ETH,[],raw_by_asset_no_cross_asset_sum,4be3a49a20b562f66b21d0b948c6f6c6559103b1004e99c9eb80335fbfa6ac70,QUERY_ACCEPTED
controlled-v1/normal_mixing/03,controlled-v1/normal_mixing/03,SYNTHETIC_CONTROLLED_V1,controlled,SYNTHETIC,False,BALANCE_INFORMATION_REMOVED,events,enter,COMPLETED,feasible_interval,0,3,,,3,ETH,[],raw_by_asset_no_cross_asset_sum,4be3a49a20b562f66b21d0b948c6f6c6559103b1004e99c9eb80335fbfa6ac70,QUERY_ACCEPTED
controlled-v1/normal_mixing/03,controlled-v1/normal_mixing/03,SYNTHETIC_CONTROLLED_V1,controlled,SYNTHETIC,False,BALANCE_INFORMATION_REMOVED,joint_by_asset,ETH,COMPLETED,feasible_interval,0,3,,,3,ETH,[],raw_by_asset_no_cross_asset_sum,4be3a49a20b562f66b21d0b948c6f6c6559103b1004e99c9eb80335fbfa6ac70,QUERY_ACCEPTED
controlled-v1/normal_mixing/03,controlled-v1/normal_mixing/03,SYNTHETIC_CONTROLLED_V1,controlled,SYNTHETIC,False,FULL_INTERVAL,addresses,T|ETH,COMPLETED,feasible_interval,0,3,,,3,ETH,[],raw_by_asset_no_cross_asset_sum,4be3a49a20b562f66b21d0b948c6f6c6559103b1004e99c9eb80335fbfa6ac70,QUERY_ACCEPTED
controlled-v1/normal_mixing/03,controlled-v1/normal_mixing/03,SYNTHETIC_CONTROLLED_V1,controlled,SYNTHETIC,False,FULL_INTERVAL,events,enter,COMPLETED,feasible_interval,0,3,,,3,ETH,[],raw_by_asset_no_cross_asset_sum,4be3a49a20b562f66b21d0b948c6f6c6559103b1004e99c9eb80335fbfa6ac70,QUERY_ACCEPTED
controlled-v1/normal_mixing/03,controlled-v1/normal_mixing/03,SYNTHETIC_CONTROLLED_V1,controlled,SYNTHETIC,False,FULL_INTERVAL,joint_by_asset,ETH,COMPLETED,feasible_interval,0,3,,,3,ETH,[],raw_by_asset_no_cross_asset_sum,4be3a49a20b562f66b21d0b948c6f6c6559103b1004e99c9eb80335fbfa6ac70,QUERY_ACCEPTED
controlled-v1/normal_mixing/03,controlled-v1/normal_mixing/03,SYNTHETIC_CONTROLLED_V1,controlled,SYNTHETIC,False,BOUNDED_REACHABILITY,addresses,T|ETH,COMPLETED,ADDRESS_EVENT_SET_NO_AMOUNT,,,,,3,ETH,[],raw_by_asset_no_cross_asset_sum,4be3a49a20b562f66b21d0b948c6f6c6559103b1004e99c9eb80335fbfa6ac70,QUERY_ACCEPTED
controlled-v1/normal_mixing/03,controlled-v1/normal_mixing/03,SYNTHETIC_CONTROLLED_V1,controlled,SYNTHETIC,False,BOUNDED_REACHABILITY,events,seed,COMPLETED,ADDRESS_EVENT_SET_NO_AMOUNT,,,,,3,ETH,[],raw_by_asset_no_cross_asset_sum,4be3a49a20b562f66b21d0b948c6f6c6559103b1004e99c9eb80335fbfa6ac70,QUERY_ACCEPTED
controlled-v1/normal_mixing/03,controlled-v1/normal_mixing/03,SYNTHETIC_CONTROLLED_V1,controlled,SYNTHETIC,False,BOUNDED_REACHABILITY,events,enter,COMPLETED,ADDRESS_EVENT_SET_NO_AMOUNT,,,,,3,ETH,[],raw_by_asset_no_cross_asset_sum,4be3a49a20b562f66b21d0b948c6f6c6559103b1004e99c9eb80335fbfa6ac70,QUERY_ACCEPTED
controlled-v1/normal_mixing/03,controlled-v1/normal_mixing/03,SYNTHETIC_CONTROLLED_V1,controlled,SYNTHETIC,False,BOUNDED_REACHABILITY,joint_by_asset,ETH,COMPLETED,ADDRESS_EVENT_SET_NO_AMOUNT,,,,,3,ETH,[],raw_by_asset_no_cross_asset_sum,4be3a49a20b562f66b21d0b948c6f6c6559103b1004e99c9eb80335fbfa6ac70,QUERY_ACCEPTED
controlled-v1/normal_mixing/03,controlled-v1/normal_mixing/03,SYNTHETIC_CONTROLLED_V1,controlled,SYNTHETIC,False,POISON,addresses,T|ETH,COMPLETED,POISON_NOMINAL_RAW,,,,3,3,ETH,[],raw_by_asset_no_cross_asset_sum,4be3a49a20b562f66b21d0b948c6f6c6559103b1004e99c9eb80335fbfa6ac70,QUERY_ACCEPTED
controlled-v1/normal_mixing/03,controlled-v1/normal_mixing/03,SYNTHETIC_CONTROLLED_V1,controlled,SYNTHETIC,False,POISON,events,seed,COMPLETED,POISON_NOMINAL_RAW,,,,3,3,ETH,[],raw_by_asset_no_cross_asset_sum,4be3a49a20b562f66b21d0b948c6f6c6559103b1004e99c9eb80335fbfa6ac70,QUERY_ACCEPTED
controlled-v1/normal_mixing/03,controlled-v1/normal_mixing/03,SYNTHETIC_CONTROLLED_V1,controlled,SYNTHETIC,False,POISON,events,enter,COMPLETED,POISON_NOMINAL_RAW,,,,3,3,ETH,[],raw_by_asset_no_cross_asset_sum,4be3a49a20b562f66b21d0b948c6f6c6559103b1004e99c9eb80335fbfa6ac70,QUERY_ACCEPTED
controlled-v1/normal_mixing/03,controlled-v1/normal_mixing/03,SYNTHETIC_CONTROLLED_V1,controlled,SYNTHETIC,False,POISON,joint_by_asset,ETH,COMPLETED,POISON_NOMINAL_RAW,,,,3,3,ETH,[],raw_by_asset_no_cross_asset_sum,4be3a49a20b562f66b21d0b948c6f6c6559103b1004e99c9eb80335fbfa6ac70,QUERY_ACCEPTED
controlled-v1/normal_mixing/03,controlled-v1/normal_mixing/03,SYNTHETIC_CONTROLLED_V1,controlled,SYNTHETIC,False,HAIRCUT,addresses,T|ETH,COMPLETED,PROPORTIONAL_FEASIBLE_POINT,,,3/2,,3,ETH,[],raw_by_asset_no_cross_asset_sum,4be3a49a20b562f66b21d0b948c6f6c6559103b1004e99c9eb80335fbfa6ac70,QUERY_ACCEPTED
controlled-v1/normal_mixing/03,controlled-v1/normal_mixing/03,SYNTHETIC_CONTROLLED_V1,controlled,SYNTHETIC,False,HAIRCUT,events,seed,COMPLETED,PROPORTIONAL_FEASIBLE_POINT,,,3,,3,ETH,[],raw_by_asset_no_cross_asset_sum,4be3a49a20b562f66b21d0b948c6f6c6559103b1004e99c9eb80335fbfa6ac70,QUERY_ACCEPTED
controlled-v1/normal_mixing/03,controlled-v1/normal_mixing/03,SYNTHETIC_CONTROLLED_V1,controlled,SYNTHETIC,False,HAIRCUT,events,enter,COMPLETED,PROPORTIONAL_FEASIBLE_POINT,,,3/2,,3,ETH,[],raw_by_asset_no_cross_asset_sum,4be3a49a20b562f66b21d0b948c6f6c6559103b1004e99c9eb80335fbfa6ac70,QUERY_ACCEPTED
controlled-v1/normal_mixing/03,controlled-v1/normal_mixing/03,SYNTHETIC_CONTROLLED_V1,controlled,SYNTHETIC,False,HAIRCUT,joint_by_asset,ETH,COMPLETED,PROPORTIONAL_FEASIBLE_POINT,,,3/2,,3,ETH,[],raw_by_asset_no_cross_asset_sum,4be3a49a20b562f66b21d0b948c6f6c6559103b1004e99c9eb80335fbfa6ac70,QUERY_ACCEPTED
controlled-v1/normal_mixing/03,controlled-v1/normal_mixing/03,SYNTHETIC_CONTROLLED_V1,controlled,SYNTHETIC,False,NO_CROSS_TARGET_COUPLING,addresses,T|ETH,COMPLETED,product_of_target_specific_copies,0,3,,,3,ETH,[],raw_by_asset_no_cross_asset_sum,4be3a49a20b562f66b21d0b948c6f6c6559103b1004e99c9eb80335fbfa6ac70,QUERY_ACCEPTED
controlled-v1/normal_mixing/03,controlled-v1/normal_mixing/03,SYNTHETIC_CONTROLLED_V1,controlled,SYNTHETIC,False,NO_CROSS_TARGET_COUPLING,events,enter,COMPLETED,product_of_target_specific_copies,0,3,,,3,ETH,[],raw_by_asset_no_cross_asset_sum,4be3a49a20b562f66b21d0b948c6f6c6559103b1004e99c9eb80335fbfa6ac70,QUERY_ACCEPTED
controlled-v1/normal_mixing/03,controlled-v1/normal_mixing/03,SYNTHETIC_CONTROLLED_V1,controlled,SYNTHETIC,False,NO_CROSS_TARGET_COUPLING,joint_by_asset,ETH,COMPLETED,product_of_target_specific_copies,0,3,,,3,ETH,[],raw_by_asset_no_cross_asset_sum,4be3a49a20b562f66b21d0b948c6f6c6559103b1004e99c9eb80335fbfa6ac70,QUERY_ACCEPTED
controlled-v1/normal_mixing/03,controlled-v1/normal_mixing/03,SYNTHETIC_CONTROLLED_V1,controlled,SYNTHETIC,False,NO_PROTOCOL_CONTINUATION,addresses,T|ETH,COMPLETED,feasible_interval,0,3,,,3,ETH,[],raw_by_asset_no_cross_asset_sum,4be3a49a20b562f66b21d0b948c6f6c6559103b1004e99c9eb80335fbfa6ac70,QUERY_ACCEPTED
controlled-v1/normal_mixing/03,controlled-v1/normal_mixing/03,SYNTHETIC_CONTROLLED_V1,controlled,SYNTHETIC,False,NO_PROTOCOL_CONTINUATION,events,enter,COMPLETED,feasible_interval,0,3,,,3,ETH,[],raw_by_asset_no_cross_asset_sum,4be3a49a20b562f66b21d0b948c6f6c6559103b1004e99c9eb80335fbfa6ac70,QUERY_ACCEPTED
controlled-v1/normal_mixing/03,controlled-v1/normal_mixing/03,SYNTHETIC_CONTROLLED_V1,controlled,SYNTHETIC,False,NO_PROTOCOL_CONTINUATION,joint_by_asset,ETH,COMPLETED,feasible_interval,0,3,,,3,ETH,[],raw_by_asset_no_cross_asset_sum,4be3a49a20b562f66b21d0b948c6f6c6559103b1004e99c9eb80335fbfa6ac70,QUERY_ACCEPTED
controlled-v1/normal_mixing/04,controlled-v1/normal_mixing/04,SYNTHETIC_CONTROLLED_V1,controlled,SYNTHETIC,False,POISON,addresses,T|ETH,COMPLETED,POISON_NOMINAL_RAW,,,,13,13,ETH,[],raw_by_asset_no_cross_asset_sum,94e913ebbf773c72873dee10fe080763abf9ad16f0da58922cd7108aab10d3ba,QUERY_ACCEPTED
controlled-v1/normal_mixing/04,controlled-v1/normal_mixing/04,SYNTHETIC_CONTROLLED_V1,controlled,SYNTHETIC,False,POISON,events,seed,COMPLETED,POISON_NOMINAL_RAW,,,,8,8,ETH,[],raw_by_asset_no_cross_asset_sum,94e913ebbf773c72873dee10fe080763abf9ad16f0da58922cd7108aab10d3ba,QUERY_ACCEPTED
controlled-v1/normal_mixing/04,controlled-v1/normal_mixing/04,SYNTHETIC_CONTROLLED_V1,controlled,SYNTHETIC,False,POISON,events,enter,COMPLETED,POISON_NOMINAL_RAW,,,,13,13,ETH,[],raw_by_asset_no_cross_asset_sum,94e913ebbf773c72873dee10fe080763abf9ad16f0da58922cd7108aab10d3ba,QUERY_ACCEPTED
controlled-v1/normal_mixing/04,controlled-v1/normal_mixing/04,SYNTHETIC_CONTROLLED_V1,controlled,SYNTHETIC,False,POISON,joint_by_asset,ETH,COMPLETED,POISON_NOMINAL_RAW,,,,13,13,ETH,[],raw_by_asset_no_cross_asset_sum,94e913ebbf773c72873dee10fe080763abf9ad16f0da58922cd7108aab10d3ba,QUERY_ACCEPTED
controlled-v1/normal_mixing/04,controlled-v1/normal_mixing/04,SYNTHETIC_CONTROLLED_V1,controlled,SYNTHETIC,False,HAIRCUT,addresses,T|ETH,COMPLETED,PROPORTIONAL_FEASIBLE_POINT,,,52/7,,13,ETH,[],raw_by_asset_no_cross_asset_sum,94e913ebbf773c72873dee10fe080763abf9ad16f0da58922cd7108aab10d3ba,QUERY_ACCEPTED
controlled-v1/normal_mixing/04,controlled-v1/normal_mixing/04,SYNTHETIC_CONTROLLED_V1,controlled,SYNTHETIC,False,HAIRCUT,events,seed,COMPLETED,PROPORTIONAL_FEASIBLE_POINT,,,8,,8,ETH,[],raw_by_asset_no_cross_asset_sum,94e913ebbf773c72873dee10fe080763abf9ad16f0da58922cd7108aab10d3ba,QUERY_ACCEPTED
controlled-v1/normal_mixing/04,controlled-v1/normal_mixing/04,SYNTHETIC_CONTROLLED_V1,controlled,SYNTHETIC,False,HAIRCUT,events,enter,COMPLETED,PROPORTIONAL_FEASIBLE_POINT,,,52/7,,13,ETH,[],raw_by_asset_no_cross_asset_sum,94e913ebbf773c72873dee10fe080763abf9ad16f0da58922cd7108aab10d3ba,QUERY_ACCEPTED
controlled-v1/normal_mixing/04,controlled-v1/normal_mixing/04,SYNTHETIC_CONTROLLED_V1,controlled,SYNTHETIC,False,HAIRCUT,joint_by_asset,ETH,COMPLETED,PROPORTIONAL_FEASIBLE_POINT,,,52/7,,13,ETH,[],raw_by_asset_no_cross_asset_sum,94e913ebbf773c72873dee10fe080763abf9ad16f0da58922cd7108aab10d3ba,QUERY_ACCEPTED
controlled-v1/normal_mixing/04,controlled-v1/normal_mixing/04,SYNTHETIC_CONTROLLED_V1,controlled,SYNTHETIC,False,NO_CROSS_TARGET_COUPLING,addresses,T|ETH,COMPLETED,product_of_target_specific_copies,7,8,,,13,ETH,[],raw_by_asset_no_cross_asset_sum,94e913ebbf773c72873dee10fe080763abf9ad16f0da58922cd7108aab10d3ba,QUERY_ACCEPTED
controlled-v1/normal_mixing/04,controlled-v1/normal_mixing/04,SYNTHETIC_CONTROLLED_V1,controlled,SYNTHETIC,False,NO_CROSS_TARGET_COUPLING,events,enter,COMPLETED,product_of_target_specific_copies,7,8,,,13,ETH,[],raw_by_asset_no_cross_asset_sum,94e913ebbf773c72873dee10fe080763abf9ad16f0da58922cd7108aab10d3ba,QUERY_ACCEPTED
controlled-v1/normal_mixing/04,controlled-v1/normal_mixing/04,SYNTHETIC_CONTROLLED_V1,controlled,SYNTHETIC,False,NO_CROSS_TARGET_COUPLING,joint_by_asset,ETH,COMPLETED,product_of_target_specific_copies,7,8,,,13,ETH,[],raw_by_asset_no_cross_asset_sum,94e913ebbf773c72873dee10fe080763abf9ad16f0da58922cd7108aab10d3ba,QUERY_ACCEPTED
controlled-v1/normal_mixing/04,controlled-v1/normal_mixing/04,SYNTHETIC_CONTROLLED_V1,controlled,SYNTHETIC,False,NO_PROTOCOL_CONTINUATION,addresses,T|ETH,COMPLETED,feasible_interval,7,8,,,13,ETH,[],raw_by_asset_no_cross_asset_sum,94e913ebbf773c72873dee10fe080763abf9ad16f0da58922cd7108aab10d3ba,QUERY_ACCEPTED
controlled-v1/normal_mixing/04,controlled-v1/normal_mixing/04,SYNTHETIC_CONTROLLED_V1,controlled,SYNTHETIC,False,NO_PROTOCOL_CONTINUATION,events,enter,COMPLETED,feasible_interval,7,8,,,13,ETH,[],raw_by_asset_no_cross_asset_sum,94e913ebbf773c72873dee10fe080763abf9ad16f0da58922cd7108aab10d3ba,QUERY_ACCEPTED
controlled-v1/normal_mixing/04,controlled-v1/normal_mixing/04,SYNTHETIC_CONTROLLED_V1,controlled,SYNTHETIC,False,NO_PROTOCOL_CONTINUATION,joint_by_asset,ETH,COMPLETED,feasible_interval,7,8,,,13,ETH,[],raw_by_asset_no_cross_asset_sum,94e913ebbf773c72873dee10fe080763abf9ad16f0da58922cd7108aab10d3ba,QUERY_ACCEPTED
controlled-v1/normal_mixing/04,controlled-v1/normal_mixing/04,SYNTHETIC_CONTROLLED_V1,controlled,SYNTHETIC,False,BALANCE_INFORMATION_REMOVED,addresses,T|ETH,COMPLETED,feasible_interval,0,8,,,13,ETH,[],raw_by_asset_no_cross_asset_sum,94e913ebbf773c72873dee10fe080763abf9ad16f0da58922cd7108aab10d3ba,QUERY_ACCEPTED
controlled-v1/normal_mixing/04,controlled-v1/normal_mixing/04,SYNTHETIC_CONTROLLED_V1,controlled,SYNTHETIC,False,BALANCE_INFORMATION_REMOVED,events,enter,COMPLETED,feasible_interval,0,8,,,13,ETH,[],raw_by_asset_no_cross_asset_sum,94e913ebbf773c72873dee10fe080763abf9ad16f0da58922cd7108aab10d3ba,QUERY_ACCEPTED
controlled-v1/normal_mixing/04,controlled-v1/normal_mixing/04,SYNTHETIC_CONTROLLED_V1,controlled,SYNTHETIC,False,BALANCE_INFORMATION_REMOVED,joint_by_asset,ETH,COMPLETED,feasible_interval,0,8,,,13,ETH,[],raw_by_asset_no_cross_asset_sum,94e913ebbf773c72873dee10fe080763abf9ad16f0da58922cd7108aab10d3ba,QUERY_ACCEPTED
controlled-v1/normal_mixing/04,controlled-v1/normal_mixing/04,SYNTHETIC_CONTROLLED_V1,controlled,SYNTHETIC,False,FULL_INTERVAL,addresses,T|ETH,COMPLETED,feasible_interval,7,8,,,13,ETH,[],raw_by_asset_no_cross_asset_sum,94e913ebbf773c72873dee10fe080763abf9ad16f0da58922cd7108aab10d3ba,QUERY_ACCEPTED
controlled-v1/normal_mixing/04,controlled-v1/normal_mixing/04,SYNTHETIC_CONTROLLED_V1,controlled,SYNTHETIC,False,FULL_INTERVAL,events,enter,COMPLETED,feasible_interval,7,8,,,13,ETH,[],raw_by_asset_no_cross_asset_sum,94e913ebbf773c72873dee10fe080763abf9ad16f0da58922cd7108aab10d3ba,QUERY_ACCEPTED
controlled-v1/normal_mixing/04,controlled-v1/normal_mixing/04,SYNTHETIC_CONTROLLED_V1,controlled,SYNTHETIC,False,FULL_INTERVAL,joint_by_asset,ETH,COMPLETED,feasible_interval,7,8,,,13,ETH,[],raw_by_asset_no_cross_asset_sum,94e913ebbf773c72873dee10fe080763abf9ad16f0da58922cd7108aab10d3ba,QUERY_ACCEPTED
controlled-v1/normal_mixing/04,controlled-v1/normal_mixing/04,SYNTHETIC_CONTROLLED_V1,controlled,SYNTHETIC,False,BOUNDED_REACHABILITY,addresses,T|ETH,COMPLETED,ADDRESS_EVENT_SET_NO_AMOUNT,,,,,13,ETH,[],raw_by_asset_no_cross_asset_sum,94e913ebbf773c72873dee10fe080763abf9ad16f0da58922cd7108aab10d3ba,QUERY_ACCEPTED
controlled-v1/normal_mixing/04,controlled-v1/normal_mixing/04,SYNTHETIC_CONTROLLED_V1,controlled,SYNTHETIC,False,BOUNDED_REACHABILITY,events,seed,COMPLETED,ADDRESS_EVENT_SET_NO_AMOUNT,,,,,8,ETH,[],raw_by_asset_no_cross_asset_sum,94e913ebbf773c72873dee10fe080763abf9ad16f0da58922cd7108aab10d3ba,QUERY_ACCEPTED
controlled-v1/normal_mixing/04,controlled-v1/normal_mixing/04,SYNTHETIC_CONTROLLED_V1,controlled,SYNTHETIC,False,BOUNDED_REACHABILITY,events,enter,COMPLETED,ADDRESS_EVENT_SET_NO_AMOUNT,,,,,13,ETH,[],raw_by_asset_no_cross_asset_sum,94e913ebbf773c72873dee10fe080763abf9ad16f0da58922cd7108aab10d3ba,QUERY_ACCEPTED
controlled-v1/normal_mixing/04,controlled-v1/normal_mixing/04,SYNTHETIC_CONTROLLED_V1,controlled,SYNTHETIC,False,BOUNDED_REACHABILITY,joint_by_asset,ETH,COMPLETED,ADDRESS_EVENT_SET_NO_AMOUNT,,,,,13,ETH,[],raw_by_asset_no_cross_asset_sum,94e913ebbf773c72873dee10fe080763abf9ad16f0da58922cd7108aab10d3ba,QUERY_ACCEPTED
controlled-v1/normal_mixing/05,controlled-v1/normal_mixing/05,SYNTHETIC_CONTROLLED_V1,controlled,SYNTHETIC,False,POISON,addresses,T|ETH,COMPLETED,POISON_NOMINAL_RAW,,,,4,4,ETH,[],raw_by_asset_no_cross_asset_sum,5a221af477db67ad0b143ab2368051cc6d618c90e41f67344b9e608ff7029d4a,QUERY_ACCEPTED
controlled-v1/normal_mixing/05,controlled-v1/normal_mixing/05,SYNTHETIC_CONTROLLED_V1,controlled,SYNTHETIC,False,POISON,events,seed,COMPLETED,POISON_NOMINAL_RAW,,,,6,6,ETH,[],raw_by_asset_no_cross_asset_sum,5a221af477db67ad0b143ab2368051cc6d618c90e41f67344b9e608ff7029d4a,QUERY_ACCEPTED
controlled-v1/normal_mixing/05,controlled-v1/normal_mixing/05,SYNTHETIC_CONTROLLED_V1,controlled,SYNTHETIC,False,POISON,events,enter,COMPLETED,POISON_NOMINAL_RAW,,,,4,4,ETH,[],raw_by_asset_no_cross_asset_sum,5a221af477db67ad0b143ab2368051cc6d618c90e41f67344b9e608ff7029d4a,QUERY_ACCEPTED
controlled-v1/normal_mixing/05,controlled-v1/normal_mixing/05,SYNTHETIC_CONTROLLED_V1,controlled,SYNTHETIC,False,POISON,joint_by_asset,ETH,COMPLETED,POISON_NOMINAL_RAW,,,,4,4,ETH,[],raw_by_asset_no_cross_asset_sum,5a221af477db67ad0b143ab2368051cc6d618c90e41f67344b9e608ff7029d4a,QUERY_ACCEPTED
controlled-v1/normal_mixing/05,controlled-v1/normal_mixing/05,SYNTHETIC_CONTROLLED_V1,controlled,SYNTHETIC,False,HAIRCUT,addresses,T|ETH,COMPLETED,PROPORTIONAL_FEASIBLE_POINT,,,12/5,,4,ETH,[],raw_by_asset_no_cross_asset_sum,5a221af477db67ad0b143ab2368051cc6d618c90e41f67344b9e608ff7029d4a,QUERY_ACCEPTED
controlled-v1/normal_mixing/05,controlled-v1/normal_mixing/05,SYNTHETIC_CONTROLLED_V1,controlled,SYNTHETIC,False,HAIRCUT,events,seed,COMPLETED,PROPORTIONAL_FEASIBLE_POINT,,,6,,6,ETH,[],raw_by_asset_no_cross_asset_sum,5a221af477db67ad0b143ab2368051cc6d618c90e41f67344b9e608ff7029d4a,QUERY_ACCEPTED
controlled-v1/normal_mixing/05,controlled-v1/normal_mixing/05,SYNTHETIC_CONTROLLED_V1,controlled,SYNTHETIC,False,HAIRCUT,events,enter,COMPLETED,PROPORTIONAL_FEASIBLE_POINT,,,12/5,,4,ETH,[],raw_by_asset_no_cross_asset_sum,5a221af477db67ad0b143ab2368051cc6d618c90e41f67344b9e608ff7029d4a,QUERY_ACCEPTED
controlled-v1/normal_mixing/05,controlled-v1/normal_mixing/05,SYNTHETIC_CONTROLLED_V1,controlled,SYNTHETIC,False,HAIRCUT,joint_by_asset,ETH,COMPLETED,PROPORTIONAL_FEASIBLE_POINT,,,12/5,,4,ETH,[],raw_by_asset_no_cross_asset_sum,5a221af477db67ad0b143ab2368051cc6d618c90e41f67344b9e608ff7029d4a,QUERY_ACCEPTED
controlled-v1/normal_mixing/05,controlled-v1/normal_mixing/05,SYNTHETIC_CONTROLLED_V1,controlled,SYNTHETIC,False,NO_CROSS_TARGET_COUPLING,addresses,T|ETH,COMPLETED,product_of_target_specific_copies,0,4,,,4,ETH,[],raw_by_asset_no_cross_asset_sum,5a221af477db67ad0b143ab2368051cc6d618c90e41f67344b9e608ff7029d4a,QUERY_ACCEPTED
controlled-v1/normal_mixing/05,controlled-v1/normal_mixing/05,SYNTHETIC_CONTROLLED_V1,controlled,SYNTHETIC,False,NO_CROSS_TARGET_COUPLING,events,enter,COMPLETED,product_of_target_specific_copies,0,4,,,4,ETH,[],raw_by_asset_no_cross_asset_sum,5a221af477db67ad0b143ab2368051cc6d618c90e41f67344b9e608ff7029d4a,QUERY_ACCEPTED
controlled-v1/normal_mixing/05,controlled-v1/normal_mixing/05,SYNTHETIC_CONTROLLED_V1,controlled,SYNTHETIC,False,NO_CROSS_TARGET_COUPLING,joint_by_asset,ETH,COMPLETED,product_of_target_specific_copies,0,4,,,4,ETH,[],raw_by_asset_no_cross_asset_sum,5a221af477db67ad0b143ab2368051cc6d618c90e41f67344b9e608ff7029d4a,QUERY_ACCEPTED
controlled-v1/normal_mixing/05,controlled-v1/normal_mixing/05,SYNTHETIC_CONTROLLED_V1,controlled,SYNTHETIC,False,NO_PROTOCOL_CONTINUATION,addresses,T|ETH,COMPLETED,feasible_interval,0,4,,,4,ETH,[],raw_by_asset_no_cross_asset_sum,5a221af477db67ad0b143ab2368051cc6d618c90e41f67344b9e608ff7029d4a,QUERY_ACCEPTED
controlled-v1/normal_mixing/05,controlled-v1/normal_mixing/05,SYNTHETIC_CONTROLLED_V1,controlled,SYNTHETIC,False,NO_PROTOCOL_CONTINUATION,events,enter,COMPLETED,feasible_interval,0,4,,,4,ETH,[],raw_by_asset_no_cross_asset_sum,5a221af477db67ad0b143ab2368051cc6d618c90e41f67344b9e608ff7029d4a,QUERY_ACCEPTED
controlled-v1/normal_mixing/05,controlled-v1/normal_mixing/05,SYNTHETIC_CONTROLLED_V1,controlled,SYNTHETIC,False,NO_PROTOCOL_CONTINUATION,joint_by_asset,ETH,COMPLETED,feasible_interval,0,4,,,4,ETH,[],raw_by_asset_no_cross_asset_sum,5a221af477db67ad0b143ab2368051cc6d618c90e41f67344b9e608ff7029d4a,QUERY_ACCEPTED
controlled-v1/normal_mixing/05,controlled-v1/normal_mixing/05,SYNTHETIC_CONTROLLED_V1,controlled,SYNTHETIC,False,BALANCE_INFORMATION_REMOVED,addresses,T|ETH,COMPLETED,feasible_interval,0,4,,,4,ETH,[],raw_by_asset_no_cross_asset_sum,5a221af477db67ad0b143ab2368051cc6d618c90e41f67344b9e608ff7029d4a,QUERY_ACCEPTED
controlled-v1/normal_mixing/05,controlled-v1/normal_mixing/05,SYNTHETIC_CONTROLLED_V1,controlled,SYNTHETIC,False,BALANCE_INFORMATION_REMOVED,events,enter,COMPLETED,feasible_interval,0,4,,,4,ETH,[],raw_by_asset_no_cross_asset_sum,5a221af477db67ad0b143ab2368051cc6d618c90e41f67344b9e608ff7029d4a,QUERY_ACCEPTED
controlled-v1/normal_mixing/05,controlled-v1/normal_mixing/05,SYNTHETIC_CONTROLLED_V1,controlled,SYNTHETIC,False,BALANCE_INFORMATION_REMOVED,joint_by_asset,ETH,COMPLETED,feasible_interval,0,4,,,4,ETH,[],raw_by_asset_no_cross_asset_sum,5a221af477db67ad0b143ab2368051cc6d618c90e41f67344b9e608ff7029d4a,QUERY_ACCEPTED
controlled-v1/normal_mixing/05,controlled-v1/normal_mixing/05,SYNTHETIC_CONTROLLED_V1,controlled,SYNTHETIC,False,FULL_INTERVAL,addresses,T|ETH,COMPLETED,feasible_interval,0,4,,,4,ETH,[],raw_by_asset_no_cross_asset_sum,5a221af477db67ad0b143ab2368051cc6d618c90e41f67344b9e608ff7029d4a,QUERY_ACCEPTED
controlled-v1/normal_mixing/05,controlled-v1/normal_mixing/05,SYNTHETIC_CONTROLLED_V1,controlled,SYNTHETIC,False,FULL_INTERVAL,events,enter,COMPLETED,feasible_interval,0,4,,,4,ETH,[],raw_by_asset_no_cross_asset_sum,5a221af477db67ad0b143ab2368051cc6d618c90e41f67344b9e608ff7029d4a,QUERY_ACCEPTED
controlled-v1/normal_mixing/05,controlled-v1/normal_mixing/05,SYNTHETIC_CONTROLLED_V1,controlled,SYNTHETIC,False,FULL_INTERVAL,joint_by_asset,ETH,COMPLETED,feasible_interval,0,4,,,4,ETH,[],raw_by_asset_no_cross_asset_sum,5a221af477db67ad0b143ab2368051cc6d618c90e41f67344b9e608ff7029d4a,QUERY_ACCEPTED
controlled-v1/normal_mixing/05,controlled-v1/normal_mixing/05,SYNTHETIC_CONTROLLED_V1,controlled,SYNTHETIC,False,BOUNDED_REACHABILITY,addresses,T|ETH,COMPLETED,ADDRESS_EVENT_SET_NO_AMOUNT,,,,,4,ETH,[],raw_by_asset_no_cross_asset_sum,5a221af477db67ad0b143ab2368051cc6d618c90e41f67344b9e608ff7029d4a,QUERY_ACCEPTED
controlled-v1/normal_mixing/05,controlled-v1/normal_mixing/05,SYNTHETIC_CONTROLLED_V1,controlled,SYNTHETIC,False,BOUNDED_REACHABILITY,events,seed,COMPLETED,ADDRESS_EVENT_SET_NO_AMOUNT,,,,,6,ETH,[],raw_by_asset_no_cross_asset_sum,5a221af477db67ad0b143ab2368051cc6d618c90e41f67344b9e608ff7029d4a,QUERY_ACCEPTED
controlled-v1/normal_mixing/05,controlled-v1/normal_mixing/05,SYNTHETIC_CONTROLLED_V1,controlled,SYNTHETIC,False,BOUNDED_REACHABILITY,events,enter,COMPLETED,ADDRESS_EVENT_SET_NO_AMOUNT,,,,,4,ETH,[],raw_by_asset_no_cross_asset_sum,5a221af477db67ad0b143ab2368051cc6d618c90e41f67344b9e608ff7029d4a,QUERY_ACCEPTED
controlled-v1/normal_mixing/05,controlled-v1/normal_mixing/05,SYNTHETIC_CONTROLLED_V1,controlled,SYNTHETIC,False,BOUNDED_REACHABILITY,joint_by_asset,ETH,COMPLETED,ADDRESS_EVENT_SET_NO_AMOUNT,,,,,4,ETH,[],raw_by_asset_no_cross_asset_sum,5a221af477db67ad0b143ab2368051cc6d618c90e41f67344b9e608ff7029d4a,QUERY_ACCEPTED
controlled-v1/normal_mixing/06,controlled-v1/normal_mixing/06,SYNTHETIC_CONTROLLED_V1,controlled,SYNTHETIC,False,NO_CROSS_TARGET_COUPLING,addresses,T|ETH,COMPLETED,product_of_target_specific_copies,7,8,,,9,ETH,[],raw_by_asset_no_cross_asset_sum,947c657219048ab2adda80933a1aad228f4643cce096149c63b5ed2fc03db06c,QUERY_ACCEPTED
controlled-v1/normal_mixing/06,controlled-v1/normal_mixing/06,SYNTHETIC_CONTROLLED_V1,controlled,SYNTHETIC,False,NO_CROSS_TARGET_COUPLING,events,enter,COMPLETED,product_of_target_specific_copies,7,8,,,9,ETH,[],raw_by_asset_no_cross_asset_sum,947c657219048ab2adda80933a1aad228f4643cce096149c63b5ed2fc03db06c,QUERY_ACCEPTED
controlled-v1/normal_mixing/06,controlled-v1/normal_mixing/06,SYNTHETIC_CONTROLLED_V1,controlled,SYNTHETIC,False,NO_CROSS_TARGET_COUPLING,joint_by_asset,ETH,COMPLETED,product_of_target_specific_copies,7,8,,,9,ETH,[],raw_by_asset_no_cross_asset_sum,947c657219048ab2adda80933a1aad228f4643cce096149c63b5ed2fc03db06c,QUERY_ACCEPTED
controlled-v1/normal_mixing/06,controlled-v1/normal_mixing/06,SYNTHETIC_CONTROLLED_V1,controlled,SYNTHETIC,False,NO_PROTOCOL_CONTINUATION,addresses,T|ETH,COMPLETED,feasible_interval,7,8,,,9,ETH,[],raw_by_asset_no_cross_asset_sum,947c657219048ab2adda80933a1aad228f4643cce096149c63b5ed2fc03db06c,QUERY_ACCEPTED
controlled-v1/normal_mixing/06,controlled-v1/normal_mixing/06,SYNTHETIC_CONTROLLED_V1,controlled,SYNTHETIC,False,NO_PROTOCOL_CONTINUATION,events,enter,COMPLETED,feasible_interval,7,8,,,9,ETH,[],raw_by_asset_no_cross_asset_sum,947c657219048ab2adda80933a1aad228f4643cce096149c63b5ed2fc03db06c,QUERY_ACCEPTED
controlled-v1/normal_mixing/06,controlled-v1/normal_mixing/06,SYNTHETIC_CONTROLLED_V1,controlled,SYNTHETIC,False,NO_PROTOCOL_CONTINUATION,joint_by_asset,ETH,COMPLETED,feasible_interval,7,8,,,9,ETH,[],raw_by_asset_no_cross_asset_sum,947c657219048ab2adda80933a1aad228f4643cce096149c63b5ed2fc03db06c,QUERY_ACCEPTED
controlled-v1/normal_mixing/06,controlled-v1/normal_mixing/06,SYNTHETIC_CONTROLLED_V1,controlled,SYNTHETIC,False,BALANCE_INFORMATION_REMOVED,addresses,T|ETH,COMPLETED,feasible_interval,0,8,,,9,ETH,[],raw_by_asset_no_cross_asset_sum,947c657219048ab2adda80933a1aad228f4643cce096149c63b5ed2fc03db06c,QUERY_ACCEPTED
controlled-v1/normal_mixing/06,controlled-v1/normal_mixing/06,SYNTHETIC_CONTROLLED_V1,controlled,SYNTHETIC,False,BALANCE_INFORMATION_REMOVED,events,enter,COMPLETED,feasible_interval,0,8,,,9,ETH,[],raw_by_asset_no_cross_asset_sum,947c657219048ab2adda80933a1aad228f4643cce096149c63b5ed2fc03db06c,QUERY_ACCEPTED
controlled-v1/normal_mixing/06,controlled-v1/normal_mixing/06,SYNTHETIC_CONTROLLED_V1,controlled,SYNTHETIC,False,BALANCE_INFORMATION_REMOVED,joint_by_asset,ETH,COMPLETED,feasible_interval,0,8,,,9,ETH,[],raw_by_asset_no_cross_asset_sum,947c657219048ab2adda80933a1aad228f4643cce096149c63b5ed2fc03db06c,QUERY_ACCEPTED
controlled-v1/normal_mixing/06,controlled-v1/normal_mixing/06,SYNTHETIC_CONTROLLED_V1,controlled,SYNTHETIC,False,FULL_INTERVAL,addresses,T|ETH,COMPLETED,feasible_interval,7,8,,,9,ETH,[],raw_by_asset_no_cross_asset_sum,947c657219048ab2adda80933a1aad228f4643cce096149c63b5ed2fc03db06c,QUERY_ACCEPTED
controlled-v1/normal_mixing/06,controlled-v1/normal_mixing/06,SYNTHETIC_CONTROLLED_V1,controlled,SYNTHETIC,False,FULL_INTERVAL,events,enter,COMPLETED,feasible_interval,7,8,,,9,ETH,[],raw_by_asset_no_cross_asset_sum,947c657219048ab2adda80933a1aad228f4643cce096149c63b5ed2fc03db06c,QUERY_ACCEPTED
controlled-v1/normal_mixing/06,controlled-v1/normal_mixing/06,SYNTHETIC_CONTROLLED_V1,controlled,SYNTHETIC,False,FULL_INTERVAL,joint_by_asset,ETH,COMPLETED,feasible_interval,7,8,,,9,ETH,[],raw_by_asset_no_cross_asset_sum,947c657219048ab2adda80933a1aad228f4643cce096149c63b5ed2fc03db06c,QUERY_ACCEPTED
controlled-v1/normal_mixing/06,controlled-v1/normal_mixing/06,SYNTHETIC_CONTROLLED_V1,controlled,SYNTHETIC,False,BOUNDED_REACHABILITY,addresses,T|ETH,COMPLETED,ADDRESS_EVENT_SET_NO_AMOUNT,,,,,9,ETH,[],raw_by_asset_no_cross_asset_sum,947c657219048ab2adda80933a1aad228f4643cce096149c63b5ed2fc03db06c,QUERY_ACCEPTED
controlled-v1/normal_mixing/06,controlled-v1/normal_mixing/06,SYNTHETIC_CONTROLLED_V1,controlled,SYNTHETIC,False,BOUNDED_REACHABILITY,events,seed,COMPLETED,ADDRESS_EVENT_SET_NO_AMOUNT,,,,,8,ETH,[],raw_by_asset_no_cross_asset_sum,947c657219048ab2adda80933a1aad228f4643cce096149c63b5ed2fc03db06c,QUERY_ACCEPTED
controlled-v1/normal_mixing/06,controlled-v1/normal_mixing/06,SYNTHETIC_CONTROLLED_V1,controlled,SYNTHETIC,False,BOUNDED_REACHABILITY,events,enter,COMPLETED,ADDRESS_EVENT_SET_NO_AMOUNT,,,,,9,ETH,[],raw_by_asset_no_cross_asset_sum,947c657219048ab2adda80933a1aad228f4643cce096149c63b5ed2fc03db06c,QUERY_ACCEPTED
controlled-v1/normal_mixing/06,controlled-v1/normal_mixing/06,SYNTHETIC_CONTROLLED_V1,controlled,SYNTHETIC,False,BOUNDED_REACHABILITY,joint_by_asset,ETH,COMPLETED,ADDRESS_EVENT_SET_NO_AMOUNT,,,,,9,ETH,[],raw_by_asset_no_cross_asset_sum,947c657219048ab2adda80933a1aad228f4643cce096149c63b5ed2fc03db06c,QUERY_ACCEPTED
controlled-v1/normal_mixing/06,controlled-v1/normal_mixing/06,SYNTHETIC_CONTROLLED_V1,controlled,SYNTHETIC,False,POISON,addresses,T|ETH,COMPLETED,POISON_NOMINAL_RAW,,,,9,9,ETH,[],raw_by_asset_no_cross_asset_sum,947c657219048ab2adda80933a1aad228f4643cce096149c63b5ed2fc03db06c,QUERY_ACCEPTED
controlled-v1/normal_mixing/06,controlled-v1/normal_mixing/06,SYNTHETIC_CONTROLLED_V1,controlled,SYNTHETIC,False,POISON,events,seed,COMPLETED,POISON_NOMINAL_RAW,,,,8,8,ETH,[],raw_by_asset_no_cross_asset_sum,947c657219048ab2adda80933a1aad228f4643cce096149c63b5ed2fc03db06c,QUERY_ACCEPTED
controlled-v1/normal_mixing/06,controlled-v1/normal_mixing/06,SYNTHETIC_CONTROLLED_V1,controlled,SYNTHETIC,False,POISON,events,enter,COMPLETED,POISON_NOMINAL_RAW,,,,9,9,ETH,[],raw_by_asset_no_cross_asset_sum,947c657219048ab2adda80933a1aad228f4643cce096149c63b5ed2fc03db06c,QUERY_ACCEPTED
controlled-v1/normal_mixing/06,controlled-v1/normal_mixing/06,SYNTHETIC_CONTROLLED_V1,controlled,SYNTHETIC,False,POISON,joint_by_asset,ETH,COMPLETED,POISON_NOMINAL_RAW,,,,9,9,ETH,[],raw_by_asset_no_cross_asset_sum,947c657219048ab2adda80933a1aad228f4643cce096149c63b5ed2fc03db06c,QUERY_ACCEPTED
controlled-v1/normal_mixing/06,controlled-v1/normal_mixing/06,SYNTHETIC_CONTROLLED_V1,controlled,SYNTHETIC,False,HAIRCUT,addresses,T|ETH,COMPLETED,PROPORTIONAL_FEASIBLE_POINT,,,36/5,,9,ETH,[],raw_by_asset_no_cross_asset_sum,947c657219048ab2adda80933a1aad228f4643cce096149c63b5ed2fc03db06c,QUERY_ACCEPTED
controlled-v1/normal_mixing/06,controlled-v1/normal_mixing/06,SYNTHETIC_CONTROLLED_V1,controlled,SYNTHETIC,False,HAIRCUT,events,seed,COMPLETED,PROPORTIONAL_FEASIBLE_POINT,,,8,,8,ETH,[],raw_by_asset_no_cross_asset_sum,947c657219048ab2adda80933a1aad228f4643cce096149c63b5ed2fc03db06c,QUERY_ACCEPTED
controlled-v1/normal_mixing/06,controlled-v1/normal_mixing/06,SYNTHETIC_CONTROLLED_V1,controlled,SYNTHETIC,False,HAIRCUT,events,enter,COMPLETED,PROPORTIONAL_FEASIBLE_POINT,,,36/5,,9,ETH,[],raw_by_asset_no_cross_asset_sum,947c657219048ab2adda80933a1aad228f4643cce096149c63b5ed2fc03db06c,QUERY_ACCEPTED
controlled-v1/normal_mixing/06,controlled-v1/normal_mixing/06,SYNTHETIC_CONTROLLED_V1,controlled,SYNTHETIC,False,HAIRCUT,joint_by_asset,ETH,COMPLETED,PROPORTIONAL_FEASIBLE_POINT,,,36/5,,9,ETH,[],raw_by_asset_no_cross_asset_sum,947c657219048ab2adda80933a1aad228f4643cce096149c63b5ed2fc03db06c,QUERY_ACCEPTED
controlled-v1/normal_mixing/07,controlled-v1/normal_mixing/07,SYNTHETIC_CONTROLLED_V1,controlled,SYNTHETIC,False,BALANCE_INFORMATION_REMOVED,addresses,T|ETH,COMPLETED,feasible_interval,0,5,,,5,ETH,[],raw_by_asset_no_cross_asset_sum,8d361000589b61bb9d4e4e33afced71eed3a035df88cdc14a3ee1297b0ec0a4e,QUERY_ACCEPTED
controlled-v1/normal_mixing/07,controlled-v1/normal_mixing/07,SYNTHETIC_CONTROLLED_V1,controlled,SYNTHETIC,False,BALANCE_INFORMATION_REMOVED,events,enter,COMPLETED,feasible_interval,0,5,,,5,ETH,[],raw_by_asset_no_cross_asset_sum,8d361000589b61bb9d4e4e33afced71eed3a035df88cdc14a3ee1297b0ec0a4e,QUERY_ACCEPTED
controlled-v1/normal_mixing/07,controlled-v1/normal_mixing/07,SYNTHETIC_CONTROLLED_V1,controlled,SYNTHETIC,False,BALANCE_INFORMATION_REMOVED,joint_by_asset,ETH,COMPLETED,feasible_interval,0,5,,,5,ETH,[],raw_by_asset_no_cross_asset_sum,8d361000589b61bb9d4e4e33afced71eed3a035df88cdc14a3ee1297b0ec0a4e,QUERY_ACCEPTED
controlled-v1/normal_mixing/07,controlled-v1/normal_mixing/07,SYNTHETIC_CONTROLLED_V1,controlled,SYNTHETIC,False,FULL_INTERVAL,addresses,T|ETH,COMPLETED,feasible_interval,0,5,,,5,ETH,[],raw_by_asset_no_cross_asset_sum,8d361000589b61bb9d4e4e33afced71eed3a035df88cdc14a3ee1297b0ec0a4e,QUERY_ACCEPTED
controlled-v1/normal_mixing/07,controlled-v1/normal_mixing/07,SYNTHETIC_CONTROLLED_V1,controlled,SYNTHETIC,False,FULL_INTERVAL,events,enter,COMPLETED,feasible_interval,0,5,,,5,ETH,[],raw_by_asset_no_cross_asset_sum,8d361000589b61bb9d4e4e33afced71eed3a035df88cdc14a3ee1297b0ec0a4e,QUERY_ACCEPTED
controlled-v1/normal_mixing/07,controlled-v1/normal_mixing/07,SYNTHETIC_CONTROLLED_V1,controlled,SYNTHETIC,False,FULL_INTERVAL,joint_by_asset,ETH,COMPLETED,feasible_interval,0,5,,,5,ETH,[],raw_by_asset_no_cross_asset_sum,8d361000589b61bb9d4e4e33afced71eed3a035df88cdc14a3ee1297b0ec0a4e,QUERY_ACCEPTED
controlled-v1/normal_mixing/07,controlled-v1/normal_mixing/07,SYNTHETIC_CONTROLLED_V1,controlled,SYNTHETIC,False,BOUNDED_REACHABILITY,addresses,T|ETH,COMPLETED,ADDRESS_EVENT_SET_NO_AMOUNT,,,,,5,ETH,[],raw_by_asset_no_cross_asset_sum,8d361000589b61bb9d4e4e33afced71eed3a035df88cdc14a3ee1297b0ec0a4e,QUERY_ACCEPTED
controlled-v1/normal_mixing/07,controlled-v1/normal_mixing/07,SYNTHETIC_CONTROLLED_V1,controlled,SYNTHETIC,False,BOUNDED_REACHABILITY,events,seed,COMPLETED,ADDRESS_EVENT_SET_NO_AMOUNT,,,,,7,ETH,[],raw_by_asset_no_cross_asset_sum,8d361000589b61bb9d4e4e33afced71eed3a035df88cdc14a3ee1297b0ec0a4e,QUERY_ACCEPTED
controlled-v1/normal_mixing/07,controlled-v1/normal_mixing/07,SYNTHETIC_CONTROLLED_V1,controlled,SYNTHETIC,False,BOUNDED_REACHABILITY,events,enter,COMPLETED,ADDRESS_EVENT_SET_NO_AMOUNT,,,,,5,ETH,[],raw_by_asset_no_cross_asset_sum,8d361000589b61bb9d4e4e33afced71eed3a035df88cdc14a3ee1297b0ec0a4e,QUERY_ACCEPTED
controlled-v1/normal_mixing/07,controlled-v1/normal_mixing/07,SYNTHETIC_CONTROLLED_V1,controlled,SYNTHETIC,False,BOUNDED_REACHABILITY,joint_by_asset,ETH,COMPLETED,ADDRESS_EVENT_SET_NO_AMOUNT,,,,,5,ETH,[],raw_by_asset_no_cross_asset_sum,8d361000589b61bb9d4e4e33afced71eed3a035df88cdc14a3ee1297b0ec0a4e,QUERY_ACCEPTED
controlled-v1/normal_mixing/07,controlled-v1/normal_mixing/07,SYNTHETIC_CONTROLLED_V1,controlled,SYNTHETIC,False,POISON,addresses,T|ETH,COMPLETED,POISON_NOMINAL_RAW,,,,5,5,ETH,[],raw_by_asset_no_cross_asset_sum,8d361000589b61bb9d4e4e33afced71eed3a035df88cdc14a3ee1297b0ec0a4e,QUERY_ACCEPTED
controlled-v1/normal_mixing/07,controlled-v1/normal_mixing/07,SYNTHETIC_CONTROLLED_V1,controlled,SYNTHETIC,False,POISON,events,seed,COMPLETED,POISON_NOMINAL_RAW,,,,7,7,ETH,[],raw_by_asset_no_cross_asset_sum,8d361000589b61bb9d4e4e33afced71eed3a035df88cdc14a3ee1297b0ec0a4e,QUERY_ACCEPTED
controlled-v1/normal_mixing/07,controlled-v1/normal_mixing/07,SYNTHETIC_CONTROLLED_V1,controlled,SYNTHETIC,False,POISON,events,enter,COMPLETED,POISON_NOMINAL_RAW,,,,5,5,ETH,[],raw_by_asset_no_cross_asset_sum,8d361000589b61bb9d4e4e33afced71eed3a035df88cdc14a3ee1297b0ec0a4e,QUERY_ACCEPTED
controlled-v1/normal_mixing/07,controlled-v1/normal_mixing/07,SYNTHETIC_CONTROLLED_V1,controlled,SYNTHETIC,False,POISON,joint_by_asset,ETH,COMPLETED,POISON_NOMINAL_RAW,,,,5,5,ETH,[],raw_by_asset_no_cross_asset_sum,8d361000589b61bb9d4e4e33afced71eed3a035df88cdc14a3ee1297b0ec0a4e,QUERY_ACCEPTED
controlled-v1/normal_mixing/07,controlled-v1/normal_mixing/07,SYNTHETIC_CONTROLLED_V1,controlled,SYNTHETIC,False,HAIRCUT,addresses,T|ETH,COMPLETED,PROPORTIONAL_FEASIBLE_POINT,,,35/12,,5,ETH,[],raw_by_asset_no_cross_asset_sum,8d361000589b61bb9d4e4e33afced71eed3a035df88cdc14a3ee1297b0ec0a4e,QUERY_ACCEPTED
controlled-v1/normal_mixing/07,controlled-v1/normal_mixing/07,SYNTHETIC_CONTROLLED_V1,controlled,SYNTHETIC,False,HAIRCUT,events,seed,COMPLETED,PROPORTIONAL_FEASIBLE_POINT,,,7,,7,ETH,[],raw_by_asset_no_cross_asset_sum,8d361000589b61bb9d4e4e33afced71eed3a035df88cdc14a3ee1297b0ec0a4e,QUERY_ACCEPTED
controlled-v1/normal_mixing/07,controlled-v1/normal_mixing/07,SYNTHETIC_CONTROLLED_V1,controlled,SYNTHETIC,False,HAIRCUT,events,enter,COMPLETED,PROPORTIONAL_FEASIBLE_POINT,,,35/12,,5,ETH,[],raw_by_asset_no_cross_asset_sum,8d361000589b61bb9d4e4e33afced71eed3a035df88cdc14a3ee1297b0ec0a4e,QUERY_ACCEPTED
controlled-v1/normal_mixing/07,controlled-v1/normal_mixing/07,SYNTHETIC_CONTROLLED_V1,controlled,SYNTHETIC,False,HAIRCUT,joint_by_asset,ETH,COMPLETED,PROPORTIONAL_FEASIBLE_POINT,,,35/12,,5,ETH,[],raw_by_asset_no_cross_asset_sum,8d361000589b61bb9d4e4e33afced71eed3a035df88cdc14a3ee1297b0ec0a4e,QUERY_ACCEPTED
controlled-v1/normal_mixing/07,controlled-v1/normal_mixing/07,SYNTHETIC_CONTROLLED_V1,controlled,SYNTHETIC,False,NO_CROSS_TARGET_COUPLING,addresses,T|ETH,COMPLETED,product_of_target_specific_copies,0,5,,,5,ETH,[],raw_by_asset_no_cross_asset_sum,8d361000589b61bb9d4e4e33afced71eed3a035df88cdc14a3ee1297b0ec0a4e,QUERY_ACCEPTED
controlled-v1/normal_mixing/07,controlled-v1/normal_mixing/07,SYNTHETIC_CONTROLLED_V1,controlled,SYNTHETIC,False,NO_CROSS_TARGET_COUPLING,events,enter,COMPLETED,product_of_target_specific_copies,0,5,,,5,ETH,[],raw_by_asset_no_cross_asset_sum,8d361000589b61bb9d4e4e33afced71eed3a035df88cdc14a3ee1297b0ec0a4e,QUERY_ACCEPTED
controlled-v1/normal_mixing/07,controlled-v1/normal_mixing/07,SYNTHETIC_CONTROLLED_V1,controlled,SYNTHETIC,False,NO_CROSS_TARGET_COUPLING,joint_by_asset,ETH,COMPLETED,product_of_target_specific_copies,0,5,,,5,ETH,[],raw_by_asset_no_cross_asset_sum,8d361000589b61bb9d4e4e33afced71eed3a035df88cdc14a3ee1297b0ec0a4e,QUERY_ACCEPTED
controlled-v1/normal_mixing/07,controlled-v1/normal_mixing/07,SYNTHETIC_CONTROLLED_V1,controlled,SYNTHETIC,False,NO_PROTOCOL_CONTINUATION,addresses,T|ETH,COMPLETED,feasible_interval,0,5,,,5,ETH,[],raw_by_asset_no_cross_asset_sum,8d361000589b61bb9d4e4e33afced71eed3a035df88cdc14a3ee1297b0ec0a4e,QUERY_ACCEPTED
controlled-v1/normal_mixing/07,controlled-v1/normal_mixing/07,SYNTHETIC_CONTROLLED_V1,controlled,SYNTHETIC,False,NO_PROTOCOL_CONTINUATION,events,enter,COMPLETED,feasible_interval,0,5,,,5,ETH,[],raw_by_asset_no_cross_asset_sum,8d361000589b61bb9d4e4e33afced71eed3a035df88cdc14a3ee1297b0ec0a4e,QUERY_ACCEPTED
controlled-v1/normal_mixing/07,controlled-v1/normal_mixing/07,SYNTHETIC_CONTROLLED_V1,controlled,SYNTHETIC,False,NO_PROTOCOL_CONTINUATION,joint_by_asset,ETH,COMPLETED,feasible_interval,0,5,,,5,ETH,[],raw_by_asset_no_cross_asset_sum,8d361000589b61bb9d4e4e33afced71eed3a035df88cdc14a3ee1297b0ec0a4e,QUERY_ACCEPTED
controlled-v1/normal_mixing/08,controlled-v1/normal_mixing/08,SYNTHETIC_CONTROLLED_V1,controlled,SYNTHETIC,False,HAIRCUT,addresses,T|ETH,COMPLETED,PROPORTIONAL_FEASIBLE_POINT,,,40/9,,8,ETH,[],raw_by_asset_no_cross_asset_sum,61a673a8972e1745c05aae42de822f0b0cb82481de226567c0614f1ba6379dec,QUERY_ACCEPTED
controlled-v1/normal_mixing/08,controlled-v1/normal_mixing/08,SYNTHETIC_CONTROLLED_V1,controlled,SYNTHETIC,False,HAIRCUT,events,seed,COMPLETED,PROPORTIONAL_FEASIBLE_POINT,,,5,,5,ETH,[],raw_by_asset_no_cross_asset_sum,61a673a8972e1745c05aae42de822f0b0cb82481de226567c0614f1ba6379dec,QUERY_ACCEPTED
controlled-v1/normal_mixing/08,controlled-v1/normal_mixing/08,SYNTHETIC_CONTROLLED_V1,controlled,SYNTHETIC,False,HAIRCUT,events,enter,COMPLETED,PROPORTIONAL_FEASIBLE_POINT,,,40/9,,8,ETH,[],raw_by_asset_no_cross_asset_sum,61a673a8972e1745c05aae42de822f0b0cb82481de226567c0614f1ba6379dec,QUERY_ACCEPTED
controlled-v1/normal_mixing/08,controlled-v1/normal_mixing/08,SYNTHETIC_CONTROLLED_V1,controlled,SYNTHETIC,False,HAIRCUT,joint_by_asset,ETH,COMPLETED,PROPORTIONAL_FEASIBLE_POINT,,,40/9,,8,ETH,[],raw_by_asset_no_cross_asset_sum,61a673a8972e1745c05aae42de822f0b0cb82481de226567c0614f1ba6379dec,QUERY_ACCEPTED
controlled-v1/normal_mixing/08,controlled-v1/normal_mixing/08,SYNTHETIC_CONTROLLED_V1,controlled,SYNTHETIC,False,NO_CROSS_TARGET_COUPLING,addresses,T|ETH,COMPLETED,product_of_target_specific_copies,4,5,,,8,ETH,[],raw_by_asset_no_cross_asset_sum,61a673a8972e1745c05aae42de822f0b0cb82481de226567c0614f1ba6379dec,QUERY_ACCEPTED
controlled-v1/normal_mixing/08,controlled-v1/normal_mixing/08,SYNTHETIC_CONTROLLED_V1,controlled,SYNTHETIC,False,NO_CROSS_TARGET_COUPLING,events,enter,COMPLETED,product_of_target_specific_copies,4,5,,,8,ETH,[],raw_by_asset_no_cross_asset_sum,61a673a8972e1745c05aae42de822f0b0cb82481de226567c0614f1ba6379dec,QUERY_ACCEPTED
controlled-v1/normal_mixing/08,controlled-v1/normal_mixing/08,SYNTHETIC_CONTROLLED_V1,controlled,SYNTHETIC,False,NO_CROSS_TARGET_COUPLING,joint_by_asset,ETH,COMPLETED,product_of_target_specific_copies,4,5,,,8,ETH,[],raw_by_asset_no_cross_asset_sum,61a673a8972e1745c05aae42de822f0b0cb82481de226567c0614f1ba6379dec,QUERY_ACCEPTED
controlled-v1/normal_mixing/08,controlled-v1/normal_mixing/08,SYNTHETIC_CONTROLLED_V1,controlled,SYNTHETIC,False,NO_PROTOCOL_CONTINUATION,addresses,T|ETH,COMPLETED,feasible_interval,4,5,,,8,ETH,[],raw_by_asset_no_cross_asset_sum,61a673a8972e1745c05aae42de822f0b0cb82481de226567c0614f1ba6379dec,QUERY_ACCEPTED
controlled-v1/normal_mixing/08,controlled-v1/normal_mixing/08,SYNTHETIC_CONTROLLED_V1,controlled,SYNTHETIC,False,NO_PROTOCOL_CONTINUATION,events,enter,COMPLETED,feasible_interval,4,5,,,8,ETH,[],raw_by_asset_no_cross_asset_sum,61a673a8972e1745c05aae42de822f0b0cb82481de226567c0614f1ba6379dec,QUERY_ACCEPTED
controlled-v1/normal_mixing/08,controlled-v1/normal_mixing/08,SYNTHETIC_CONTROLLED_V1,controlled,SYNTHETIC,False,NO_PROTOCOL_CONTINUATION,joint_by_asset,ETH,COMPLETED,feasible_interval,4,5,,,8,ETH,[],raw_by_asset_no_cross_asset_sum,61a673a8972e1745c05aae42de822f0b0cb82481de226567c0614f1ba6379dec,QUERY_ACCEPTED
controlled-v1/normal_mixing/08,controlled-v1/normal_mixing/08,SYNTHETIC_CONTROLLED_V1,controlled,SYNTHETIC,False,BALANCE_INFORMATION_REMOVED,addresses,T|ETH,COMPLETED,feasible_interval,0,5,,,8,ETH,[],raw_by_asset_no_cross_asset_sum,61a673a8972e1745c05aae42de822f0b0cb82481de226567c0614f1ba6379dec,QUERY_ACCEPTED
controlled-v1/normal_mixing/08,controlled-v1/normal_mixing/08,SYNTHETIC_CONTROLLED_V1,controlled,SYNTHETIC,False,BALANCE_INFORMATION_REMOVED,events,enter,COMPLETED,feasible_interval,0,5,,,8,ETH,[],raw_by_asset_no_cross_asset_sum,61a673a8972e1745c05aae42de822f0b0cb82481de226567c0614f1ba6379dec,QUERY_ACCEPTED
controlled-v1/normal_mixing/08,controlled-v1/normal_mixing/08,SYNTHETIC_CONTROLLED_V1,controlled,SYNTHETIC,False,BALANCE_INFORMATION_REMOVED,joint_by_asset,ETH,COMPLETED,feasible_interval,0,5,,,8,ETH,[],raw_by_asset_no_cross_asset_sum,61a673a8972e1745c05aae42de822f0b0cb82481de226567c0614f1ba6379dec,QUERY_ACCEPTED
controlled-v1/normal_mixing/08,controlled-v1/normal_mixing/08,SYNTHETIC_CONTROLLED_V1,controlled,SYNTHETIC,False,FULL_INTERVAL,addresses,T|ETH,COMPLETED,feasible_interval,4,5,,,8,ETH,[],raw_by_asset_no_cross_asset_sum,61a673a8972e1745c05aae42de822f0b0cb82481de226567c0614f1ba6379dec,QUERY_ACCEPTED
controlled-v1/normal_mixing/08,controlled-v1/normal_mixing/08,SYNTHETIC_CONTROLLED_V1,controlled,SYNTHETIC,False,FULL_INTERVAL,events,enter,COMPLETED,feasible_interval,4,5,,,8,ETH,[],raw_by_asset_no_cross_asset_sum,61a673a8972e1745c05aae42de822f0b0cb82481de226567c0614f1ba6379dec,QUERY_ACCEPTED
controlled-v1/normal_mixing/08,controlled-v1/normal_mixing/08,SYNTHETIC_CONTROLLED_V1,controlled,SYNTHETIC,False,FULL_INTERVAL,joint_by_asset,ETH,COMPLETED,feasible_interval,4,5,,,8,ETH,[],raw_by_asset_no_cross_asset_sum,61a673a8972e1745c05aae42de822f0b0cb82481de226567c0614f1ba6379dec,QUERY_ACCEPTED
controlled-v1/normal_mixing/08,controlled-v1/normal_mixing/08,SYNTHETIC_CONTROLLED_V1,controlled,SYNTHETIC,False,BOUNDED_REACHABILITY,addresses,T|ETH,COMPLETED,ADDRESS_EVENT_SET_NO_AMOUNT,,,,,8,ETH,[],raw_by_asset_no_cross_asset_sum,61a673a8972e1745c05aae42de822f0b0cb82481de226567c0614f1ba6379dec,QUERY_ACCEPTED
controlled-v1/normal_mixing/08,controlled-v1/normal_mixing/08,SYNTHETIC_CONTROLLED_V1,controlled,SYNTHETIC,False,BOUNDED_REACHABILITY,events,seed,COMPLETED,ADDRESS_EVENT_SET_NO_AMOUNT,,,,,5,ETH,[],raw_by_asset_no_cross_asset_sum,61a673a8972e1745c05aae42de822f0b0cb82481de226567c0614f1ba6379dec,QUERY_ACCEPTED
controlled-v1/normal_mixing/08,controlled-v1/normal_mixing/08,SYNTHETIC_CONTROLLED_V1,controlled,SYNTHETIC,False,BOUNDED_REACHABILITY,events,enter,COMPLETED,ADDRESS_EVENT_SET_NO_AMOUNT,,,,,8,ETH,[],raw_by_asset_no_cross_asset_sum,61a673a8972e1745c05aae42de822f0b0cb82481de226567c0614f1ba6379dec,QUERY_ACCEPTED
controlled-v1/normal_mixing/08,controlled-v1/normal_mixing/08,SYNTHETIC_CONTROLLED_V1,controlled,SYNTHETIC,False,BOUNDED_REACHABILITY,joint_by_asset,ETH,COMPLETED,ADDRESS_EVENT_SET_NO_AMOUNT,,,,,8,ETH,[],raw_by_asset_no_cross_asset_sum,61a673a8972e1745c05aae42de822f0b0cb82481de226567c0614f1ba6379dec,QUERY_ACCEPTED
controlled-v1/normal_mixing/08,controlled-v1/normal_mixing/08,SYNTHETIC_CONTROLLED_V1,controlled,SYNTHETIC,False,POISON,addresses,T|ETH,COMPLETED,POISON_NOMINAL_RAW,,,,8,8,ETH,[],raw_by_asset_no_cross_asset_sum,61a673a8972e1745c05aae42de822f0b0cb82481de226567c0614f1ba6379dec,QUERY_ACCEPTED
controlled-v1/normal_mixing/08,controlled-v1/normal_mixing/08,SYNTHETIC_CONTROLLED_V1,controlled,SYNTHETIC,False,POISON,events,seed,COMPLETED,POISON_NOMINAL_RAW,,,,5,5,ETH,[],raw_by_asset_no_cross_asset_sum,61a673a8972e1745c05aae42de822f0b0cb82481de226567c0614f1ba6379dec,QUERY_ACCEPTED
controlled-v1/normal_mixing/08,controlled-v1/normal_mixing/08,SYNTHETIC_CONTROLLED_V1,controlled,SYNTHETIC,False,POISON,events,enter,COMPLETED,POISON_NOMINAL_RAW,,,,8,8,ETH,[],raw_by_asset_no_cross_asset_sum,61a673a8972e1745c05aae42de822f0b0cb82481de226567c0614f1ba6379dec,QUERY_ACCEPTED
controlled-v1/normal_mixing/08,controlled-v1/normal_mixing/08,SYNTHETIC_CONTROLLED_V1,controlled,SYNTHETIC,False,POISON,joint_by_asset,ETH,COMPLETED,POISON_NOMINAL_RAW,,,,8,8,ETH,[],raw_by_asset_no_cross_asset_sum,61a673a8972e1745c05aae42de822f0b0cb82481de226567c0614f1ba6379dec,QUERY_ACCEPTED
controlled-v1/normal_mixing/09,controlled-v1/normal_mixing/09,SYNTHETIC_CONTROLLED_V1,controlled,SYNTHETIC,False,BALANCE_INFORMATION_REMOVED,addresses,T|ETH,COMPLETED,feasible_interval,0,5,,,5,ETH,[],raw_by_asset_no_cross_asset_sum,d5000a389f7d0d9a2bdf0c610d7c41690943dd1a8c40aa24d0a72e0c5ef98651,QUERY_ACCEPTED
controlled-v1/normal_mixing/09,controlled-v1/normal_mixing/09,SYNTHETIC_CONTROLLED_V1,controlled,SYNTHETIC,False,BALANCE_INFORMATION_REMOVED,events,enter,COMPLETED,feasible_interval,0,5,,,5,ETH,[],raw_by_asset_no_cross_asset_sum,d5000a389f7d0d9a2bdf0c610d7c41690943dd1a8c40aa24d0a72e0c5ef98651,QUERY_ACCEPTED
controlled-v1/normal_mixing/09,controlled-v1/normal_mixing/09,SYNTHETIC_CONTROLLED_V1,controlled,SYNTHETIC,False,BALANCE_INFORMATION_REMOVED,joint_by_asset,ETH,COMPLETED,feasible_interval,0,5,,,5,ETH,[],raw_by_asset_no_cross_asset_sum,d5000a389f7d0d9a2bdf0c610d7c41690943dd1a8c40aa24d0a72e0c5ef98651,QUERY_ACCEPTED
controlled-v1/normal_mixing/09,controlled-v1/normal_mixing/09,SYNTHETIC_CONTROLLED_V1,controlled,SYNTHETIC,False,FULL_INTERVAL,addresses,T|ETH,COMPLETED,feasible_interval,0,5,,,5,ETH,[],raw_by_asset_no_cross_asset_sum,d5000a389f7d0d9a2bdf0c610d7c41690943dd1a8c40aa24d0a72e0c5ef98651,QUERY_ACCEPTED
controlled-v1/normal_mixing/09,controlled-v1/normal_mixing/09,SYNTHETIC_CONTROLLED_V1,controlled,SYNTHETIC,False,FULL_INTERVAL,events,enter,COMPLETED,feasible_interval,0,5,,,5,ETH,[],raw_by_asset_no_cross_asset_sum,d5000a389f7d0d9a2bdf0c610d7c41690943dd1a8c40aa24d0a72e0c5ef98651,QUERY_ACCEPTED
controlled-v1/normal_mixing/09,controlled-v1/normal_mixing/09,SYNTHETIC_CONTROLLED_V1,controlled,SYNTHETIC,False,FULL_INTERVAL,joint_by_asset,ETH,COMPLETED,feasible_interval,0,5,,,5,ETH,[],raw_by_asset_no_cross_asset_sum,d5000a389f7d0d9a2bdf0c610d7c41690943dd1a8c40aa24d0a72e0c5ef98651,QUERY_ACCEPTED
controlled-v1/normal_mixing/09,controlled-v1/normal_mixing/09,SYNTHETIC_CONTROLLED_V1,controlled,SYNTHETIC,False,BOUNDED_REACHABILITY,addresses,T|ETH,COMPLETED,ADDRESS_EVENT_SET_NO_AMOUNT,,,,,5,ETH,[],raw_by_asset_no_cross_asset_sum,d5000a389f7d0d9a2bdf0c610d7c41690943dd1a8c40aa24d0a72e0c5ef98651,QUERY_ACCEPTED
controlled-v1/normal_mixing/09,controlled-v1/normal_mixing/09,SYNTHETIC_CONTROLLED_V1,controlled,SYNTHETIC,False,BOUNDED_REACHABILITY,events,seed,COMPLETED,ADDRESS_EVENT_SET_NO_AMOUNT,,,,,5,ETH,[],raw_by_asset_no_cross_asset_sum,d5000a389f7d0d9a2bdf0c610d7c41690943dd1a8c40aa24d0a72e0c5ef98651,QUERY_ACCEPTED
controlled-v1/normal_mixing/09,controlled-v1/normal_mixing/09,SYNTHETIC_CONTROLLED_V1,controlled,SYNTHETIC,False,BOUNDED_REACHABILITY,events,enter,COMPLETED,ADDRESS_EVENT_SET_NO_AMOUNT,,,,,5,ETH,[],raw_by_asset_no_cross_asset_sum,d5000a389f7d0d9a2bdf0c610d7c41690943dd1a8c40aa24d0a72e0c5ef98651,QUERY_ACCEPTED
controlled-v1/normal_mixing/09,controlled-v1/normal_mixing/09,SYNTHETIC_CONTROLLED_V1,controlled,SYNTHETIC,False,BOUNDED_REACHABILITY,joint_by_asset,ETH,COMPLETED,ADDRESS_EVENT_SET_NO_AMOUNT,,,,,5,ETH,[],raw_by_asset_no_cross_asset_sum,d5000a389f7d0d9a2bdf0c610d7c41690943dd1a8c40aa24d0a72e0c5ef98651,QUERY_ACCEPTED
controlled-v1/normal_mixing/09,controlled-v1/normal_mixing/09,SYNTHETIC_CONTROLLED_V1,controlled,SYNTHETIC,False,POISON,addresses,T|ETH,COMPLETED,POISON_NOMINAL_RAW,,,,5,5,ETH,[],raw_by_asset_no_cross_asset_sum,d5000a389f7d0d9a2bdf0c610d7c41690943dd1a8c40aa24d0a72e0c5ef98651,QUERY_ACCEPTED
controlled-v1/normal_mixing/09,controlled-v1/normal_mixing/09,SYNTHETIC_CONTROLLED_V1,controlled,SYNTHETIC,False,POISON,events,seed,COMPLETED,POISON_NOMINAL_RAW,,,,5,5,ETH,[],raw_by_asset_no_cross_asset_sum,d5000a389f7d0d9a2bdf0c610d7c41690943dd1a8c40aa24d0a72e0c5ef98651,QUERY_ACCEPTED
controlled-v1/normal_mixing/09,controlled-v1/normal_mixing/09,SYNTHETIC_CONTROLLED_V1,controlled,SYNTHETIC,False,POISON,events,enter,COMPLETED,POISON_NOMINAL_RAW,,,,5,5,ETH,[],raw_by_asset_no_cross_asset_sum,d5000a389f7d0d9a2bdf0c610d7c41690943dd1a8c40aa24d0a72e0c5ef98651,QUERY_ACCEPTED
controlled-v1/normal_mixing/09,controlled-v1/normal_mixing/09,SYNTHETIC_CONTROLLED_V1,controlled,SYNTHETIC,False,POISON,joint_by_asset,ETH,COMPLETED,POISON_NOMINAL_RAW,,,,5,5,ETH,[],raw_by_asset_no_cross_asset_sum,d5000a389f7d0d9a2bdf0c610d7c41690943dd1a8c40aa24d0a72e0c5ef98651,QUERY_ACCEPTED
controlled-v1/normal_mixing/09,controlled-v1/normal_mixing/09,SYNTHETIC_CONTROLLED_V1,controlled,SYNTHETIC,False,HAIRCUT,addresses,T|ETH,COMPLETED,PROPORTIONAL_FEASIBLE_POINT,,,25/11,,5,ETH,[],raw_by_asset_no_cross_asset_sum,d5000a389f7d0d9a2bdf0c610d7c41690943dd1a8c40aa24d0a72e0c5ef98651,QUERY_ACCEPTED
controlled-v1/normal_mixing/09,controlled-v1/normal_mixing/09,SYNTHETIC_CONTROLLED_V1,controlled,SYNTHETIC,False,HAIRCUT,events,seed,COMPLETED,PROPORTIONAL_FEASIBLE_POINT,,,5,,5,ETH,[],raw_by_asset_no_cross_asset_sum,d5000a389f7d0d9a2bdf0c610d7c41690943dd1a8c40aa24d0a72e0c5ef98651,QUERY_ACCEPTED
controlled-v1/normal_mixing/09,controlled-v1/normal_mixing/09,SYNTHETIC_CONTROLLED_V1,controlled,SYNTHETIC,False,HAIRCUT,events,enter,COMPLETED,PROPORTIONAL_FEASIBLE_POINT,,,25/11,,5,ETH,[],raw_by_asset_no_cross_asset_sum,d5000a389f7d0d9a2bdf0c610d7c41690943dd1a8c40aa24d0a72e0c5ef98651,QUERY_ACCEPTED
controlled-v1/normal_mixing/09,controlled-v1/normal_mixing/09,SYNTHETIC_CONTROLLED_V1,controlled,SYNTHETIC,False,HAIRCUT,joint_by_asset,ETH,COMPLETED,PROPORTIONAL_FEASIBLE_POINT,,,25/11,,5,ETH,[],raw_by_asset_no_cross_asset_sum,d5000a389f7d0d9a2bdf0c610d7c41690943dd1a8c40aa24d0a72e0c5ef98651,QUERY_ACCEPTED
controlled-v1/normal_mixing/09,controlled-v1/normal_mixing/09,SYNTHETIC_CONTROLLED_V1,controlled,SYNTHETIC,False,NO_CROSS_TARGET_COUPLING,addresses,T|ETH,COMPLETED,product_of_target_specific_copies,0,5,,,5,ETH,[],raw_by_asset_no_cross_asset_sum,d5000a389f7d0d9a2bdf0c610d7c41690943dd1a8c40aa24d0a72e0c5ef98651,QUERY_ACCEPTED
controlled-v1/normal_mixing/09,controlled-v1/normal_mixing/09,SYNTHETIC_CONTROLLED_V1,controlled,SYNTHETIC,False,NO_CROSS_TARGET_COUPLING,events,enter,COMPLETED,product_of_target_specific_copies,0,5,,,5,ETH,[],raw_by_asset_no_cross_asset_sum,d5000a389f7d0d9a2bdf0c610d7c41690943dd1a8c40aa24d0a72e0c5ef98651,QUERY_ACCEPTED
controlled-v1/normal_mixing/09,controlled-v1/normal_mixing/09,SYNTHETIC_CONTROLLED_V1,controlled,SYNTHETIC,False,NO_CROSS_TARGET_COUPLING,joint_by_asset,ETH,COMPLETED,product_of_target_specific_copies,0,5,,,5,ETH,[],raw_by_asset_no_cross_asset_sum,d5000a389f7d0d9a2bdf0c610d7c41690943dd1a8c40aa24d0a72e0c5ef98651,QUERY_ACCEPTED
controlled-v1/normal_mixing/09,controlled-v1/normal_mixing/09,SYNTHETIC_CONTROLLED_V1,controlled,SYNTHETIC,False,NO_PROTOCOL_CONTINUATION,addresses,T|ETH,COMPLETED,feasible_interval,0,5,,,5,ETH,[],raw_by_asset_no_cross_asset_sum,d5000a389f7d0d9a2bdf0c610d7c41690943dd1a8c40aa24d0a72e0c5ef98651,QUERY_ACCEPTED
controlled-v1/normal_mixing/09,controlled-v1/normal_mixing/09,SYNTHETIC_CONTROLLED_V1,controlled,SYNTHETIC,False,NO_PROTOCOL_CONTINUATION,events,enter,COMPLETED,feasible_interval,0,5,,,5,ETH,[],raw_by_asset_no_cross_asset_sum,d5000a389f7d0d9a2bdf0c610d7c41690943dd1a8c40aa24d0a72e0c5ef98651,QUERY_ACCEPTED
controlled-v1/normal_mixing/09,controlled-v1/normal_mixing/09,SYNTHETIC_CONTROLLED_V1,controlled,SYNTHETIC,False,NO_PROTOCOL_CONTINUATION,joint_by_asset,ETH,COMPLETED,feasible_interval,0,5,,,5,ETH,[],raw_by_asset_no_cross_asset_sum,d5000a389f7d0d9a2bdf0c610d7c41690943dd1a8c40aa24d0a72e0c5ef98651,QUERY_ACCEPTED
controlled-v1/split_merge_shared_targets/00,controlled-v1/split_merge_shared_targets/00,SYNTHETIC_CONTROLLED_V1,controlled,SYNTHETIC,False,BOUNDED_REACHABILITY,addresses,T|ETH,COMPLETED,ADDRESS_EVENT_SET_NO_AMOUNT,,,,,2,ETH,[],raw_by_asset_no_cross_asset_sum,abe75b13259b5eee2cfdd5dede8dcb3f18ea328336c8a68d1cf802781a756e05,QUERY_ACCEPTED
controlled-v1/split_merge_shared_targets/00,controlled-v1/split_merge_shared_targets/00,SYNTHETIC_CONTROLLED_V1,controlled,SYNTHETIC,False,BOUNDED_REACHABILITY,addresses,U|ETH,COMPLETED,ADDRESS_EVENT_SET_NO_AMOUNT,,,,,2,ETH,[],raw_by_asset_no_cross_asset_sum,abe75b13259b5eee2cfdd5dede8dcb3f18ea328336c8a68d1cf802781a756e05,QUERY_ACCEPTED
controlled-v1/split_merge_shared_targets/00,controlled-v1/split_merge_shared_targets/00,SYNTHETIC_CONTROLLED_V1,controlled,SYNTHETIC,False,BOUNDED_REACHABILITY,events,seed,COMPLETED,ADDRESS_EVENT_SET_NO_AMOUNT,,,,,2,ETH,[],raw_by_asset_no_cross_asset_sum,abe75b13259b5eee2cfdd5dede8dcb3f18ea328336c8a68d1cf802781a756e05,QUERY_ACCEPTED
controlled-v1/split_merge_shared_targets/00,controlled-v1/split_merge_shared_targets/00,SYNTHETIC_CONTROLLED_V1,controlled,SYNTHETIC,False,BOUNDED_REACHABILITY,events,a_b,COMPLETED,ADDRESS_EVENT_SET_NO_AMOUNT,,,,,2,ETH,[],raw_by_asset_no_cross_asset_sum,abe75b13259b5eee2cfdd5dede8dcb3f18ea328336c8a68d1cf802781a756e05,QUERY_ACCEPTED
controlled-v1/split_merge_shared_targets/00,controlled-v1/split_merge_shared_targets/00,SYNTHETIC_CONTROLLED_V1,controlled,SYNTHETIC,False,BOUNDED_REACHABILITY,events,a_c,COMPLETED,ADDRESS_EVENT_SET_NO_AMOUNT,,,,,2,ETH,[],raw_by_asset_no_cross_asset_sum,abe75b13259b5eee2cfdd5dede8dcb3f18ea328336c8a68d1cf802781a756e05,QUERY_ACCEPTED
controlled-v1/split_merge_shared_targets/00,controlled-v1/split_merge_shared_targets/00,SYNTHETIC_CONTROLLED_V1,controlled,SYNTHETIC,False,BOUNDED_REACHABILITY,events,b_d,COMPLETED,ADDRESS_EVENT_SET_NO_AMOUNT,,,,,2,ETH,[],raw_by_asset_no_cross_asset_sum,abe75b13259b5eee2cfdd5dede8dcb3f18ea328336c8a68d1cf802781a756e05,QUERY_ACCEPTED
controlled-v1/split_merge_shared_targets/00,controlled-v1/split_merge_shared_targets/00,SYNTHETIC_CONTROLLED_V1,controlled,SYNTHETIC,False,BOUNDED_REACHABILITY,events,c_d,COMPLETED,ADDRESS_EVENT_SET_NO_AMOUNT,,,,,2,ETH,[],raw_by_asset_no_cross_asset_sum,abe75b13259b5eee2cfdd5dede8dcb3f18ea328336c8a68d1cf802781a756e05,QUERY_ACCEPTED
controlled-v1/split_merge_shared_targets/00,controlled-v1/split_merge_shared_targets/00,SYNTHETIC_CONTROLLED_V1,controlled,SYNTHETIC,False,BOUNDED_REACHABILITY,events,d_t,COMPLETED,ADDRESS_EVENT_SET_NO_AMOUNT,,,,,2,ETH,[],raw_by_asset_no_cross_asset_sum,abe75b13259b5eee2cfdd5dede8dcb3f18ea328336c8a68d1cf802781a756e05,QUERY_ACCEPTED
controlled-v1/split_merge_shared_targets/00,controlled-v1/split_merge_shared_targets/00,SYNTHETIC_CONTROLLED_V1,controlled,SYNTHETIC,False,BOUNDED_REACHABILITY,events,d_u,COMPLETED,ADDRESS_EVENT_SET_NO_AMOUNT,,,,,2,ETH,[],raw_by_asset_no_cross_asset_sum,abe75b13259b5eee2cfdd5dede8dcb3f18ea328336c8a68d1cf802781a756e05,QUERY_ACCEPTED
controlled-v1/split_merge_shared_targets/00,controlled-v1/split_merge_shared_targets/00,SYNTHETIC_CONTROLLED_V1,controlled,SYNTHETIC,False,BOUNDED_REACHABILITY,joint_by_asset,ETH,COMPLETED,ADDRESS_EVENT_SET_NO_AMOUNT,,,,,4,ETH,[],raw_by_asset_no_cross_asset_sum,abe75b13259b5eee2cfdd5dede8dcb3f18ea328336c8a68d1cf802781a756e05,QUERY_ACCEPTED
controlled-v1/split_merge_shared_targets/00,controlled-v1/split_merge_shared_targets/00,SYNTHETIC_CONTROLLED_V1,controlled,SYNTHETIC,False,POISON,addresses,T|ETH,COMPLETED,POISON_NOMINAL_RAW,,,,2,2,ETH,[],raw_by_asset_no_cross_asset_sum,abe75b13259b5eee2cfdd5dede8dcb3f18ea328336c8a68d1cf802781a756e05,QUERY_ACCEPTED
controlled-v1/split_merge_shared_targets/00,controlled-v1/split_merge_shared_targets/00,SYNTHETIC_CONTROLLED_V1,controlled,SYNTHETIC,False,POISON,addresses,U|ETH,COMPLETED,POISON_NOMINAL_RAW,,,,2,2,ETH,[],raw_by_asset_no_cross_asset_sum,abe75b13259b5eee2cfdd5dede8dcb3f18ea328336c8a68d1cf802781a756e05,QUERY_ACCEPTED
controlled-v1/split_merge_shared_targets/00,controlled-v1/split_merge_shared_targets/00,SYNTHETIC_CONTROLLED_V1,controlled,SYNTHETIC,False,POISON,events,seed,COMPLETED,POISON_NOMINAL_RAW,,,,2,2,ETH,[],raw_by_asset_no_cross_asset_sum,abe75b13259b5eee2cfdd5dede8dcb3f18ea328336c8a68d1cf802781a756e05,QUERY_ACCEPTED
controlled-v1/split_merge_shared_targets/00,controlled-v1/split_merge_shared_targets/00,SYNTHETIC_CONTROLLED_V1,controlled,SYNTHETIC,False,POISON,events,a_b,COMPLETED,POISON_NOMINAL_RAW,,,,2,2,ETH,[],raw_by_asset_no_cross_asset_sum,abe75b13259b5eee2cfdd5dede8dcb3f18ea328336c8a68d1cf802781a756e05,QUERY_ACCEPTED
controlled-v1/split_merge_shared_targets/00,controlled-v1/split_merge_shared_targets/00,SYNTHETIC_CONTROLLED_V1,controlled,SYNTHETIC,False,POISON,events,a_c,COMPLETED,POISON_NOMINAL_RAW,,,,2,2,ETH,[],raw_by_asset_no_cross_asset_sum,abe75b13259b5eee2cfdd5dede8dcb3f18ea328336c8a68d1cf802781a756e05,QUERY_ACCEPTED
controlled-v1/split_merge_shared_targets/00,controlled-v1/split_merge_shared_targets/00,SYNTHETIC_CONTROLLED_V1,controlled,SYNTHETIC,False,POISON,events,b_d,COMPLETED,POISON_NOMINAL_RAW,,,,2,2,ETH,[],raw_by_asset_no_cross_asset_sum,abe75b13259b5eee2cfdd5dede8dcb3f18ea328336c8a68d1cf802781a756e05,QUERY_ACCEPTED
controlled-v1/split_merge_shared_targets/00,controlled-v1/split_merge_shared_targets/00,SYNTHETIC_CONTROLLED_V1,controlled,SYNTHETIC,False,POISON,events,c_d,COMPLETED,POISON_NOMINAL_RAW,,,,2,2,ETH,[],raw_by_asset_no_cross_asset_sum,abe75b13259b5eee2cfdd5dede8dcb3f18ea328336c8a68d1cf802781a756e05,QUERY_ACCEPTED
controlled-v1/split_merge_shared_targets/00,controlled-v1/split_merge_shared_targets/00,SYNTHETIC_CONTROLLED_V1,controlled,SYNTHETIC,False,POISON,events,d_t,COMPLETED,POISON_NOMINAL_RAW,,,,2,2,ETH,[],raw_by_asset_no_cross_asset_sum,abe75b13259b5eee2cfdd5dede8dcb3f18ea328336c8a68d1cf802781a756e05,QUERY_ACCEPTED
controlled-v1/split_merge_shared_targets/00,controlled-v1/split_merge_shared_targets/00,SYNTHETIC_CONTROLLED_V1,controlled,SYNTHETIC,False,POISON,events,d_u,COMPLETED,POISON_NOMINAL_RAW,,,,2,2,ETH,[],raw_by_asset_no_cross_asset_sum,abe75b13259b5eee2cfdd5dede8dcb3f18ea328336c8a68d1cf802781a756e05,QUERY_ACCEPTED
controlled-v1/split_merge_shared_targets/00,controlled-v1/split_merge_shared_targets/00,SYNTHETIC_CONTROLLED_V1,controlled,SYNTHETIC,False,POISON,joint_by_asset,ETH,COMPLETED,POISON_NOMINAL_RAW,,,,4,4,ETH,[],raw_by_asset_no_cross_asset_sum,abe75b13259b5eee2cfdd5dede8dcb3f18ea328336c8a68d1cf802781a756e05,QUERY_ACCEPTED
controlled-v1/split_merge_shared_targets/00,controlled-v1/split_merge_shared_targets/00,SYNTHETIC_CONTROLLED_V1,controlled,SYNTHETIC,False,HAIRCUT,addresses,T|ETH,COMPLETED,PROPORTIONAL_FEASIBLE_POINT,,,1,,2,ETH,[],raw_by_asset_no_cross_asset_sum,abe75b13259b5eee2cfdd5dede8dcb3f18ea328336c8a68d1cf802781a756e05,QUERY_ACCEPTED
controlled-v1/split_merge_shared_targets/00,controlled-v1/split_merge_shared_targets/00,SYNTHETIC_CONTROLLED_V1,controlled,SYNTHETIC,False,HAIRCUT,addresses,U|ETH,COMPLETED,PROPORTIONAL_FEASIBLE_POINT,,,1,,2,ETH,[],raw_by_asset_no_cross_asset_sum,abe75b13259b5eee2cfdd5dede8dcb3f18ea328336c8a68d1cf802781a756e05,QUERY_ACCEPTED
controlled-v1/split_merge_shared_targets/00,controlled-v1/split_merge_shared_targets/00,SYNTHETIC_CONTROLLED_V1,controlled,SYNTHETIC,False,HAIRCUT,events,seed,COMPLETED,PROPORTIONAL_FEASIBLE_POINT,,,2,,2,ETH,[],raw_by_asset_no_cross_asset_sum,abe75b13259b5eee2cfdd5dede8dcb3f18ea328336c8a68d1cf802781a756e05,QUERY_ACCEPTED
controlled-v1/split_merge_shared_targets/00,controlled-v1/split_merge_shared_targets/00,SYNTHETIC_CONTROLLED_V1,controlled,SYNTHETIC,False,HAIRCUT,events,a_b,COMPLETED,PROPORTIONAL_FEASIBLE_POINT,,,1,,2,ETH,[],raw_by_asset_no_cross_asset_sum,abe75b13259b5eee2cfdd5dede8dcb3f18ea328336c8a68d1cf802781a756e05,QUERY_ACCEPTED
controlled-v1/split_merge_shared_targets/00,controlled-v1/split_merge_shared_targets/00,SYNTHETIC_CONTROLLED_V1,controlled,SYNTHETIC,False,HAIRCUT,events,a_c,COMPLETED,PROPORTIONAL_FEASIBLE_POINT,,,1,,2,ETH,[],raw_by_asset_no_cross_asset_sum,abe75b13259b5eee2cfdd5dede8dcb3f18ea328336c8a68d1cf802781a756e05,QUERY_ACCEPTED
controlled-v1/split_merge_shared_targets/00,controlled-v1/split_merge_shared_targets/00,SYNTHETIC_CONTROLLED_V1,controlled,SYNTHETIC,False,HAIRCUT,events,b_d,COMPLETED,PROPORTIONAL_FEASIBLE_POINT,,,1,,2,ETH,[],raw_by_asset_no_cross_asset_sum,abe75b13259b5eee2cfdd5dede8dcb3f18ea328336c8a68d1cf802781a756e05,QUERY_ACCEPTED
controlled-v1/split_merge_shared_targets/00,controlled-v1/split_merge_shared_targets/00,SYNTHETIC_CONTROLLED_V1,controlled,SYNTHETIC,False,HAIRCUT,events,c_d,COMPLETED,PROPORTIONAL_FEASIBLE_POINT,,,1,,2,ETH,[],raw_by_asset_no_cross_asset_sum,abe75b13259b5eee2cfdd5dede8dcb3f18ea328336c8a68d1cf802781a756e05,QUERY_ACCEPTED
controlled-v1/split_merge_shared_targets/00,controlled-v1/split_merge_shared_targets/00,SYNTHETIC_CONTROLLED_V1,controlled,SYNTHETIC,False,HAIRCUT,events,d_t,COMPLETED,PROPORTIONAL_FEASIBLE_POINT,,,1,,2,ETH,[],raw_by_asset_no_cross_asset_sum,abe75b13259b5eee2cfdd5dede8dcb3f18ea328336c8a68d1cf802781a756e05,QUERY_ACCEPTED
controlled-v1/split_merge_shared_targets/00,controlled-v1/split_merge_shared_targets/00,SYNTHETIC_CONTROLLED_V1,controlled,SYNTHETIC,False,HAIRCUT,events,d_u,COMPLETED,PROPORTIONAL_FEASIBLE_POINT,,,1,,2,ETH,[],raw_by_asset_no_cross_asset_sum,abe75b13259b5eee2cfdd5dede8dcb3f18ea328336c8a68d1cf802781a756e05,QUERY_ACCEPTED
controlled-v1/split_merge_shared_targets/00,controlled-v1/split_merge_shared_targets/00,SYNTHETIC_CONTROLLED_V1,controlled,SYNTHETIC,False,HAIRCUT,joint_by_asset,ETH,COMPLETED,PROPORTIONAL_FEASIBLE_POINT,,,2,,4,ETH,[],raw_by_asset_no_cross_asset_sum,abe75b13259b5eee2cfdd5dede8dcb3f18ea328336c8a68d1cf802781a756e05,QUERY_ACCEPTED
controlled-v1/split_merge_shared_targets/00,controlled-v1/split_merge_shared_targets/00,SYNTHETIC_CONTROLLED_V1,controlled,SYNTHETIC,False,NO_CROSS_TARGET_COUPLING,addresses,T|ETH,COMPLETED,product_of_target_specific_copies,0,2,,,2,ETH,[],raw_by_asset_no_cross_asset_sum,abe75b13259b5eee2cfdd5dede8dcb3f18ea328336c8a68d1cf802781a756e05,QUERY_ACCEPTED
controlled-v1/split_merge_shared_targets/00,controlled-v1/split_merge_shared_targets/00,SYNTHETIC_CONTROLLED_V1,controlled,SYNTHETIC,False,NO_CROSS_TARGET_COUPLING,addresses,U|ETH,COMPLETED,product_of_target_specific_copies,0,2,,,2,ETH,[],raw_by_asset_no_cross_asset_sum,abe75b13259b5eee2cfdd5dede8dcb3f18ea328336c8a68d1cf802781a756e05,QUERY_ACCEPTED
controlled-v1/split_merge_shared_targets/00,controlled-v1/split_merge_shared_targets/00,SYNTHETIC_CONTROLLED_V1,controlled,SYNTHETIC,False,NO_CROSS_TARGET_COUPLING,events,d_t,COMPLETED,product_of_target_specific_copies,0,2,,,2,ETH,[],raw_by_asset_no_cross_asset_sum,abe75b13259b5eee2cfdd5dede8dcb3f18ea328336c8a68d1cf802781a756e05,QUERY_ACCEPTED
controlled-v1/split_merge_shared_targets/00,controlled-v1/split_merge_shared_targets/00,SYNTHETIC_CONTROLLED_V1,controlled,SYNTHETIC,False,NO_CROSS_TARGET_COUPLING,events,d_u,COMPLETED,product_of_target_specific_copies,0,2,,,2,ETH,[],raw_by_asset_no_cross_asset_sum,abe75b13259b5eee2cfdd5dede8dcb3f18ea328336c8a68d1cf802781a756e05,QUERY_ACCEPTED
controlled-v1/split_merge_shared_targets/00,controlled-v1/split_merge_shared_targets/00,SYNTHETIC_CONTROLLED_V1,controlled,SYNTHETIC,False,NO_CROSS_TARGET_COUPLING,joint_by_asset,ETH,COMPLETED,product_of_target_specific_copies,0,4,,,4,ETH,[],raw_by_asset_no_cross_asset_sum,abe75b13259b5eee2cfdd5dede8dcb3f18ea328336c8a68d1cf802781a756e05,QUERY_ACCEPTED
controlled-v1/split_merge_shared_targets/00,controlled-v1/split_merge_shared_targets/00,SYNTHETIC_CONTROLLED_V1,controlled,SYNTHETIC,False,NO_PROTOCOL_CONTINUATION,addresses,T|ETH,COMPLETED,feasible_interval,0,2,,,2,ETH,[],raw_by_asset_no_cross_asset_sum,abe75b13259b5eee2cfdd5dede8dcb3f18ea328336c8a68d1cf802781a756e05,QUERY_ACCEPTED
controlled-v1/split_merge_shared_targets/00,controlled-v1/split_merge_shared_targets/00,SYNTHETIC_CONTROLLED_V1,controlled,SYNTHETIC,False,NO_PROTOCOL_CONTINUATION,addresses,U|ETH,COMPLETED,feasible_interval,0,2,,,2,ETH,[],raw_by_asset_no_cross_asset_sum,abe75b13259b5eee2cfdd5dede8dcb3f18ea328336c8a68d1cf802781a756e05,QUERY_ACCEPTED
controlled-v1/split_merge_shared_targets/00,controlled-v1/split_merge_shared_targets/00,SYNTHETIC_CONTROLLED_V1,controlled,SYNTHETIC,False,NO_PROTOCOL_CONTINUATION,events,d_t,COMPLETED,feasible_interval,0,2,,,2,ETH,[],raw_by_asset_no_cross_asset_sum,abe75b13259b5eee2cfdd5dede8dcb3f18ea328336c8a68d1cf802781a756e05,QUERY_ACCEPTED
controlled-v1/split_merge_shared_targets/00,controlled-v1/split_merge_shared_targets/00,SYNTHETIC_CONTROLLED_V1,controlled,SYNTHETIC,False,NO_PROTOCOL_CONTINUATION,events,d_u,COMPLETED,feasible_interval,0,2,,,2,ETH,[],raw_by_asset_no_cross_asset_sum,abe75b13259b5eee2cfdd5dede8dcb3f18ea328336c8a68d1cf802781a756e05,QUERY_ACCEPTED
controlled-v1/split_merge_shared_targets/00,controlled-v1/split_merge_shared_targets/00,SYNTHETIC_CONTROLLED_V1,controlled,SYNTHETIC,False,NO_PROTOCOL_CONTINUATION,joint_by_asset,ETH,COMPLETED,feasible_interval,2,2,,,4,ETH,[],raw_by_asset_no_cross_asset_sum,abe75b13259b5eee2cfdd5dede8dcb3f18ea328336c8a68d1cf802781a756e05,QUERY_ACCEPTED
controlled-v1/split_merge_shared_targets/00,controlled-v1/split_merge_shared_targets/00,SYNTHETIC_CONTROLLED_V1,controlled,SYNTHETIC,False,BALANCE_INFORMATION_REMOVED,addresses,T|ETH,COMPLETED,feasible_interval,0,2,,,2,ETH,[],raw_by_asset_no_cross_asset_sum,abe75b13259b5eee2cfdd5dede8dcb3f18ea328336c8a68d1cf802781a756e05,QUERY_ACCEPTED
controlled-v1/split_merge_shared_targets/00,controlled-v1/split_merge_shared_targets/00,SYNTHETIC_CONTROLLED_V1,controlled,SYNTHETIC,False,BALANCE_INFORMATION_REMOVED,addresses,U|ETH,COMPLETED,feasible_interval,0,2,,,2,ETH,[],raw_by_asset_no_cross_asset_sum,abe75b13259b5eee2cfdd5dede8dcb3f18ea328336c8a68d1cf802781a756e05,QUERY_ACCEPTED
controlled-v1/split_merge_shared_targets/00,controlled-v1/split_merge_shared_targets/00,SYNTHETIC_CONTROLLED_V1,controlled,SYNTHETIC,False,BALANCE_INFORMATION_REMOVED,events,d_t,COMPLETED,feasible_interval,0,2,,,2,ETH,[],raw_by_asset_no_cross_asset_sum,abe75b13259b5eee2cfdd5dede8dcb3f18ea328336c8a68d1cf802781a756e05,QUERY_ACCEPTED
controlled-v1/split_merge_shared_targets/00,controlled-v1/split_merge_shared_targets/00,SYNTHETIC_CONTROLLED_V1,controlled,SYNTHETIC,False,BALANCE_INFORMATION_REMOVED,events,d_u,COMPLETED,feasible_interval,0,2,,,2,ETH,[],raw_by_asset_no_cross_asset_sum,abe75b13259b5eee2cfdd5dede8dcb3f18ea328336c8a68d1cf802781a756e05,QUERY_ACCEPTED
controlled-v1/split_merge_shared_targets/00,controlled-v1/split_merge_shared_targets/00,SYNTHETIC_CONTROLLED_V1,controlled,SYNTHETIC,False,BALANCE_INFORMATION_REMOVED,joint_by_asset,ETH,COMPLETED,feasible_interval,0,2,,,4,ETH,[],raw_by_asset_no_cross_asset_sum,abe75b13259b5eee2cfdd5dede8dcb3f18ea328336c8a68d1cf802781a756e05,QUERY_ACCEPTED
controlled-v1/split_merge_shared_targets/00,controlled-v1/split_merge_shared_targets/00,SYNTHETIC_CONTROLLED_V1,controlled,SYNTHETIC,False,FULL_INTERVAL,addresses,T|ETH,COMPLETED,feasible_interval,0,2,,,2,ETH,[],raw_by_asset_no_cross_asset_sum,abe75b13259b5eee2cfdd5dede8dcb3f18ea328336c8a68d1cf802781a756e05,QUERY_ACCEPTED
controlled-v1/split_merge_shared_targets/00,controlled-v1/split_merge_shared_targets/00,SYNTHETIC_CONTROLLED_V1,controlled,SYNTHETIC,False,FULL_INTERVAL,addresses,U|ETH,COMPLETED,feasible_interval,0,2,,,2,ETH,[],raw_by_asset_no_cross_asset_sum,abe75b13259b5eee2cfdd5dede8dcb3f18ea328336c8a68d1cf802781a756e05,QUERY_ACCEPTED
controlled-v1/split_merge_shared_targets/00,controlled-v1/split_merge_shared_targets/00,SYNTHETIC_CONTROLLED_V1,controlled,SYNTHETIC,False,FULL_INTERVAL,events,d_t,COMPLETED,feasible_interval,0,2,,,2,ETH,[],raw_by_asset_no_cross_asset_sum,abe75b13259b5eee2cfdd5dede8dcb3f18ea328336c8a68d1cf802781a756e05,QUERY_ACCEPTED
controlled-v1/split_merge_shared_targets/00,controlled-v1/split_merge_shared_targets/00,SYNTHETIC_CONTROLLED_V1,controlled,SYNTHETIC,False,FULL_INTERVAL,events,d_u,COMPLETED,feasible_interval,0,2,,,2,ETH,[],raw_by_asset_no_cross_asset_sum,abe75b13259b5eee2cfdd5dede8dcb3f18ea328336c8a68d1cf802781a756e05,QUERY_ACCEPTED
controlled-v1/split_merge_shared_targets/00,controlled-v1/split_merge_shared_targets/00,SYNTHETIC_CONTROLLED_V1,controlled,SYNTHETIC,False,FULL_INTERVAL,joint_by_asset,ETH,COMPLETED,feasible_interval,2,2,,,4,ETH,[],raw_by_asset_no_cross_asset_sum,abe75b13259b5eee2cfdd5dede8dcb3f18ea328336c8a68d1cf802781a756e05,QUERY_ACCEPTED
controlled-v1/split_merge_shared_targets/01,controlled-v1/split_merge_shared_targets/01,SYNTHETIC_CONTROLLED_V1,controlled,SYNTHETIC,False,FULL_INTERVAL,addresses,T|ETH,COMPLETED,feasible_interval,0,2,,,2,ETH,[],raw_by_asset_no_cross_asset_sum,9f73fb4f41f6db06d8ec26632eabb241305bf5405266bcc93ed441e2aee84d11,QUERY_ACCEPTED
controlled-v1/split_merge_shared_targets/01,controlled-v1/split_merge_shared_targets/01,SYNTHETIC_CONTROLLED_V1,controlled,SYNTHETIC,False,FULL_INTERVAL,addresses,U|ETH,COMPLETED,feasible_interval,0,2,,,2,ETH,[],raw_by_asset_no_cross_asset_sum,9f73fb4f41f6db06d8ec26632eabb241305bf5405266bcc93ed441e2aee84d11,QUERY_ACCEPTED
controlled-v1/split_merge_shared_targets/01,controlled-v1/split_merge_shared_targets/01,SYNTHETIC_CONTROLLED_V1,controlled,SYNTHETIC,False,FULL_INTERVAL,events,shared_split:output0,COMPLETED,feasible_interval,0,2,,,2,ETH,[],raw_by_asset_no_cross_asset_sum,9f73fb4f41f6db06d8ec26632eabb241305bf5405266bcc93ed441e2aee84d11,QUERY_ACCEPTED
controlled-v1/split_merge_shared_targets/01,controlled-v1/split_merge_shared_targets/01,SYNTHETIC_CONTROLLED_V1,controlled,SYNTHETIC,False,FULL_INTERVAL,events,shared_split:output1,COMPLETED,feasible_interval,0,2,,,2,ETH,[],raw_by_asset_no_cross_asset_sum,9f73fb4f41f6db06d8ec26632eabb241305bf5405266bcc93ed441e2aee84d11,QUERY_ACCEPTED
controlled-v1/split_merge_shared_targets/01,controlled-v1/split_merge_shared_targets/01,SYNTHETIC_CONTROLLED_V1,controlled,SYNTHETIC,False,FULL_INTERVAL,joint_by_asset,ETH,COMPLETED,feasible_interval,2,2,,,4,ETH,[],raw_by_asset_no_cross_asset_sum,9f73fb4f41f6db06d8ec26632eabb241305bf5405266bcc93ed441e2aee84d11,QUERY_ACCEPTED
controlled-v1/split_merge_shared_targets/01,controlled-v1/split_merge_shared_targets/01,SYNTHETIC_CONTROLLED_V1,controlled,SYNTHETIC,False,BOUNDED_REACHABILITY,addresses,T|ETH,COMPLETED,ADDRESS_EVENT_SET_NO_AMOUNT,,,,,2,ETH,[],raw_by_asset_no_cross_asset_sum,9f73fb4f41f6db06d8ec26632eabb241305bf5405266bcc93ed441e2aee84d11,QUERY_ACCEPTED
controlled-v1/split_merge_shared_targets/01,controlled-v1/split_merge_shared_targets/01,SYNTHETIC_CONTROLLED_V1,controlled,SYNTHETIC,False,BOUNDED_REACHABILITY,addresses,U|ETH,COMPLETED,ADDRESS_EVENT_SET_NO_AMOUNT,,,,,2,ETH,[],raw_by_asset_no_cross_asset_sum,9f73fb4f41f6db06d8ec26632eabb241305bf5405266bcc93ed441e2aee84d11,QUERY_ACCEPTED
controlled-v1/split_merge_shared_targets/01,controlled-v1/split_merge_shared_targets/01,SYNTHETIC_CONTROLLED_V1,controlled,SYNTHETIC,False,BOUNDED_REACHABILITY,events,seed,COMPLETED,ADDRESS_EVENT_SET_NO_AMOUNT,,,,,2,ETH,[],raw_by_asset_no_cross_asset_sum,9f73fb4f41f6db06d8ec26632eabb241305bf5405266bcc93ed441e2aee84d11,QUERY_ACCEPTED
controlled-v1/split_merge_shared_targets/01,controlled-v1/split_merge_shared_targets/01,SYNTHETIC_CONTROLLED_V1,controlled,SYNTHETIC,False,BOUNDED_REACHABILITY,events,a_b,COMPLETED,ADDRESS_EVENT_SET_NO_AMOUNT,,,,,2,ETH,[],raw_by_asset_no_cross_asset_sum,9f73fb4f41f6db06d8ec26632eabb241305bf5405266bcc93ed441e2aee84d11,QUERY_ACCEPTED
controlled-v1/split_merge_shared_targets/01,controlled-v1/split_merge_shared_targets/01,SYNTHETIC_CONTROLLED_V1,controlled,SYNTHETIC,False,BOUNDED_REACHABILITY,events,a_c,COMPLETED,ADDRESS_EVENT_SET_NO_AMOUNT,,,,,2,ETH,[],raw_by_asset_no_cross_asset_sum,9f73fb4f41f6db06d8ec26632eabb241305bf5405266bcc93ed441e2aee84d11,QUERY_ACCEPTED
controlled-v1/split_merge_shared_targets/01,controlled-v1/split_merge_shared_targets/01,SYNTHETIC_CONTROLLED_V1,controlled,SYNTHETIC,False,BOUNDED_REACHABILITY,events,b_d,COMPLETED,ADDRESS_EVENT_SET_NO_AMOUNT,,,,,2,ETH,[],raw_by_asset_no_cross_asset_sum,9f73fb4f41f6db06d8ec26632eabb241305bf5405266bcc93ed441e2aee84d11,QUERY_ACCEPTED
controlled-v1/split_merge_shared_targets/01,controlled-v1/split_merge_shared_targets/01,SYNTHETIC_CONTROLLED_V1,controlled,SYNTHETIC,False,BOUNDED_REACHABILITY,events,c_d,COMPLETED,ADDRESS_EVENT_SET_NO_AMOUNT,,,,,2,ETH,[],raw_by_asset_no_cross_asset_sum,9f73fb4f41f6db06d8ec26632eabb241305bf5405266bcc93ed441e2aee84d11,QUERY_ACCEPTED
controlled-v1/split_merge_shared_targets/01,controlled-v1/split_merge_shared_targets/01,SYNTHETIC_CONTROLLED_V1,controlled,SYNTHETIC,False,BOUNDED_REACHABILITY,events,shared_split:input,COMPLETED,ADDRESS_EVENT_SET_NO_AMOUNT,,,,,4,ETH,[],raw_by_asset_no_cross_asset_sum,9f73fb4f41f6db06d8ec26632eabb241305bf5405266bcc93ed441e2aee84d11,QUERY_ACCEPTED
controlled-v1/split_merge_shared_targets/01,controlled-v1/split_merge_shared_targets/01,SYNTHETIC_CONTROLLED_V1,controlled,SYNTHETIC,False,BOUNDED_REACHABILITY,events,shared_split:output0,COMPLETED,ADDRESS_EVENT_SET_NO_AMOUNT,,,,,2,ETH,[],raw_by_asset_no_cross_asset_sum,9f73fb4f41f6db06d8ec26632eabb241305bf5405266bcc93ed441e2aee84d11,QUERY_ACCEPTED
controlled-v1/split_merge_shared_targets/01,controlled-v1/split_merge_shared_targets/01,SYNTHETIC_CONTROLLED_V1,controlled,SYNTHETIC,False,BOUNDED_REACHABILITY,events,shared_split:output1,COMPLETED,ADDRESS_EVENT_SET_NO_AMOUNT,,,,,2,ETH,[],raw_by_asset_no_cross_asset_sum,9f73fb4f41f6db06d8ec26632eabb241305bf5405266bcc93ed441e2aee84d11,QUERY_ACCEPTED
controlled-v1/split_merge_shared_targets/01,controlled-v1/split_merge_shared_targets/01,SYNTHETIC_CONTROLLED_V1,controlled,SYNTHETIC,False,BOUNDED_REACHABILITY,joint_by_asset,ETH,COMPLETED,ADDRESS_EVENT_SET_NO_AMOUNT,,,,,4,ETH,[],raw_by_asset_no_cross_asset_sum,9f73fb4f41f6db06d8ec26632eabb241305bf5405266bcc93ed441e2aee84d11,QUERY_ACCEPTED
controlled-v1/split_merge_shared_targets/01,controlled-v1/split_merge_shared_targets/01,SYNTHETIC_CONTROLLED_V1,controlled,SYNTHETIC,False,POISON,addresses,T|ETH,COMPLETED,POISON_NOMINAL_RAW,,,,2,2,ETH,[],raw_by_asset_no_cross_asset_sum,9f73fb4f41f6db06d8ec26632eabb241305bf5405266bcc93ed441e2aee84d11,QUERY_ACCEPTED
controlled-v1/split_merge_shared_targets/01,controlled-v1/split_merge_shared_targets/01,SYNTHETIC_CONTROLLED_V1,controlled,SYNTHETIC,False,POISON,addresses,U|ETH,COMPLETED,POISON_NOMINAL_RAW,,,,2,2,ETH,[],raw_by_asset_no_cross_asset_sum,9f73fb4f41f6db06d8ec26632eabb241305bf5405266bcc93ed441e2aee84d11,QUERY_ACCEPTED
controlled-v1/split_merge_shared_targets/01,controlled-v1/split_merge_shared_targets/01,SYNTHETIC_CONTROLLED_V1,controlled,SYNTHETIC,False,POISON,events,seed,COMPLETED,POISON_NOMINAL_RAW,,,,2,2,ETH,[],raw_by_asset_no_cross_asset_sum,9f73fb4f41f6db06d8ec26632eabb241305bf5405266bcc93ed441e2aee84d11,QUERY_ACCEPTED
controlled-v1/split_merge_shared_targets/01,controlled-v1/split_merge_shared_targets/01,SYNTHETIC_CONTROLLED_V1,controlled,SYNTHETIC,False,POISON,events,a_b,COMPLETED,POISON_NOMINAL_RAW,,,,2,2,ETH,[],raw_by_asset_no_cross_asset_sum,9f73fb4f41f6db06d8ec26632eabb241305bf5405266bcc93ed441e2aee84d11,QUERY_ACCEPTED
controlled-v1/split_merge_shared_targets/01,controlled-v1/split_merge_shared_targets/01,SYNTHETIC_CONTROLLED_V1,controlled,SYNTHETIC,False,POISON,events,a_c,COMPLETED,POISON_NOMINAL_RAW,,,,2,2,ETH,[],raw_by_asset_no_cross_asset_sum,9f73fb4f41f6db06d8ec26632eabb241305bf5405266bcc93ed441e2aee84d11,QUERY_ACCEPTED
controlled-v1/split_merge_shared_targets/01,controlled-v1/split_merge_shared_targets/01,SYNTHETIC_CONTROLLED_V1,controlled,SYNTHETIC,False,POISON,events,b_d,COMPLETED,POISON_NOMINAL_RAW,,,,2,2,ETH,[],raw_by_asset_no_cross_asset_sum,9f73fb4f41f6db06d8ec26632eabb241305bf5405266bcc93ed441e2aee84d11,QUERY_ACCEPTED
controlled-v1/split_merge_shared_targets/01,controlled-v1/split_merge_shared_targets/01,SYNTHETIC_CONTROLLED_V1,controlled,SYNTHETIC,False,POISON,events,c_d,COMPLETED,POISON_NOMINAL_RAW,,,,2,2,ETH,[],raw_by_asset_no_cross_asset_sum,9f73fb4f41f6db06d8ec26632eabb241305bf5405266bcc93ed441e2aee84d11,QUERY_ACCEPTED
controlled-v1/split_merge_shared_targets/01,controlled-v1/split_merge_shared_targets/01,SYNTHETIC_CONTROLLED_V1,controlled,SYNTHETIC,False,POISON,events,shared_split:input,COMPLETED,POISON_NOMINAL_RAW,,,,4,4,ETH,[],raw_by_asset_no_cross_asset_sum,9f73fb4f41f6db06d8ec26632eabb241305bf5405266bcc93ed441e2aee84d11,QUERY_ACCEPTED
controlled-v1/split_merge_shared_targets/01,controlled-v1/split_merge_shared_targets/01,SYNTHETIC_CONTROLLED_V1,controlled,SYNTHETIC,False,POISON,events,shared_split:output0,COMPLETED,POISON_NOMINAL_RAW,,,,2,2,ETH,[],raw_by_asset_no_cross_asset_sum,9f73fb4f41f6db06d8ec26632eabb241305bf5405266bcc93ed441e2aee84d11,QUERY_ACCEPTED
controlled-v1/split_merge_shared_targets/01,controlled-v1/split_merge_shared_targets/01,SYNTHETIC_CONTROLLED_V1,controlled,SYNTHETIC,False,POISON,events,shared_split:output1,COMPLETED,POISON_NOMINAL_RAW,,,,2,2,ETH,[],raw_by_asset_no_cross_asset_sum,9f73fb4f41f6db06d8ec26632eabb241305bf5405266bcc93ed441e2aee84d11,QUERY_ACCEPTED
controlled-v1/split_merge_shared_targets/01,controlled-v1/split_merge_shared_targets/01,SYNTHETIC_CONTROLLED_V1,controlled,SYNTHETIC,False,POISON,joint_by_asset,ETH,COMPLETED,POISON_NOMINAL_RAW,,,,4,4,ETH,[],raw_by_asset_no_cross_asset_sum,9f73fb4f41f6db06d8ec26632eabb241305bf5405266bcc93ed441e2aee84d11,QUERY_ACCEPTED
controlled-v1/split_merge_shared_targets/01,controlled-v1/split_merge_shared_targets/01,SYNTHETIC_CONTROLLED_V1,controlled,SYNTHETIC,False,HAIRCUT,addresses,T|ETH,COMPLETED,PROPORTIONAL_FEASIBLE_POINT,,,1,,2,ETH,[],raw_by_asset_no_cross_asset_sum,9f73fb4f41f6db06d8ec26632eabb241305bf5405266bcc93ed441e2aee84d11,QUERY_ACCEPTED
controlled-v1/split_merge_shared_targets/01,controlled-v1/split_merge_shared_targets/01,SYNTHETIC_CONTROLLED_V1,controlled,SYNTHETIC,False,HAIRCUT,addresses,U|ETH,COMPLETED,PROPORTIONAL_FEASIBLE_POINT,,,1,,2,ETH,[],raw_by_asset_no_cross_asset_sum,9f73fb4f41f6db06d8ec26632eabb241305bf5405266bcc93ed441e2aee84d11,QUERY_ACCEPTED
controlled-v1/split_merge_shared_targets/01,controlled-v1/split_merge_shared_targets/01,SYNTHETIC_CONTROLLED_V1,controlled,SYNTHETIC,False,HAIRCUT,events,seed,COMPLETED,PROPORTIONAL_FEASIBLE_POINT,,,2,,2,ETH,[],raw_by_asset_no_cross_asset_sum,9f73fb4f41f6db06d8ec26632eabb241305bf5405266bcc93ed441e2aee84d11,QUERY_ACCEPTED
controlled-v1/split_merge_shared_targets/01,controlled-v1/split_merge_shared_targets/01,SYNTHETIC_CONTROLLED_V1,controlled,SYNTHETIC,False,HAIRCUT,events,a_b,COMPLETED,PROPORTIONAL_FEASIBLE_POINT,,,1,,2,ETH,[],raw_by_asset_no_cross_asset_sum,9f73fb4f41f6db06d8ec26632eabb241305bf5405266bcc93ed441e2aee84d11,QUERY_ACCEPTED
controlled-v1/split_merge_shared_targets/01,controlled-v1/split_merge_shared_targets/01,SYNTHETIC_CONTROLLED_V1,controlled,SYNTHETIC,False,HAIRCUT,events,a_c,COMPLETED,PROPORTIONAL_FEASIBLE_POINT,,,1,,2,ETH,[],raw_by_asset_no_cross_asset_sum,9f73fb4f41f6db06d8ec26632eabb241305bf5405266bcc93ed441e2aee84d11,QUERY_ACCEPTED
controlled-v1/split_merge_shared_targets/01,controlled-v1/split_merge_shared_targets/01,SYNTHETIC_CONTROLLED_V1,controlled,SYNTHETIC,False,HAIRCUT,events,b_d,COMPLETED,PROPORTIONAL_FEASIBLE_POINT,,,1,,2,ETH,[],raw_by_asset_no_cross_asset_sum,9f73fb4f41f6db06d8ec26632eabb241305bf5405266bcc93ed441e2aee84d11,QUERY_ACCEPTED
controlled-v1/split_merge_shared_targets/01,controlled-v1/split_merge_shared_targets/01,SYNTHETIC_CONTROLLED_V1,controlled,SYNTHETIC,False,HAIRCUT,events,c_d,COMPLETED,PROPORTIONAL_FEASIBLE_POINT,,,1,,2,ETH,[],raw_by_asset_no_cross_asset_sum,9f73fb4f41f6db06d8ec26632eabb241305bf5405266bcc93ed441e2aee84d11,QUERY_ACCEPTED
controlled-v1/split_merge_shared_targets/01,controlled-v1/split_merge_shared_targets/01,SYNTHETIC_CONTROLLED_V1,controlled,SYNTHETIC,False,HAIRCUT,events,shared_split:input,COMPLETED,PROPORTIONAL_FEASIBLE_POINT,,,2,,4,ETH,[],raw_by_asset_no_cross_asset_sum,9f73fb4f41f6db06d8ec26632eabb241305bf5405266bcc93ed441e2aee84d11,QUERY_ACCEPTED
controlled-v1/split_merge_shared_targets/01,controlled-v1/split_merge_shared_targets/01,SYNTHETIC_CONTROLLED_V1,controlled,SYNTHETIC,False,HAIRCUT,events,shared_split:output0,COMPLETED,PROPORTIONAL_FEASIBLE_POINT,,,1,,2,ETH,[],raw_by_asset_no_cross_asset_sum,9f73fb4f41f6db06d8ec26632eabb241305bf5405266bcc93ed441e2aee84d11,QUERY_ACCEPTED
controlled-v1/split_merge_shared_targets/01,controlled-v1/split_merge_shared_targets/01,SYNTHETIC_CONTROLLED_V1,controlled,SYNTHETIC,False,HAIRCUT,events,shared_split:output1,COMPLETED,PROPORTIONAL_FEASIBLE_POINT,,,1,,2,ETH,[],raw_by_asset_no_cross_asset_sum,9f73fb4f41f6db06d8ec26632eabb241305bf5405266bcc93ed441e2aee84d11,QUERY_ACCEPTED
controlled-v1/split_merge_shared_targets/01,controlled-v1/split_merge_shared_targets/01,SYNTHETIC_CONTROLLED_V1,controlled,SYNTHETIC,False,HAIRCUT,joint_by_asset,ETH,COMPLETED,PROPORTIONAL_FEASIBLE_POINT,,,2,,4,ETH,[],raw_by_asset_no_cross_asset_sum,9f73fb4f41f6db06d8ec26632eabb241305bf5405266bcc93ed441e2aee84d11,QUERY_ACCEPTED
controlled-v1/split_merge_shared_targets/01,controlled-v1/split_merge_shared_targets/01,SYNTHETIC_CONTROLLED_V1,controlled,SYNTHETIC,False,NO_CROSS_TARGET_COUPLING,addresses,T|ETH,COMPLETED,product_of_target_specific_copies,0,2,,,2,ETH,[],raw_by_asset_no_cross_asset_sum,9f73fb4f41f6db06d8ec26632eabb241305bf5405266bcc93ed441e2aee84d11,QUERY_ACCEPTED
controlled-v1/split_merge_shared_targets/01,controlled-v1/split_merge_shared_targets/01,SYNTHETIC_CONTROLLED_V1,controlled,SYNTHETIC,False,NO_CROSS_TARGET_COUPLING,addresses,U|ETH,COMPLETED,product_of_target_specific_copies,0,2,,,2,ETH,[],raw_by_asset_no_cross_asset_sum,9f73fb4f41f6db06d8ec26632eabb241305bf5405266bcc93ed441e2aee84d11,QUERY_ACCEPTED
controlled-v1/split_merge_shared_targets/01,controlled-v1/split_merge_shared_targets/01,SYNTHETIC_CONTROLLED_V1,controlled,SYNTHETIC,False,NO_CROSS_TARGET_COUPLING,events,shared_split:output0,COMPLETED,product_of_target_specific_copies,0,2,,,2,ETH,[],raw_by_asset_no_cross_asset_sum,9f73fb4f41f6db06d8ec26632eabb241305bf5405266bcc93ed441e2aee84d11,QUERY_ACCEPTED
controlled-v1/split_merge_shared_targets/01,controlled-v1/split_merge_shared_targets/01,SYNTHETIC_CONTROLLED_V1,controlled,SYNTHETIC,False,NO_CROSS_TARGET_COUPLING,events,shared_split:output1,COMPLETED,product_of_target_specific_copies,0,2,,,2,ETH,[],raw_by_asset_no_cross_asset_sum,9f73fb4f41f6db06d8ec26632eabb241305bf5405266bcc93ed441e2aee84d11,QUERY_ACCEPTED
controlled-v1/split_merge_shared_targets/01,controlled-v1/split_merge_shared_targets/01,SYNTHETIC_CONTROLLED_V1,controlled,SYNTHETIC,False,NO_CROSS_TARGET_COUPLING,joint_by_asset,ETH,COMPLETED,product_of_target_specific_copies,0,4,,,4,ETH,[],raw_by_asset_no_cross_asset_sum,9f73fb4f41f6db06d8ec26632eabb241305bf5405266bcc93ed441e2aee84d11,QUERY_ACCEPTED
controlled-v1/split_merge_shared_targets/01,controlled-v1/split_merge_shared_targets/01,SYNTHETIC_CONTROLLED_V1,controlled,SYNTHETIC,False,NO_PROTOCOL_CONTINUATION,addresses,T|ETH,COMPLETED,feasible_interval,0,2,,,2,ETH,[],raw_by_asset_no_cross_asset_sum,9f73fb4f41f6db06d8ec26632eabb241305bf5405266bcc93ed441e2aee84d11,QUERY_ACCEPTED
controlled-v1/split_merge_shared_targets/01,controlled-v1/split_merge_shared_targets/01,SYNTHETIC_CONTROLLED_V1,controlled,SYNTHETIC,False,NO_PROTOCOL_CONTINUATION,addresses,U|ETH,COMPLETED,feasible_interval,0,2,,,2,ETH,[],raw_by_asset_no_cross_asset_sum,9f73fb4f41f6db06d8ec26632eabb241305bf5405266bcc93ed441e2aee84d11,QUERY_ACCEPTED
controlled-v1/split_merge_shared_targets/01,controlled-v1/split_merge_shared_targets/01,SYNTHETIC_CONTROLLED_V1,controlled,SYNTHETIC,False,NO_PROTOCOL_CONTINUATION,events,shared_split:output0,COMPLETED,feasible_interval,0,2,,,2,ETH,[],raw_by_asset_no_cross_asset_sum,9f73fb4f41f6db06d8ec26632eabb241305bf5405266bcc93ed441e2aee84d11,QUERY_ACCEPTED
controlled-v1/split_merge_shared_targets/01,controlled-v1/split_merge_shared_targets/01,SYNTHETIC_CONTROLLED_V1,controlled,SYNTHETIC,False,NO_PROTOCOL_CONTINUATION,events,shared_split:output1,COMPLETED,feasible_interval,0,2,,,2,ETH,[],raw_by_asset_no_cross_asset_sum,9f73fb4f41f6db06d8ec26632eabb241305bf5405266bcc93ed441e2aee84d11,QUERY_ACCEPTED
controlled-v1/split_merge_shared_targets/01,controlled-v1/split_merge_shared_targets/01,SYNTHETIC_CONTROLLED_V1,controlled,SYNTHETIC,False,NO_PROTOCOL_CONTINUATION,joint_by_asset,ETH,COMPLETED,feasible_interval,2,2,,,4,ETH,[],raw_by_asset_no_cross_asset_sum,9f73fb4f41f6db06d8ec26632eabb241305bf5405266bcc93ed441e2aee84d11,QUERY_ACCEPTED
controlled-v1/split_merge_shared_targets/01,controlled-v1/split_merge_shared_targets/01,SYNTHETIC_CONTROLLED_V1,controlled,SYNTHETIC,False,BALANCE_INFORMATION_REMOVED,addresses,T|ETH,COMPLETED,feasible_interval,0,2,,,2,ETH,[],raw_by_asset_no_cross_asset_sum,9f73fb4f41f6db06d8ec26632eabb241305bf5405266bcc93ed441e2aee84d11,QUERY_ACCEPTED
controlled-v1/split_merge_shared_targets/01,controlled-v1/split_merge_shared_targets/01,SYNTHETIC_CONTROLLED_V1,controlled,SYNTHETIC,False,BALANCE_INFORMATION_REMOVED,addresses,U|ETH,COMPLETED,feasible_interval,0,2,,,2,ETH,[],raw_by_asset_no_cross_asset_sum,9f73fb4f41f6db06d8ec26632eabb241305bf5405266bcc93ed441e2aee84d11,QUERY_ACCEPTED
controlled-v1/split_merge_shared_targets/01,controlled-v1/split_merge_shared_targets/01,SYNTHETIC_CONTROLLED_V1,controlled,SYNTHETIC,False,BALANCE_INFORMATION_REMOVED,events,shared_split:output0,COMPLETED,feasible_interval,0,2,,,2,ETH,[],raw_by_asset_no_cross_asset_sum,9f73fb4f41f6db06d8ec26632eabb241305bf5405266bcc93ed441e2aee84d11,QUERY_ACCEPTED
controlled-v1/split_merge_shared_targets/01,controlled-v1/split_merge_shared_targets/01,SYNTHETIC_CONTROLLED_V1,controlled,SYNTHETIC,False,BALANCE_INFORMATION_REMOVED,events,shared_split:output1,COMPLETED,feasible_interval,0,2,,,2,ETH,[],raw_by_asset_no_cross_asset_sum,9f73fb4f41f6db06d8ec26632eabb241305bf5405266bcc93ed441e2aee84d11,QUERY_ACCEPTED
controlled-v1/split_merge_shared_targets/01,controlled-v1/split_merge_shared_targets/01,SYNTHETIC_CONTROLLED_V1,controlled,SYNTHETIC,False,BALANCE_INFORMATION_REMOVED,joint_by_asset,ETH,COMPLETED,feasible_interval,0,2,,,4,ETH,[],raw_by_asset_no_cross_asset_sum,9f73fb4f41f6db06d8ec26632eabb241305bf5405266bcc93ed441e2aee84d11,QUERY_ACCEPTED
controlled-v1/split_merge_shared_targets/02,controlled-v1/split_merge_shared_targets/02,SYNTHETIC_CONTROLLED_V1,controlled,SYNTHETIC,False,NO_CROSS_TARGET_COUPLING,addresses,T|ETH,COMPLETED,product_of_target_specific_copies,0,8,,,8,ETH,[],raw_by_asset_no_cross_asset_sum,1dcded6b80b8abe12e4deb45fcdca94c2cce9f383012f5ba68d0d66150d3967e,QUERY_ACCEPTED
controlled-v1/split_merge_shared_targets/02,controlled-v1/split_merge_shared_targets/02,SYNTHETIC_CONTROLLED_V1,controlled,SYNTHETIC,False,NO_CROSS_TARGET_COUPLING,addresses,U|ETH,COMPLETED,product_of_target_specific_copies,0,8,,,8,ETH,[],raw_by_asset_no_cross_asset_sum,1dcded6b80b8abe12e4deb45fcdca94c2cce9f383012f5ba68d0d66150d3967e,QUERY_ACCEPTED
controlled-v1/split_merge_shared_targets/02,controlled-v1/split_merge_shared_targets/02,SYNTHETIC_CONTROLLED_V1,controlled,SYNTHETIC,False,NO_CROSS_TARGET_COUPLING,events,d_t,COMPLETED,product_of_target_specific_copies,0,8,,,8,ETH,[],raw_by_asset_no_cross_asset_sum,1dcded6b80b8abe12e4deb45fcdca94c2cce9f383012f5ba68d0d66150d3967e,QUERY_ACCEPTED
controlled-v1/split_merge_shared_targets/02,controlled-v1/split_merge_shared_targets/02,SYNTHETIC_CONTROLLED_V1,controlled,SYNTHETIC,False,NO_CROSS_TARGET_COUPLING,events,d_u,COMPLETED,product_of_target_specific_copies,0,8,,,8,ETH,[],raw_by_asset_no_cross_asset_sum,1dcded6b80b8abe12e4deb45fcdca94c2cce9f383012f5ba68d0d66150d3967e,QUERY_ACCEPTED
controlled-v1/split_merge_shared_targets/02,controlled-v1/split_merge_shared_targets/02,SYNTHETIC_CONTROLLED_V1,controlled,SYNTHETIC,False,NO_CROSS_TARGET_COUPLING,joint_by_asset,ETH,COMPLETED,product_of_target_specific_copies,0,16,,,16,ETH,[],raw_by_asset_no_cross_asset_sum,1dcded6b80b8abe12e4deb45fcdca94c2cce9f383012f5ba68d0d66150d3967e,QUERY_ACCEPTED
controlled-v1/split_merge_shared_targets/02,controlled-v1/split_merge_shared_targets/02,SYNTHETIC_CONTROLLED_V1,controlled,SYNTHETIC,False,NO_PROTOCOL_CONTINUATION,addresses,T|ETH,COMPLETED,feasible_interval,0,8,,,8,ETH,[],raw_by_asset_no_cross_asset_sum,1dcded6b80b8abe12e4deb45fcdca94c2cce9f383012f5ba68d0d66150d3967e,QUERY_ACCEPTED
controlled-v1/split_merge_shared_targets/02,controlled-v1/split_merge_shared_targets/02,SYNTHETIC_CONTROLLED_V1,controlled,SYNTHETIC,False,NO_PROTOCOL_CONTINUATION,addresses,U|ETH,COMPLETED,feasible_interval,0,8,,,8,ETH,[],raw_by_asset_no_cross_asset_sum,1dcded6b80b8abe12e4deb45fcdca94c2cce9f383012f5ba68d0d66150d3967e,QUERY_ACCEPTED
controlled-v1/split_merge_shared_targets/02,controlled-v1/split_merge_shared_targets/02,SYNTHETIC_CONTROLLED_V1,controlled,SYNTHETIC,False,NO_PROTOCOL_CONTINUATION,events,d_t,COMPLETED,feasible_interval,0,8,,,8,ETH,[],raw_by_asset_no_cross_asset_sum,1dcded6b80b8abe12e4deb45fcdca94c2cce9f383012f5ba68d0d66150d3967e,QUERY_ACCEPTED
controlled-v1/split_merge_shared_targets/02,controlled-v1/split_merge_shared_targets/02,SYNTHETIC_CONTROLLED_V1,controlled,SYNTHETIC,False,NO_PROTOCOL_CONTINUATION,events,d_u,COMPLETED,feasible_interval,0,8,,,8,ETH,[],raw_by_asset_no_cross_asset_sum,1dcded6b80b8abe12e4deb45fcdca94c2cce9f383012f5ba68d0d66150d3967e,QUERY_ACCEPTED
controlled-v1/split_merge_shared_targets/02,controlled-v1/split_merge_shared_targets/02,SYNTHETIC_CONTROLLED_V1,controlled,SYNTHETIC,False,NO_PROTOCOL_CONTINUATION,joint_by_asset,ETH,COMPLETED,feasible_interval,8,8,,,16,ETH,[],raw_by_asset_no_cross_asset_sum,1dcded6b80b8abe12e4deb45fcdca94c2cce9f383012f5ba68d0d66150d3967e,QUERY_ACCEPTED
controlled-v1/split_merge_shared_targets/02,controlled-v1/split_merge_shared_targets/02,SYNTHETIC_CONTROLLED_V1,controlled,SYNTHETIC,False,BALANCE_INFORMATION_REMOVED,addresses,T|ETH,COMPLETED,feasible_interval,0,8,,,8,ETH,[],raw_by_asset_no_cross_asset_sum,1dcded6b80b8abe12e4deb45fcdca94c2cce9f383012f5ba68d0d66150d3967e,QUERY_ACCEPTED
controlled-v1/split_merge_shared_targets/02,controlled-v1/split_merge_shared_targets/02,SYNTHETIC_CONTROLLED_V1,controlled,SYNTHETIC,False,BALANCE_INFORMATION_REMOVED,addresses,U|ETH,COMPLETED,feasible_interval,0,8,,,8,ETH,[],raw_by_asset_no_cross_asset_sum,1dcded6b80b8abe12e4deb45fcdca94c2cce9f383012f5ba68d0d66150d3967e,QUERY_ACCEPTED
controlled-v1/split_merge_shared_targets/02,controlled-v1/split_merge_shared_targets/02,SYNTHETIC_CONTROLLED_V1,controlled,SYNTHETIC,False,BALANCE_INFORMATION_REMOVED,events,d_t,COMPLETED,feasible_interval,0,8,,,8,ETH,[],raw_by_asset_no_cross_asset_sum,1dcded6b80b8abe12e4deb45fcdca94c2cce9f383012f5ba68d0d66150d3967e,QUERY_ACCEPTED
controlled-v1/split_merge_shared_targets/02,controlled-v1/split_merge_shared_targets/02,SYNTHETIC_CONTROLLED_V1,controlled,SYNTHETIC,False,BALANCE_INFORMATION_REMOVED,events,d_u,COMPLETED,feasible_interval,0,8,,,8,ETH,[],raw_by_asset_no_cross_asset_sum,1dcded6b80b8abe12e4deb45fcdca94c2cce9f383012f5ba68d0d66150d3967e,QUERY_ACCEPTED
controlled-v1/split_merge_shared_targets/02,controlled-v1/split_merge_shared_targets/02,SYNTHETIC_CONTROLLED_V1,controlled,SYNTHETIC,False,BALANCE_INFORMATION_REMOVED,joint_by_asset,ETH,COMPLETED,feasible_interval,0,8,,,16,ETH,[],raw_by_asset_no_cross_asset_sum,1dcded6b80b8abe12e4deb45fcdca94c2cce9f383012f5ba68d0d66150d3967e,QUERY_ACCEPTED
controlled-v1/split_merge_shared_targets/02,controlled-v1/split_merge_shared_targets/02,SYNTHETIC_CONTROLLED_V1,controlled,SYNTHETIC,False,FULL_INTERVAL,addresses,T|ETH,COMPLETED,feasible_interval,0,8,,,8,ETH,[],raw_by_asset_no_cross_asset_sum,1dcded6b80b8abe12e4deb45fcdca94c2cce9f383012f5ba68d0d66150d3967e,QUERY_ACCEPTED
controlled-v1/split_merge_shared_targets/02,controlled-v1/split_merge_shared_targets/02,SYNTHETIC_CONTROLLED_V1,controlled,SYNTHETIC,False,FULL_INTERVAL,addresses,U|ETH,COMPLETED,feasible_interval,0,8,,,8,ETH,[],raw_by_asset_no_cross_asset_sum,1dcded6b80b8abe12e4deb45fcdca94c2cce9f383012f5ba68d0d66150d3967e,QUERY_ACCEPTED
controlled-v1/split_merge_shared_targets/02,controlled-v1/split_merge_shared_targets/02,SYNTHETIC_CONTROLLED_V1,controlled,SYNTHETIC,False,FULL_INTERVAL,events,d_t,COMPLETED,feasible_interval,0,8,,,8,ETH,[],raw_by_asset_no_cross_asset_sum,1dcded6b80b8abe12e4deb45fcdca94c2cce9f383012f5ba68d0d66150d3967e,QUERY_ACCEPTED
controlled-v1/split_merge_shared_targets/02,controlled-v1/split_merge_shared_targets/02,SYNTHETIC_CONTROLLED_V1,controlled,SYNTHETIC,False,FULL_INTERVAL,events,d_u,COMPLETED,feasible_interval,0,8,,,8,ETH,[],raw_by_asset_no_cross_asset_sum,1dcded6b80b8abe12e4deb45fcdca94c2cce9f383012f5ba68d0d66150d3967e,QUERY_ACCEPTED
controlled-v1/split_merge_shared_targets/02,controlled-v1/split_merge_shared_targets/02,SYNTHETIC_CONTROLLED_V1,controlled,SYNTHETIC,False,FULL_INTERVAL,joint_by_asset,ETH,COMPLETED,feasible_interval,8,8,,,16,ETH,[],raw_by_asset_no_cross_asset_sum,1dcded6b80b8abe12e4deb45fcdca94c2cce9f383012f5ba68d0d66150d3967e,QUERY_ACCEPTED
controlled-v1/split_merge_shared_targets/02,controlled-v1/split_merge_shared_targets/02,SYNTHETIC_CONTROLLED_V1,controlled,SYNTHETIC,False,BOUNDED_REACHABILITY,addresses,T|ETH,COMPLETED,ADDRESS_EVENT_SET_NO_AMOUNT,,,,,8,ETH,[],raw_by_asset_no_cross_asset_sum,1dcded6b80b8abe12e4deb45fcdca94c2cce9f383012f5ba68d0d66150d3967e,QUERY_ACCEPTED
controlled-v1/split_merge_shared_targets/02,controlled-v1/split_merge_shared_targets/02,SYNTHETIC_CONTROLLED_V1,controlled,SYNTHETIC,False,BOUNDED_REACHABILITY,addresses,U|ETH,COMPLETED,ADDRESS_EVENT_SET_NO_AMOUNT,,,,,8,ETH,[],raw_by_asset_no_cross_asset_sum,1dcded6b80b8abe12e4deb45fcdca94c2cce9f383012f5ba68d0d66150d3967e,QUERY_ACCEPTED
controlled-v1/split_merge_shared_targets/02,controlled-v1/split_merge_shared_targets/02,SYNTHETIC_CONTROLLED_V1,controlled,SYNTHETIC,False,BOUNDED_REACHABILITY,events,seed,COMPLETED,ADDRESS_EVENT_SET_NO_AMOUNT,,,,,8,ETH,[],raw_by_asset_no_cross_asset_sum,1dcded6b80b8abe12e4deb45fcdca94c2cce9f383012f5ba68d0d66150d3967e,QUERY_ACCEPTED
controlled-v1/split_merge_shared_targets/02,controlled-v1/split_merge_shared_targets/02,SYNTHETIC_CONTROLLED_V1,controlled,SYNTHETIC,False,BOUNDED_REACHABILITY,events,a_b,COMPLETED,ADDRESS_EVENT_SET_NO_AMOUNT,,,,,8,ETH,[],raw_by_asset_no_cross_asset_sum,1dcded6b80b8abe12e4deb45fcdca94c2cce9f383012f5ba68d0d66150d3967e,QUERY_ACCEPTED
controlled-v1/split_merge_shared_targets/02,controlled-v1/split_merge_shared_targets/02,SYNTHETIC_CONTROLLED_V1,controlled,SYNTHETIC,False,BOUNDED_REACHABILITY,events,a_c,COMPLETED,ADDRESS_EVENT_SET_NO_AMOUNT,,,,,8,ETH,[],raw_by_asset_no_cross_asset_sum,1dcded6b80b8abe12e4deb45fcdca94c2cce9f383012f5ba68d0d66150d3967e,QUERY_ACCEPTED
controlled-v1/split_merge_shared_targets/02,controlled-v1/split_merge_shared_targets/02,SYNTHETIC_CONTROLLED_V1,controlled,SYNTHETIC,False,BOUNDED_REACHABILITY,events,b_d,COMPLETED,ADDRESS_EVENT_SET_NO_AMOUNT,,,,,8,ETH,[],raw_by_asset_no_cross_asset_sum,1dcded6b80b8abe12e4deb45fcdca94c2cce9f383012f5ba68d0d66150d3967e,QUERY_ACCEPTED
controlled-v1/split_merge_shared_targets/02,controlled-v1/split_merge_shared_targets/02,SYNTHETIC_CONTROLLED_V1,controlled,SYNTHETIC,False,BOUNDED_REACHABILITY,events,c_d,COMPLETED,ADDRESS_EVENT_SET_NO_AMOUNT,,,,,8,ETH,[],raw_by_asset_no_cross_asset_sum,1dcded6b80b8abe12e4deb45fcdca94c2cce9f383012f5ba68d0d66150d3967e,QUERY_ACCEPTED
controlled-v1/split_merge_shared_targets/02,controlled-v1/split_merge_shared_targets/02,SYNTHETIC_CONTROLLED_V1,controlled,SYNTHETIC,False,BOUNDED_REACHABILITY,events,d_t,COMPLETED,ADDRESS_EVENT_SET_NO_AMOUNT,,,,,8,ETH,[],raw_by_asset_no_cross_asset_sum,1dcded6b80b8abe12e4deb45fcdca94c2cce9f383012f5ba68d0d66150d3967e,QUERY_ACCEPTED
controlled-v1/split_merge_shared_targets/02,controlled-v1/split_merge_shared_targets/02,SYNTHETIC_CONTROLLED_V1,controlled,SYNTHETIC,False,BOUNDED_REACHABILITY,events,d_u,COMPLETED,ADDRESS_EVENT_SET_NO_AMOUNT,,,,,8,ETH,[],raw_by_asset_no_cross_asset_sum,1dcded6b80b8abe12e4deb45fcdca94c2cce9f383012f5ba68d0d66150d3967e,QUERY_ACCEPTED
controlled-v1/split_merge_shared_targets/02,controlled-v1/split_merge_shared_targets/02,SYNTHETIC_CONTROLLED_V1,controlled,SYNTHETIC,False,BOUNDED_REACHABILITY,joint_by_asset,ETH,COMPLETED,ADDRESS_EVENT_SET_NO_AMOUNT,,,,,16,ETH,[],raw_by_asset_no_cross_asset_sum,1dcded6b80b8abe12e4deb45fcdca94c2cce9f383012f5ba68d0d66150d3967e,QUERY_ACCEPTED
controlled-v1/split_merge_shared_targets/02,controlled-v1/split_merge_shared_targets/02,SYNTHETIC_CONTROLLED_V1,controlled,SYNTHETIC,False,POISON,addresses,T|ETH,COMPLETED,POISON_NOMINAL_RAW,,,,8,8,ETH,[],raw_by_asset_no_cross_asset_sum,1dcded6b80b8abe12e4deb45fcdca94c2cce9f383012f5ba68d0d66150d3967e,QUERY_ACCEPTED
controlled-v1/split_merge_shared_targets/02,controlled-v1/split_merge_shared_targets/02,SYNTHETIC_CONTROLLED_V1,controlled,SYNTHETIC,False,POISON,addresses,U|ETH,COMPLETED,POISON_NOMINAL_RAW,,,,8,8,ETH,[],raw_by_asset_no_cross_asset_sum,1dcded6b80b8abe12e4deb45fcdca94c2cce9f383012f5ba68d0d66150d3967e,QUERY_ACCEPTED
controlled-v1/split_merge_shared_targets/02,controlled-v1/split_merge_shared_targets/02,SYNTHETIC_CONTROLLED_V1,controlled,SYNTHETIC,False,POISON,events,seed,COMPLETED,POISON_NOMINAL_RAW,,,,8,8,ETH,[],raw_by_asset_no_cross_asset_sum,1dcded6b80b8abe12e4deb45fcdca94c2cce9f383012f5ba68d0d66150d3967e,QUERY_ACCEPTED
controlled-v1/split_merge_shared_targets/02,controlled-v1/split_merge_shared_targets/02,SYNTHETIC_CONTROLLED_V1,controlled,SYNTHETIC,False,POISON,events,a_b,COMPLETED,POISON_NOMINAL_RAW,,,,8,8,ETH,[],raw_by_asset_no_cross_asset_sum,1dcded6b80b8abe12e4deb45fcdca94c2cce9f383012f5ba68d0d66150d3967e,QUERY_ACCEPTED
controlled-v1/split_merge_shared_targets/02,controlled-v1/split_merge_shared_targets/02,SYNTHETIC_CONTROLLED_V1,controlled,SYNTHETIC,False,POISON,events,a_c,COMPLETED,POISON_NOMINAL_RAW,,,,8,8,ETH,[],raw_by_asset_no_cross_asset_sum,1dcded6b80b8abe12e4deb45fcdca94c2cce9f383012f5ba68d0d66150d3967e,QUERY_ACCEPTED
controlled-v1/split_merge_shared_targets/02,controlled-v1/split_merge_shared_targets/02,SYNTHETIC_CONTROLLED_V1,controlled,SYNTHETIC,False,POISON,events,b_d,COMPLETED,POISON_NOMINAL_RAW,,,,8,8,ETH,[],raw_by_asset_no_cross_asset_sum,1dcded6b80b8abe12e4deb45fcdca94c2cce9f383012f5ba68d0d66150d3967e,QUERY_ACCEPTED
controlled-v1/split_merge_shared_targets/02,controlled-v1/split_merge_shared_targets/02,SYNTHETIC_CONTROLLED_V1,controlled,SYNTHETIC,False,POISON,events,c_d,COMPLETED,POISON_NOMINAL_RAW,,,,8,8,ETH,[],raw_by_asset_no_cross_asset_sum,1dcded6b80b8abe12e4deb45fcdca94c2cce9f383012f5ba68d0d66150d3967e,QUERY_ACCEPTED
controlled-v1/split_merge_shared_targets/02,controlled-v1/split_merge_shared_targets/02,SYNTHETIC_CONTROLLED_V1,controlled,SYNTHETIC,False,POISON,events,d_t,COMPLETED,POISON_NOMINAL_RAW,,,,8,8,ETH,[],raw_by_asset_no_cross_asset_sum,1dcded6b80b8abe12e4deb45fcdca94c2cce9f383012f5ba68d0d66150d3967e,QUERY_ACCEPTED
controlled-v1/split_merge_shared_targets/02,controlled-v1/split_merge_shared_targets/02,SYNTHETIC_CONTROLLED_V1,controlled,SYNTHETIC,False,POISON,events,d_u,COMPLETED,POISON_NOMINAL_RAW,,,,8,8,ETH,[],raw_by_asset_no_cross_asset_sum,1dcded6b80b8abe12e4deb45fcdca94c2cce9f383012f5ba68d0d66150d3967e,QUERY_ACCEPTED
controlled-v1/split_merge_shared_targets/02,controlled-v1/split_merge_shared_targets/02,SYNTHETIC_CONTROLLED_V1,controlled,SYNTHETIC,False,POISON,joint_by_asset,ETH,COMPLETED,POISON_NOMINAL_RAW,,,,16,16,ETH,[],raw_by_asset_no_cross_asset_sum,1dcded6b80b8abe12e4deb45fcdca94c2cce9f383012f5ba68d0d66150d3967e,QUERY_ACCEPTED
controlled-v1/split_merge_shared_targets/02,controlled-v1/split_merge_shared_targets/02,SYNTHETIC_CONTROLLED_V1,controlled,SYNTHETIC,False,HAIRCUT,addresses,T|ETH,COMPLETED,PROPORTIONAL_FEASIBLE_POINT,,,4,,8,ETH,[],raw_by_asset_no_cross_asset_sum,1dcded6b80b8abe12e4deb45fcdca94c2cce9f383012f5ba68d0d66150d3967e,QUERY_ACCEPTED
controlled-v1/split_merge_shared_targets/02,controlled-v1/split_merge_shared_targets/02,SYNTHETIC_CONTROLLED_V1,controlled,SYNTHETIC,False,HAIRCUT,addresses,U|ETH,COMPLETED,PROPORTIONAL_FEASIBLE_POINT,,,4,,8,ETH,[],raw_by_asset_no_cross_asset_sum,1dcded6b80b8abe12e4deb45fcdca94c2cce9f383012f5ba68d0d66150d3967e,QUERY_ACCEPTED
controlled-v1/split_merge_shared_targets/02,controlled-v1/split_merge_shared_targets/02,SYNTHETIC_CONTROLLED_V1,controlled,SYNTHETIC,False,HAIRCUT,events,seed,COMPLETED,PROPORTIONAL_FEASIBLE_POINT,,,8,,8,ETH,[],raw_by_asset_no_cross_asset_sum,1dcded6b80b8abe12e4deb45fcdca94c2cce9f383012f5ba68d0d66150d3967e,QUERY_ACCEPTED
controlled-v1/split_merge_shared_targets/02,controlled-v1/split_merge_shared_targets/02,SYNTHETIC_CONTROLLED_V1,controlled,SYNTHETIC,False,HAIRCUT,events,a_b,COMPLETED,PROPORTIONAL_FEASIBLE_POINT,,,4,,8,ETH,[],raw_by_asset_no_cross_asset_sum,1dcded6b80b8abe12e4deb45fcdca94c2cce9f383012f5ba68d0d66150d3967e,QUERY_ACCEPTED
controlled-v1/split_merge_shared_targets/02,controlled-v1/split_merge_shared_targets/02,SYNTHETIC_CONTROLLED_V1,controlled,SYNTHETIC,False,HAIRCUT,events,a_c,COMPLETED,PROPORTIONAL_FEASIBLE_POINT,,,4,,8,ETH,[],raw_by_asset_no_cross_asset_sum,1dcded6b80b8abe12e4deb45fcdca94c2cce9f383012f5ba68d0d66150d3967e,QUERY_ACCEPTED
controlled-v1/split_merge_shared_targets/02,controlled-v1/split_merge_shared_targets/02,SYNTHETIC_CONTROLLED_V1,controlled,SYNTHETIC,False,HAIRCUT,events,b_d,COMPLETED,PROPORTIONAL_FEASIBLE_POINT,,,4,,8,ETH,[],raw_by_asset_no_cross_asset_sum,1dcded6b80b8abe12e4deb45fcdca94c2cce9f383012f5ba68d0d66150d3967e,QUERY_ACCEPTED
controlled-v1/split_merge_shared_targets/02,controlled-v1/split_merge_shared_targets/02,SYNTHETIC_CONTROLLED_V1,controlled,SYNTHETIC,False,HAIRCUT,events,c_d,COMPLETED,PROPORTIONAL_FEASIBLE_POINT,,,4,,8,ETH,[],raw_by_asset_no_cross_asset_sum,1dcded6b80b8abe12e4deb45fcdca94c2cce9f383012f5ba68d0d66150d3967e,QUERY_ACCEPTED
controlled-v1/split_merge_shared_targets/02,controlled-v1/split_merge_shared_targets/02,SYNTHETIC_CONTROLLED_V1,controlled,SYNTHETIC,False,HAIRCUT,events,d_t,COMPLETED,PROPORTIONAL_FEASIBLE_POINT,,,4,,8,ETH,[],raw_by_asset_no_cross_asset_sum,1dcded6b80b8abe12e4deb45fcdca94c2cce9f383012f5ba68d0d66150d3967e,QUERY_ACCEPTED
controlled-v1/split_merge_shared_targets/02,controlled-v1/split_merge_shared_targets/02,SYNTHETIC_CONTROLLED_V1,controlled,SYNTHETIC,False,HAIRCUT,events,d_u,COMPLETED,PROPORTIONAL_FEASIBLE_POINT,,,4,,8,ETH,[],raw_by_asset_no_cross_asset_sum,1dcded6b80b8abe12e4deb45fcdca94c2cce9f383012f5ba68d0d66150d3967e,QUERY_ACCEPTED
controlled-v1/split_merge_shared_targets/02,controlled-v1/split_merge_shared_targets/02,SYNTHETIC_CONTROLLED_V1,controlled,SYNTHETIC,False,HAIRCUT,joint_by_asset,ETH,COMPLETED,PROPORTIONAL_FEASIBLE_POINT,,,8,,16,ETH,[],raw_by_asset_no_cross_asset_sum,1dcded6b80b8abe12e4deb45fcdca94c2cce9f383012f5ba68d0d66150d3967e,QUERY_ACCEPTED
controlled-v1/split_merge_shared_targets/03,controlled-v1/split_merge_shared_targets/03,SYNTHETIC_CONTROLLED_V1,controlled,SYNTHETIC,False,BOUNDED_REACHABILITY,addresses,T|ETH,COMPLETED,ADDRESS_EVENT_SET_NO_AMOUNT,,,,,3,ETH,[],raw_by_asset_no_cross_asset_sum,a3df913e208f504b9dedf5d8962305e38040954be0135f0b5cbe28a5e7ba94b3,QUERY_ACCEPTED
controlled-v1/split_merge_shared_targets/03,controlled-v1/split_merge_shared_targets/03,SYNTHETIC_CONTROLLED_V1,controlled,SYNTHETIC,False,BOUNDED_REACHABILITY,addresses,U|ETH,COMPLETED,ADDRESS_EVENT_SET_NO_AMOUNT,,,,,3,ETH,[],raw_by_asset_no_cross_asset_sum,a3df913e208f504b9dedf5d8962305e38040954be0135f0b5cbe28a5e7ba94b3,QUERY_ACCEPTED
controlled-v1/split_merge_shared_targets/03,controlled-v1/split_merge_shared_targets/03,SYNTHETIC_CONTROLLED_V1,controlled,SYNTHETIC,False,BOUNDED_REACHABILITY,events,seed,COMPLETED,ADDRESS_EVENT_SET_NO_AMOUNT,,,,,3,ETH,[],raw_by_asset_no_cross_asset_sum,a3df913e208f504b9dedf5d8962305e38040954be0135f0b5cbe28a5e7ba94b3,QUERY_ACCEPTED
controlled-v1/split_merge_shared_targets/03,controlled-v1/split_merge_shared_targets/03,SYNTHETIC_CONTROLLED_V1,controlled,SYNTHETIC,False,BOUNDED_REACHABILITY,events,a_b,COMPLETED,ADDRESS_EVENT_SET_NO_AMOUNT,,,,,3,ETH,[],raw_by_asset_no_cross_asset_sum,a3df913e208f504b9dedf5d8962305e38040954be0135f0b5cbe28a5e7ba94b3,QUERY_ACCEPTED
controlled-v1/split_merge_shared_targets/03,controlled-v1/split_merge_shared_targets/03,SYNTHETIC_CONTROLLED_V1,controlled,SYNTHETIC,False,BOUNDED_REACHABILITY,events,a_c,COMPLETED,ADDRESS_EVENT_SET_NO_AMOUNT,,,,,3,ETH,[],raw_by_asset_no_cross_asset_sum,a3df913e208f504b9dedf5d8962305e38040954be0135f0b5cbe28a5e7ba94b3,QUERY_ACCEPTED
controlled-v1/split_merge_shared_targets/03,controlled-v1/split_merge_shared_targets/03,SYNTHETIC_CONTROLLED_V1,controlled,SYNTHETIC,False,BOUNDED_REACHABILITY,events,b_d,COMPLETED,ADDRESS_EVENT_SET_NO_AMOUNT,,,,,3,ETH,[],raw_by_asset_no_cross_asset_sum,a3df913e208f504b9dedf5d8962305e38040954be0135f0b5cbe28a5e7ba94b3,QUERY_ACCEPTED
controlled-v1/split_merge_shared_targets/03,controlled-v1/split_merge_shared_targets/03,SYNTHETIC_CONTROLLED_V1,controlled,SYNTHETIC,False,BOUNDED_REACHABILITY,events,c_d,COMPLETED,ADDRESS_EVENT_SET_NO_AMOUNT,,,,,3,ETH,[],raw_by_asset_no_cross_asset_sum,a3df913e208f504b9dedf5d8962305e38040954be0135f0b5cbe28a5e7ba94b3,QUERY_ACCEPTED
controlled-v1/split_merge_shared_targets/03,controlled-v1/split_merge_shared_targets/03,SYNTHETIC_CONTROLLED_V1,controlled,SYNTHETIC,False,BOUNDED_REACHABILITY,events,shared_split:input,COMPLETED,ADDRESS_EVENT_SET_NO_AMOUNT,,,,,6,ETH,[],raw_by_asset_no_cross_asset_sum,a3df913e208f504b9dedf5d8962305e38040954be0135f0b5cbe28a5e7ba94b3,QUERY_ACCEPTED
controlled-v1/split_merge_shared_targets/03,controlled-v1/split_merge_shared_targets/03,SYNTHETIC_CONTROLLED_V1,controlled,SYNTHETIC,False,BOUNDED_REACHABILITY,events,shared_split:output0,COMPLETED,ADDRESS_EVENT_SET_NO_AMOUNT,,,,,3,ETH,[],raw_by_asset_no_cross_asset_sum,a3df913e208f504b9dedf5d8962305e38040954be0135f0b5cbe28a5e7ba94b3,QUERY_ACCEPTED
controlled-v1/split_merge_shared_targets/03,controlled-v1/split_merge_shared_targets/03,SYNTHETIC_CONTROLLED_V1,controlled,SYNTHETIC,False,BOUNDED_REACHABILITY,events,shared_split:output1,COMPLETED,ADDRESS_EVENT_SET_NO_AMOUNT,,,,,3,ETH,[],raw_by_asset_no_cross_asset_sum,a3df913e208f504b9dedf5d8962305e38040954be0135f0b5cbe28a5e7ba94b3,QUERY_ACCEPTED
controlled-v1/split_merge_shared_targets/03,controlled-v1/split_merge_shared_targets/03,SYNTHETIC_CONTROLLED_V1,controlled,SYNTHETIC,False,BOUNDED_REACHABILITY,joint_by_asset,ETH,COMPLETED,ADDRESS_EVENT_SET_NO_AMOUNT,,,,,6,ETH,[],raw_by_asset_no_cross_asset_sum,a3df913e208f504b9dedf5d8962305e38040954be0135f0b5cbe28a5e7ba94b3,QUERY_ACCEPTED
controlled-v1/split_merge_shared_targets/03,controlled-v1/split_merge_shared_targets/03,SYNTHETIC_CONTROLLED_V1,controlled,SYNTHETIC,False,POISON,addresses,T|ETH,COMPLETED,POISON_NOMINAL_RAW,,,,3,3,ETH,[],raw_by_asset_no_cross_asset_sum,a3df913e208f504b9dedf5d8962305e38040954be0135f0b5cbe28a5e7ba94b3,QUERY_ACCEPTED
controlled-v1/split_merge_shared_targets/03,controlled-v1/split_merge_shared_targets/03,SYNTHETIC_CONTROLLED_V1,controlled,SYNTHETIC,False,POISON,addresses,U|ETH,COMPLETED,POISON_NOMINAL_RAW,,,,3,3,ETH,[],raw_by_asset_no_cross_asset_sum,a3df913e208f504b9dedf5d8962305e38040954be0135f0b5cbe28a5e7ba94b3,QUERY_ACCEPTED
controlled-v1/split_merge_shared_targets/03,controlled-v1/split_merge_shared_targets/03,SYNTHETIC_CONTROLLED_V1,controlled,SYNTHETIC,False,POISON,events,seed,COMPLETED,POISON_NOMINAL_RAW,,,,3,3,ETH,[],raw_by_asset_no_cross_asset_sum,a3df913e208f504b9dedf5d8962305e38040954be0135f0b5cbe28a5e7ba94b3,QUERY_ACCEPTED
controlled-v1/split_merge_shared_targets/03,controlled-v1/split_merge_shared_targets/03,SYNTHETIC_CONTROLLED_V1,controlled,SYNTHETIC,False,POISON,events,a_b,COMPLETED,POISON_NOMINAL_RAW,,,,3,3,ETH,[],raw_by_asset_no_cross_asset_sum,a3df913e208f504b9dedf5d8962305e38040954be0135f0b5cbe28a5e7ba94b3,QUERY_ACCEPTED
controlled-v1/split_merge_shared_targets/03,controlled-v1/split_merge_shared_targets/03,SYNTHETIC_CONTROLLED_V1,controlled,SYNTHETIC,False,POISON,events,a_c,COMPLETED,POISON_NOMINAL_RAW,,,,3,3,ETH,[],raw_by_asset_no_cross_asset_sum,a3df913e208f504b9dedf5d8962305e38040954be0135f0b5cbe28a5e7ba94b3,QUERY_ACCEPTED
controlled-v1/split_merge_shared_targets/03,controlled-v1/split_merge_shared_targets/03,SYNTHETIC_CONTROLLED_V1,controlled,SYNTHETIC,False,POISON,events,b_d,COMPLETED,POISON_NOMINAL_RAW,,,,3,3,ETH,[],raw_by_asset_no_cross_asset_sum,a3df913e208f504b9dedf5d8962305e38040954be0135f0b5cbe28a5e7ba94b3,QUERY_ACCEPTED
controlled-v1/split_merge_shared_targets/03,controlled-v1/split_merge_shared_targets/03,SYNTHETIC_CONTROLLED_V1,controlled,SYNTHETIC,False,POISON,events,c_d,COMPLETED,POISON_NOMINAL_RAW,,,,3,3,ETH,[],raw_by_asset_no_cross_asset_sum,a3df913e208f504b9dedf5d8962305e38040954be0135f0b5cbe28a5e7ba94b3,QUERY_ACCEPTED
controlled-v1/split_merge_shared_targets/03,controlled-v1/split_merge_shared_targets/03,SYNTHETIC_CONTROLLED_V1,controlled,SYNTHETIC,False,POISON,events,shared_split:input,COMPLETED,POISON_NOMINAL_RAW,,,,6,6,ETH,[],raw_by_asset_no_cross_asset_sum,a3df913e208f504b9dedf5d8962305e38040954be0135f0b5cbe28a5e7ba94b3,QUERY_ACCEPTED
controlled-v1/split_merge_shared_targets/03,controlled-v1/split_merge_shared_targets/03,SYNTHETIC_CONTROLLED_V1,controlled,SYNTHETIC,False,POISON,events,shared_split:output0,COMPLETED,POISON_NOMINAL_RAW,,,,3,3,ETH,[],raw_by_asset_no_cross_asset_sum,a3df913e208f504b9dedf5d8962305e38040954be0135f0b5cbe28a5e7ba94b3,QUERY_ACCEPTED
controlled-v1/split_merge_shared_targets/03,controlled-v1/split_merge_shared_targets/03,SYNTHETIC_CONTROLLED_V1,controlled,SYNTHETIC,False,POISON,events,shared_split:output1,COMPLETED,POISON_NOMINAL_RAW,,,,3,3,ETH,[],raw_by_asset_no_cross_asset_sum,a3df913e208f504b9dedf5d8962305e38040954be0135f0b5cbe28a5e7ba94b3,QUERY_ACCEPTED
controlled-v1/split_merge_shared_targets/03,controlled-v1/split_merge_shared_targets/03,SYNTHETIC_CONTROLLED_V1,controlled,SYNTHETIC,False,POISON,joint_by_asset,ETH,COMPLETED,POISON_NOMINAL_RAW,,,,6,6,ETH,[],raw_by_asset_no_cross_asset_sum,a3df913e208f504b9dedf5d8962305e38040954be0135f0b5cbe28a5e7ba94b3,QUERY_ACCEPTED
controlled-v1/split_merge_shared_targets/03,controlled-v1/split_merge_shared_targets/03,SYNTHETIC_CONTROLLED_V1,controlled,SYNTHETIC,False,HAIRCUT,addresses,T|ETH,COMPLETED,PROPORTIONAL_FEASIBLE_POINT,,,3/2,,3,ETH,[],raw_by_asset_no_cross_asset_sum,a3df913e208f504b9dedf5d8962305e38040954be0135f0b5cbe28a5e7ba94b3,QUERY_ACCEPTED
controlled-v1/split_merge_shared_targets/03,controlled-v1/split_merge_shared_targets/03,SYNTHETIC_CONTROLLED_V1,controlled,SYNTHETIC,False,HAIRCUT,addresses,U|ETH,COMPLETED,PROPORTIONAL_FEASIBLE_POINT,,,3/2,,3,ETH,[],raw_by_asset_no_cross_asset_sum,a3df913e208f504b9dedf5d8962305e38040954be0135f0b5cbe28a5e7ba94b3,QUERY_ACCEPTED
controlled-v1/split_merge_shared_targets/03,controlled-v1/split_merge_shared_targets/03,SYNTHETIC_CONTROLLED_V1,controlled,SYNTHETIC,False,HAIRCUT,events,seed,COMPLETED,PROPORTIONAL_FEASIBLE_POINT,,,3,,3,ETH,[],raw_by_asset_no_cross_asset_sum,a3df913e208f504b9dedf5d8962305e38040954be0135f0b5cbe28a5e7ba94b3,QUERY_ACCEPTED
controlled-v1/split_merge_shared_targets/03,controlled-v1/split_merge_shared_targets/03,SYNTHETIC_CONTROLLED_V1,controlled,SYNTHETIC,False,HAIRCUT,events,a_b,COMPLETED,PROPORTIONAL_FEASIBLE_POINT,,,3/2,,3,ETH,[],raw_by_asset_no_cross_asset_sum,a3df913e208f504b9dedf5d8962305e38040954be0135f0b5cbe28a5e7ba94b3,QUERY_ACCEPTED
controlled-v1/split_merge_shared_targets/03,controlled-v1/split_merge_shared_targets/03,SYNTHETIC_CONTROLLED_V1,controlled,SYNTHETIC,False,HAIRCUT,events,a_c,COMPLETED,PROPORTIONAL_FEASIBLE_POINT,,,3/2,,3,ETH,[],raw_by_asset_no_cross_asset_sum,a3df913e208f504b9dedf5d8962305e38040954be0135f0b5cbe28a5e7ba94b3,QUERY_ACCEPTED
controlled-v1/split_merge_shared_targets/03,controlled-v1/split_merge_shared_targets/03,SYNTHETIC_CONTROLLED_V1,controlled,SYNTHETIC,False,HAIRCUT,events,b_d,COMPLETED,PROPORTIONAL_FEASIBLE_POINT,,,3/2,,3,ETH,[],raw_by_asset_no_cross_asset_sum,a3df913e208f504b9dedf5d8962305e38040954be0135f0b5cbe28a5e7ba94b3,QUERY_ACCEPTED
controlled-v1/split_merge_shared_targets/03,controlled-v1/split_merge_shared_targets/03,SYNTHETIC_CONTROLLED_V1,controlled,SYNTHETIC,False,HAIRCUT,events,c_d,COMPLETED,PROPORTIONAL_FEASIBLE_POINT,,,3/2,,3,ETH,[],raw_by_asset_no_cross_asset_sum,a3df913e208f504b9dedf5d8962305e38040954be0135f0b5cbe28a5e7ba94b3,QUERY_ACCEPTED
controlled-v1/split_merge_shared_targets/03,controlled-v1/split_merge_shared_targets/03,SYNTHETIC_CONTROLLED_V1,controlled,SYNTHETIC,False,HAIRCUT,events,shared_split:input,COMPLETED,PROPORTIONAL_FEASIBLE_POINT,,,3,,6,ETH,[],raw_by_asset_no_cross_asset_sum,a3df913e208f504b9dedf5d8962305e38040954be0135f0b5cbe28a5e7ba94b3,QUERY_ACCEPTED
controlled-v1/split_merge_shared_targets/03,controlled-v1/split_merge_shared_targets/03,SYNTHETIC_CONTROLLED_V1,controlled,SYNTHETIC,False,HAIRCUT,events,shared_split:output0,COMPLETED,PROPORTIONAL_FEASIBLE_POINT,,,3/2,,3,ETH,[],raw_by_asset_no_cross_asset_sum,a3df913e208f504b9dedf5d8962305e38040954be0135f0b5cbe28a5e7ba94b3,QUERY_ACCEPTED
controlled-v1/split_merge_shared_targets/03,controlled-v1/split_merge_shared_targets/03,SYNTHETIC_CONTROLLED_V1,controlled,SYNTHETIC,False,HAIRCUT,events,shared_split:output1,COMPLETED,PROPORTIONAL_FEASIBLE_POINT,,,3/2,,3,ETH,[],raw_by_asset_no_cross_asset_sum,a3df913e208f504b9dedf5d8962305e38040954be0135f0b5cbe28a5e7ba94b3,QUERY_ACCEPTED
controlled-v1/split_merge_shared_targets/03,controlled-v1/split_merge_shared_targets/03,SYNTHETIC_CONTROLLED_V1,controlled,SYNTHETIC,False,HAIRCUT,joint_by_asset,ETH,COMPLETED,PROPORTIONAL_FEASIBLE_POINT,,,3,,6,ETH,[],raw_by_asset_no_cross_asset_sum,a3df913e208f504b9dedf5d8962305e38040954be0135f0b5cbe28a5e7ba94b3,QUERY_ACCEPTED
controlled-v1/split_merge_shared_targets/03,controlled-v1/split_merge_shared_targets/03,SYNTHETIC_CONTROLLED_V1,controlled,SYNTHETIC,False,NO_CROSS_TARGET_COUPLING,addresses,T|ETH,COMPLETED,product_of_target_specific_copies,0,3,,,3,ETH,[],raw_by_asset_no_cross_asset_sum,a3df913e208f504b9dedf5d8962305e38040954be0135f0b5cbe28a5e7ba94b3,QUERY_ACCEPTED
controlled-v1/split_merge_shared_targets/03,controlled-v1/split_merge_shared_targets/03,SYNTHETIC_CONTROLLED_V1,controlled,SYNTHETIC,False,NO_CROSS_TARGET_COUPLING,addresses,U|ETH,COMPLETED,product_of_target_specific_copies,0,3,,,3,ETH,[],raw_by_asset_no_cross_asset_sum,a3df913e208f504b9dedf5d8962305e38040954be0135f0b5cbe28a5e7ba94b3,QUERY_ACCEPTED
controlled-v1/split_merge_shared_targets/03,controlled-v1/split_merge_shared_targets/03,SYNTHETIC_CONTROLLED_V1,controlled,SYNTHETIC,False,NO_CROSS_TARGET_COUPLING,events,shared_split:output0,COMPLETED,product_of_target_specific_copies,0,3,,,3,ETH,[],raw_by_asset_no_cross_asset_sum,a3df913e208f504b9dedf5d8962305e38040954be0135f0b5cbe28a5e7ba94b3,QUERY_ACCEPTED
controlled-v1/split_merge_shared_targets/03,controlled-v1/split_merge_shared_targets/03,SYNTHETIC_CONTROLLED_V1,controlled,SYNTHETIC,False,NO_CROSS_TARGET_COUPLING,events,shared_split:output1,COMPLETED,product_of_target_specific_copies,0,3,,,3,ETH,[],raw_by_asset_no_cross_asset_sum,a3df913e208f504b9dedf5d8962305e38040954be0135f0b5cbe28a5e7ba94b3,QUERY_ACCEPTED
controlled-v1/split_merge_shared_targets/03,controlled-v1/split_merge_shared_targets/03,SYNTHETIC_CONTROLLED_V1,controlled,SYNTHETIC,False,NO_CROSS_TARGET_COUPLING,joint_by_asset,ETH,COMPLETED,product_of_target_specific_copies,0,6,,,6,ETH,[],raw_by_asset_no_cross_asset_sum,a3df913e208f504b9dedf5d8962305e38040954be0135f0b5cbe28a5e7ba94b3,QUERY_ACCEPTED
controlled-v1/split_merge_shared_targets/03,controlled-v1/split_merge_shared_targets/03,SYNTHETIC_CONTROLLED_V1,controlled,SYNTHETIC,False,NO_PROTOCOL_CONTINUATION,addresses,T|ETH,COMPLETED,feasible_interval,0,3,,,3,ETH,[],raw_by_asset_no_cross_asset_sum,a3df913e208f504b9dedf5d8962305e38040954be0135f0b5cbe28a5e7ba94b3,QUERY_ACCEPTED
controlled-v1/split_merge_shared_targets/03,controlled-v1/split_merge_shared_targets/03,SYNTHETIC_CONTROLLED_V1,controlled,SYNTHETIC,False,NO_PROTOCOL_CONTINUATION,addresses,U|ETH,COMPLETED,feasible_interval,0,3,,,3,ETH,[],raw_by_asset_no_cross_asset_sum,a3df913e208f504b9dedf5d8962305e38040954be0135f0b5cbe28a5e7ba94b3,QUERY_ACCEPTED
controlled-v1/split_merge_shared_targets/03,controlled-v1/split_merge_shared_targets/03,SYNTHETIC_CONTROLLED_V1,controlled,SYNTHETIC,False,NO_PROTOCOL_CONTINUATION,events,shared_split:output0,COMPLETED,feasible_interval,0,3,,,3,ETH,[],raw_by_asset_no_cross_asset_sum,a3df913e208f504b9dedf5d8962305e38040954be0135f0b5cbe28a5e7ba94b3,QUERY_ACCEPTED
controlled-v1/split_merge_shared_targets/03,controlled-v1/split_merge_shared_targets/03,SYNTHETIC_CONTROLLED_V1,controlled,SYNTHETIC,False,NO_PROTOCOL_CONTINUATION,events,shared_split:output1,COMPLETED,feasible_interval,0,3,,,3,ETH,[],raw_by_asset_no_cross_asset_sum,a3df913e208f504b9dedf5d8962305e38040954be0135f0b5cbe28a5e7ba94b3,QUERY_ACCEPTED
controlled-v1/split_merge_shared_targets/03,controlled-v1/split_merge_shared_targets/03,SYNTHETIC_CONTROLLED_V1,controlled,SYNTHETIC,False,NO_PROTOCOL_CONTINUATION,joint_by_asset,ETH,COMPLETED,feasible_interval,3,3,,,6,ETH,[],raw_by_asset_no_cross_asset_sum,a3df913e208f504b9dedf5d8962305e38040954be0135f0b5cbe28a5e7ba94b3,QUERY_ACCEPTED
controlled-v1/split_merge_shared_targets/03,controlled-v1/split_merge_shared_targets/03,SYNTHETIC_CONTROLLED_V1,controlled,SYNTHETIC,False,BALANCE_INFORMATION_REMOVED,addresses,T|ETH,COMPLETED,feasible_interval,0,3,,,3,ETH,[],raw_by_asset_no_cross_asset_sum,a3df913e208f504b9dedf5d8962305e38040954be0135f0b5cbe28a5e7ba94b3,QUERY_ACCEPTED
controlled-v1/split_merge_shared_targets/03,controlled-v1/split_merge_shared_targets/03,SYNTHETIC_CONTROLLED_V1,controlled,SYNTHETIC,False,BALANCE_INFORMATION_REMOVED,addresses,U|ETH,COMPLETED,feasible_interval,0,3,,,3,ETH,[],raw_by_asset_no_cross_asset_sum,a3df913e208f504b9dedf5d8962305e38040954be0135f0b5cbe28a5e7ba94b3,QUERY_ACCEPTED
controlled-v1/split_merge_shared_targets/03,controlled-v1/split_merge_shared_targets/03,SYNTHETIC_CONTROLLED_V1,controlled,SYNTHETIC,False,BALANCE_INFORMATION_REMOVED,events,shared_split:output0,COMPLETED,feasible_interval,0,3,,,3,ETH,[],raw_by_asset_no_cross_asset_sum,a3df913e208f504b9dedf5d8962305e38040954be0135f0b5cbe28a5e7ba94b3,QUERY_ACCEPTED
controlled-v1/split_merge_shared_targets/03,controlled-v1/split_merge_shared_targets/03,SYNTHETIC_CONTROLLED_V1,controlled,SYNTHETIC,False,BALANCE_INFORMATION_REMOVED,events,shared_split:output1,COMPLETED,feasible_interval,0,3,,,3,ETH,[],raw_by_asset_no_cross_asset_sum,a3df913e208f504b9dedf5d8962305e38040954be0135f0b5cbe28a5e7ba94b3,QUERY_ACCEPTED
controlled-v1/split_merge_shared_targets/03,controlled-v1/split_merge_shared_targets/03,SYNTHETIC_CONTROLLED_V1,controlled,SYNTHETIC,False,BALANCE_INFORMATION_REMOVED,joint_by_asset,ETH,COMPLETED,feasible_interval,0,3,,,6,ETH,[],raw_by_asset_no_cross_asset_sum,a3df913e208f504b9dedf5d8962305e38040954be0135f0b5cbe28a5e7ba94b3,QUERY_ACCEPTED
controlled-v1/split_merge_shared_targets/03,controlled-v1/split_merge_shared_targets/03,SYNTHETIC_CONTROLLED_V1,controlled,SYNTHETIC,False,FULL_INTERVAL,addresses,T|ETH,COMPLETED,feasible_interval,0,3,,,3,ETH,[],raw_by_asset_no_cross_asset_sum,a3df913e208f504b9dedf5d8962305e38040954be0135f0b5cbe28a5e7ba94b3,QUERY_ACCEPTED
controlled-v1/split_merge_shared_targets/03,controlled-v1/split_merge_shared_targets/03,SYNTHETIC_CONTROLLED_V1,controlled,SYNTHETIC,False,FULL_INTERVAL,addresses,U|ETH,COMPLETED,feasible_interval,0,3,,,3,ETH,[],raw_by_asset_no_cross_asset_sum,a3df913e208f504b9dedf5d8962305e38040954be0135f0b5cbe28a5e7ba94b3,QUERY_ACCEPTED
controlled-v1/split_merge_shared_targets/03,controlled-v1/split_merge_shared_targets/03,SYNTHETIC_CONTROLLED_V1,controlled,SYNTHETIC,False,FULL_INTERVAL,events,shared_split:output0,COMPLETED,feasible_interval,0,3,,,3,ETH,[],raw_by_asset_no_cross_asset_sum,a3df913e208f504b9dedf5d8962305e38040954be0135f0b5cbe28a5e7ba94b3,QUERY_ACCEPTED
controlled-v1/split_merge_shared_targets/03,controlled-v1/split_merge_shared_targets/03,SYNTHETIC_CONTROLLED_V1,controlled,SYNTHETIC,False,FULL_INTERVAL,events,shared_split:output1,COMPLETED,feasible_interval,0,3,,,3,ETH,[],raw_by_asset_no_cross_asset_sum,a3df913e208f504b9dedf5d8962305e38040954be0135f0b5cbe28a5e7ba94b3,QUERY_ACCEPTED
controlled-v1/split_merge_shared_targets/03,controlled-v1/split_merge_shared_targets/03,SYNTHETIC_CONTROLLED_V1,controlled,SYNTHETIC,False,FULL_INTERVAL,joint_by_asset,ETH,COMPLETED,feasible_interval,3,3,,,6,ETH,[],raw_by_asset_no_cross_asset_sum,a3df913e208f504b9dedf5d8962305e38040954be0135f0b5cbe28a5e7ba94b3,QUERY_ACCEPTED
controlled-v1/split_merge_shared_targets/04,controlled-v1/split_merge_shared_targets/04,SYNTHETIC_CONTROLLED_V1,controlled,SYNTHETIC,False,NO_PROTOCOL_CONTINUATION,addresses,T|ETH,COMPLETED,feasible_interval,0,6,,,6,ETH,[],raw_by_asset_no_cross_asset_sum,7d0f8095fdd86ca62bf9ea9dbc28b1c89db3581fc728f8230a7c8f059686d20a,QUERY_ACCEPTED
controlled-v1/split_merge_shared_targets/04,controlled-v1/split_merge_shared_targets/04,SYNTHETIC_CONTROLLED_V1,controlled,SYNTHETIC,False,NO_PROTOCOL_CONTINUATION,addresses,U|ETH,COMPLETED,feasible_interval,0,6,,,6,ETH,[],raw_by_asset_no_cross_asset_sum,7d0f8095fdd86ca62bf9ea9dbc28b1c89db3581fc728f8230a7c8f059686d20a,QUERY_ACCEPTED
controlled-v1/split_merge_shared_targets/04,controlled-v1/split_merge_shared_targets/04,SYNTHETIC_CONTROLLED_V1,controlled,SYNTHETIC,False,NO_PROTOCOL_CONTINUATION,events,d_t,COMPLETED,feasible_interval,0,6,,,6,ETH,[],raw_by_asset_no_cross_asset_sum,7d0f8095fdd86ca62bf9ea9dbc28b1c89db3581fc728f8230a7c8f059686d20a,QUERY_ACCEPTED
controlled-v1/split_merge_shared_targets/04,controlled-v1/split_merge_shared_targets/04,SYNTHETIC_CONTROLLED_V1,controlled,SYNTHETIC,False,NO_PROTOCOL_CONTINUATION,events,d_u,COMPLETED,feasible_interval,0,6,,,6,ETH,[],raw_by_asset_no_cross_asset_sum,7d0f8095fdd86ca62bf9ea9dbc28b1c89db3581fc728f8230a7c8f059686d20a,QUERY_ACCEPTED
controlled-v1/split_merge_shared_targets/04,controlled-v1/split_merge_shared_targets/04,SYNTHETIC_CONTROLLED_V1,controlled,SYNTHETIC,False,NO_PROTOCOL_CONTINUATION,joint_by_asset,ETH,COMPLETED,feasible_interval,6,6,,,12,ETH,[],raw_by_asset_no_cross_asset_sum,7d0f8095fdd86ca62bf9ea9dbc28b1c89db3581fc728f8230a7c8f059686d20a,QUERY_ACCEPTED
controlled-v1/split_merge_shared_targets/04,controlled-v1/split_merge_shared_targets/04,SYNTHETIC_CONTROLLED_V1,controlled,SYNTHETIC,False,BALANCE_INFORMATION_REMOVED,addresses,T|ETH,COMPLETED,feasible_interval,0,6,,,6,ETH,[],raw_by_asset_no_cross_asset_sum,7d0f8095fdd86ca62bf9ea9dbc28b1c89db3581fc728f8230a7c8f059686d20a,QUERY_ACCEPTED
controlled-v1/split_merge_shared_targets/04,controlled-v1/split_merge_shared_targets/04,SYNTHETIC_CONTROLLED_V1,controlled,SYNTHETIC,False,BALANCE_INFORMATION_REMOVED,addresses,U|ETH,COMPLETED,feasible_interval,0,6,,,6,ETH,[],raw_by_asset_no_cross_asset_sum,7d0f8095fdd86ca62bf9ea9dbc28b1c89db3581fc728f8230a7c8f059686d20a,QUERY_ACCEPTED
controlled-v1/split_merge_shared_targets/04,controlled-v1/split_merge_shared_targets/04,SYNTHETIC_CONTROLLED_V1,controlled,SYNTHETIC,False,BALANCE_INFORMATION_REMOVED,events,d_t,COMPLETED,feasible_interval,0,6,,,6,ETH,[],raw_by_asset_no_cross_asset_sum,7d0f8095fdd86ca62bf9ea9dbc28b1c89db3581fc728f8230a7c8f059686d20a,QUERY_ACCEPTED
controlled-v1/split_merge_shared_targets/04,controlled-v1/split_merge_shared_targets/04,SYNTHETIC_CONTROLLED_V1,controlled,SYNTHETIC,False,BALANCE_INFORMATION_REMOVED,events,d_u,COMPLETED,feasible_interval,0,6,,,6,ETH,[],raw_by_asset_no_cross_asset_sum,7d0f8095fdd86ca62bf9ea9dbc28b1c89db3581fc728f8230a7c8f059686d20a,QUERY_ACCEPTED
controlled-v1/split_merge_shared_targets/04,controlled-v1/split_merge_shared_targets/04,SYNTHETIC_CONTROLLED_V1,controlled,SYNTHETIC,False,BALANCE_INFORMATION_REMOVED,joint_by_asset,ETH,COMPLETED,feasible_interval,0,6,,,12,ETH,[],raw_by_asset_no_cross_asset_sum,7d0f8095fdd86ca62bf9ea9dbc28b1c89db3581fc728f8230a7c8f059686d20a,QUERY_ACCEPTED
controlled-v1/split_merge_shared_targets/04,controlled-v1/split_merge_shared_targets/04,SYNTHETIC_CONTROLLED_V1,controlled,SYNTHETIC,False,FULL_INTERVAL,addresses,T|ETH,COMPLETED,feasible_interval,0,6,,,6,ETH,[],raw_by_asset_no_cross_asset_sum,7d0f8095fdd86ca62bf9ea9dbc28b1c89db3581fc728f8230a7c8f059686d20a,QUERY_ACCEPTED
controlled-v1/split_merge_shared_targets/04,controlled-v1/split_merge_shared_targets/04,SYNTHETIC_CONTROLLED_V1,controlled,SYNTHETIC,False,FULL_INTERVAL,addresses,U|ETH,COMPLETED,feasible_interval,0,6,,,6,ETH,[],raw_by_asset_no_cross_asset_sum,7d0f8095fdd86ca62bf9ea9dbc28b1c89db3581fc728f8230a7c8f059686d20a,QUERY_ACCEPTED
controlled-v1/split_merge_shared_targets/04,controlled-v1/split_merge_shared_targets/04,SYNTHETIC_CONTROLLED_V1,controlled,SYNTHETIC,False,FULL_INTERVAL,events,d_t,COMPLETED,feasible_interval,0,6,,,6,ETH,[],raw_by_asset_no_cross_asset_sum,7d0f8095fdd86ca62bf9ea9dbc28b1c89db3581fc728f8230a7c8f059686d20a,QUERY_ACCEPTED
controlled-v1/split_merge_shared_targets/04,controlled-v1/split_merge_shared_targets/04,SYNTHETIC_CONTROLLED_V1,controlled,SYNTHETIC,False,FULL_INTERVAL,events,d_u,COMPLETED,feasible_interval,0,6,,,6,ETH,[],raw_by_asset_no_cross_asset_sum,7d0f8095fdd86ca62bf9ea9dbc28b1c89db3581fc728f8230a7c8f059686d20a,QUERY_ACCEPTED
controlled-v1/split_merge_shared_targets/04,controlled-v1/split_merge_shared_targets/04,SYNTHETIC_CONTROLLED_V1,controlled,SYNTHETIC,False,FULL_INTERVAL,joint_by_asset,ETH,COMPLETED,feasible_interval,6,6,,,12,ETH,[],raw_by_asset_no_cross_asset_sum,7d0f8095fdd86ca62bf9ea9dbc28b1c89db3581fc728f8230a7c8f059686d20a,QUERY_ACCEPTED
controlled-v1/split_merge_shared_targets/04,controlled-v1/split_merge_shared_targets/04,SYNTHETIC_CONTROLLED_V1,controlled,SYNTHETIC,False,BOUNDED_REACHABILITY,addresses,T|ETH,COMPLETED,ADDRESS_EVENT_SET_NO_AMOUNT,,,,,6,ETH,[],raw_by_asset_no_cross_asset_sum,7d0f8095fdd86ca62bf9ea9dbc28b1c89db3581fc728f8230a7c8f059686d20a,QUERY_ACCEPTED
controlled-v1/split_merge_shared_targets/04,controlled-v1/split_merge_shared_targets/04,SYNTHETIC_CONTROLLED_V1,controlled,SYNTHETIC,False,BOUNDED_REACHABILITY,addresses,U|ETH,COMPLETED,ADDRESS_EVENT_SET_NO_AMOUNT,,,,,6,ETH,[],raw_by_asset_no_cross_asset_sum,7d0f8095fdd86ca62bf9ea9dbc28b1c89db3581fc728f8230a7c8f059686d20a,QUERY_ACCEPTED
controlled-v1/split_merge_shared_targets/04,controlled-v1/split_merge_shared_targets/04,SYNTHETIC_CONTROLLED_V1,controlled,SYNTHETIC,False,BOUNDED_REACHABILITY,events,seed,COMPLETED,ADDRESS_EVENT_SET_NO_AMOUNT,,,,,6,ETH,[],raw_by_asset_no_cross_asset_sum,7d0f8095fdd86ca62bf9ea9dbc28b1c89db3581fc728f8230a7c8f059686d20a,QUERY_ACCEPTED
controlled-v1/split_merge_shared_targets/04,controlled-v1/split_merge_shared_targets/04,SYNTHETIC_CONTROLLED_V1,controlled,SYNTHETIC,False,BOUNDED_REACHABILITY,events,a_b,COMPLETED,ADDRESS_EVENT_SET_NO_AMOUNT,,,,,6,ETH,[],raw_by_asset_no_cross_asset_sum,7d0f8095fdd86ca62bf9ea9dbc28b1c89db3581fc728f8230a7c8f059686d20a,QUERY_ACCEPTED
controlled-v1/split_merge_shared_targets/04,controlled-v1/split_merge_shared_targets/04,SYNTHETIC_CONTROLLED_V1,controlled,SYNTHETIC,False,BOUNDED_REACHABILITY,events,a_c,COMPLETED,ADDRESS_EVENT_SET_NO_AMOUNT,,,,,6,ETH,[],raw_by_asset_no_cross_asset_sum,7d0f8095fdd86ca62bf9ea9dbc28b1c89db3581fc728f8230a7c8f059686d20a,QUERY_ACCEPTED
controlled-v1/split_merge_shared_targets/04,controlled-v1/split_merge_shared_targets/04,SYNTHETIC_CONTROLLED_V1,controlled,SYNTHETIC,False,BOUNDED_REACHABILITY,events,b_d,COMPLETED,ADDRESS_EVENT_SET_NO_AMOUNT,,,,,6,ETH,[],raw_by_asset_no_cross_asset_sum,7d0f8095fdd86ca62bf9ea9dbc28b1c89db3581fc728f8230a7c8f059686d20a,QUERY_ACCEPTED
controlled-v1/split_merge_shared_targets/04,controlled-v1/split_merge_shared_targets/04,SYNTHETIC_CONTROLLED_V1,controlled,SYNTHETIC,False,BOUNDED_REACHABILITY,events,c_d,COMPLETED,ADDRESS_EVENT_SET_NO_AMOUNT,,,,,6,ETH,[],raw_by_asset_no_cross_asset_sum,7d0f8095fdd86ca62bf9ea9dbc28b1c89db3581fc728f8230a7c8f059686d20a,QUERY_ACCEPTED
controlled-v1/split_merge_shared_targets/04,controlled-v1/split_merge_shared_targets/04,SYNTHETIC_CONTROLLED_V1,controlled,SYNTHETIC,False,BOUNDED_REACHABILITY,events,d_t,COMPLETED,ADDRESS_EVENT_SET_NO_AMOUNT,,,,,6,ETH,[],raw_by_asset_no_cross_asset_sum,7d0f8095fdd86ca62bf9ea9dbc28b1c89db3581fc728f8230a7c8f059686d20a,QUERY_ACCEPTED
controlled-v1/split_merge_shared_targets/04,controlled-v1/split_merge_shared_targets/04,SYNTHETIC_CONTROLLED_V1,controlled,SYNTHETIC,False,BOUNDED_REACHABILITY,events,d_u,COMPLETED,ADDRESS_EVENT_SET_NO_AMOUNT,,,,,6,ETH,[],raw_by_asset_no_cross_asset_sum,7d0f8095fdd86ca62bf9ea9dbc28b1c89db3581fc728f8230a7c8f059686d20a,QUERY_ACCEPTED
controlled-v1/split_merge_shared_targets/04,controlled-v1/split_merge_shared_targets/04,SYNTHETIC_CONTROLLED_V1,controlled,SYNTHETIC,False,BOUNDED_REACHABILITY,joint_by_asset,ETH,COMPLETED,ADDRESS_EVENT_SET_NO_AMOUNT,,,,,12,ETH,[],raw_by_asset_no_cross_asset_sum,7d0f8095fdd86ca62bf9ea9dbc28b1c89db3581fc728f8230a7c8f059686d20a,QUERY_ACCEPTED
controlled-v1/split_merge_shared_targets/04,controlled-v1/split_merge_shared_targets/04,SYNTHETIC_CONTROLLED_V1,controlled,SYNTHETIC,False,POISON,addresses,T|ETH,COMPLETED,POISON_NOMINAL_RAW,,,,6,6,ETH,[],raw_by_asset_no_cross_asset_sum,7d0f8095fdd86ca62bf9ea9dbc28b1c89db3581fc728f8230a7c8f059686d20a,QUERY_ACCEPTED
controlled-v1/split_merge_shared_targets/04,controlled-v1/split_merge_shared_targets/04,SYNTHETIC_CONTROLLED_V1,controlled,SYNTHETIC,False,POISON,addresses,U|ETH,COMPLETED,POISON_NOMINAL_RAW,,,,6,6,ETH,[],raw_by_asset_no_cross_asset_sum,7d0f8095fdd86ca62bf9ea9dbc28b1c89db3581fc728f8230a7c8f059686d20a,QUERY_ACCEPTED
controlled-v1/split_merge_shared_targets/04,controlled-v1/split_merge_shared_targets/04,SYNTHETIC_CONTROLLED_V1,controlled,SYNTHETIC,False,POISON,events,seed,COMPLETED,POISON_NOMINAL_RAW,,,,6,6,ETH,[],raw_by_asset_no_cross_asset_sum,7d0f8095fdd86ca62bf9ea9dbc28b1c89db3581fc728f8230a7c8f059686d20a,QUERY_ACCEPTED
controlled-v1/split_merge_shared_targets/04,controlled-v1/split_merge_shared_targets/04,SYNTHETIC_CONTROLLED_V1,controlled,SYNTHETIC,False,POISON,events,a_b,COMPLETED,POISON_NOMINAL_RAW,,,,6,6,ETH,[],raw_by_asset_no_cross_asset_sum,7d0f8095fdd86ca62bf9ea9dbc28b1c89db3581fc728f8230a7c8f059686d20a,QUERY_ACCEPTED
controlled-v1/split_merge_shared_targets/04,controlled-v1/split_merge_shared_targets/04,SYNTHETIC_CONTROLLED_V1,controlled,SYNTHETIC,False,POISON,events,a_c,COMPLETED,POISON_NOMINAL_RAW,,,,6,6,ETH,[],raw_by_asset_no_cross_asset_sum,7d0f8095fdd86ca62bf9ea9dbc28b1c89db3581fc728f8230a7c8f059686d20a,QUERY_ACCEPTED
controlled-v1/split_merge_shared_targets/04,controlled-v1/split_merge_shared_targets/04,SYNTHETIC_CONTROLLED_V1,controlled,SYNTHETIC,False,POISON,events,b_d,COMPLETED,POISON_NOMINAL_RAW,,,,6,6,ETH,[],raw_by_asset_no_cross_asset_sum,7d0f8095fdd86ca62bf9ea9dbc28b1c89db3581fc728f8230a7c8f059686d20a,QUERY_ACCEPTED
controlled-v1/split_merge_shared_targets/04,controlled-v1/split_merge_shared_targets/04,SYNTHETIC_CONTROLLED_V1,controlled,SYNTHETIC,False,POISON,events,c_d,COMPLETED,POISON_NOMINAL_RAW,,,,6,6,ETH,[],raw_by_asset_no_cross_asset_sum,7d0f8095fdd86ca62bf9ea9dbc28b1c89db3581fc728f8230a7c8f059686d20a,QUERY_ACCEPTED
controlled-v1/split_merge_shared_targets/04,controlled-v1/split_merge_shared_targets/04,SYNTHETIC_CONTROLLED_V1,controlled,SYNTHETIC,False,POISON,events,d_t,COMPLETED,POISON_NOMINAL_RAW,,,,6,6,ETH,[],raw_by_asset_no_cross_asset_sum,7d0f8095fdd86ca62bf9ea9dbc28b1c89db3581fc728f8230a7c8f059686d20a,QUERY_ACCEPTED
controlled-v1/split_merge_shared_targets/04,controlled-v1/split_merge_shared_targets/04,SYNTHETIC_CONTROLLED_V1,controlled,SYNTHETIC,False,POISON,events,d_u,COMPLETED,POISON_NOMINAL_RAW,,,,6,6,ETH,[],raw_by_asset_no_cross_asset_sum,7d0f8095fdd86ca62bf9ea9dbc28b1c89db3581fc728f8230a7c8f059686d20a,QUERY_ACCEPTED
controlled-v1/split_merge_shared_targets/04,controlled-v1/split_merge_shared_targets/04,SYNTHETIC_CONTROLLED_V1,controlled,SYNTHETIC,False,POISON,joint_by_asset,ETH,COMPLETED,POISON_NOMINAL_RAW,,,,12,12,ETH,[],raw_by_asset_no_cross_asset_sum,7d0f8095fdd86ca62bf9ea9dbc28b1c89db3581fc728f8230a7c8f059686d20a,QUERY_ACCEPTED
controlled-v1/split_merge_shared_targets/04,controlled-v1/split_merge_shared_targets/04,SYNTHETIC_CONTROLLED_V1,controlled,SYNTHETIC,False,HAIRCUT,addresses,T|ETH,COMPLETED,PROPORTIONAL_FEASIBLE_POINT,,,3,,6,ETH,[],raw_by_asset_no_cross_asset_sum,7d0f8095fdd86ca62bf9ea9dbc28b1c89db3581fc728f8230a7c8f059686d20a,QUERY_ACCEPTED
controlled-v1/split_merge_shared_targets/04,controlled-v1/split_merge_shared_targets/04,SYNTHETIC_CONTROLLED_V1,controlled,SYNTHETIC,False,HAIRCUT,addresses,U|ETH,COMPLETED,PROPORTIONAL_FEASIBLE_POINT,,,3,,6,ETH,[],raw_by_asset_no_cross_asset_sum,7d0f8095fdd86ca62bf9ea9dbc28b1c89db3581fc728f8230a7c8f059686d20a,QUERY_ACCEPTED
controlled-v1/split_merge_shared_targets/04,controlled-v1/split_merge_shared_targets/04,SYNTHETIC_CONTROLLED_V1,controlled,SYNTHETIC,False,HAIRCUT,events,seed,COMPLETED,PROPORTIONAL_FEASIBLE_POINT,,,6,,6,ETH,[],raw_by_asset_no_cross_asset_sum,7d0f8095fdd86ca62bf9ea9dbc28b1c89db3581fc728f8230a7c8f059686d20a,QUERY_ACCEPTED
controlled-v1/split_merge_shared_targets/04,controlled-v1/split_merge_shared_targets/04,SYNTHETIC_CONTROLLED_V1,controlled,SYNTHETIC,False,HAIRCUT,events,a_b,COMPLETED,PROPORTIONAL_FEASIBLE_POINT,,,3,,6,ETH,[],raw_by_asset_no_cross_asset_sum,7d0f8095fdd86ca62bf9ea9dbc28b1c89db3581fc728f8230a7c8f059686d20a,QUERY_ACCEPTED
controlled-v1/split_merge_shared_targets/04,controlled-v1/split_merge_shared_targets/04,SYNTHETIC_CONTROLLED_V1,controlled,SYNTHETIC,False,HAIRCUT,events,a_c,COMPLETED,PROPORTIONAL_FEASIBLE_POINT,,,3,,6,ETH,[],raw_by_asset_no_cross_asset_sum,7d0f8095fdd86ca62bf9ea9dbc28b1c89db3581fc728f8230a7c8f059686d20a,QUERY_ACCEPTED
controlled-v1/split_merge_shared_targets/04,controlled-v1/split_merge_shared_targets/04,SYNTHETIC_CONTROLLED_V1,controlled,SYNTHETIC,False,HAIRCUT,events,b_d,COMPLETED,PROPORTIONAL_FEASIBLE_POINT,,,3,,6,ETH,[],raw_by_asset_no_cross_asset_sum,7d0f8095fdd86ca62bf9ea9dbc28b1c89db3581fc728f8230a7c8f059686d20a,QUERY_ACCEPTED
controlled-v1/split_merge_shared_targets/04,controlled-v1/split_merge_shared_targets/04,SYNTHETIC_CONTROLLED_V1,controlled,SYNTHETIC,False,HAIRCUT,events,c_d,COMPLETED,PROPORTIONAL_FEASIBLE_POINT,,,3,,6,ETH,[],raw_by_asset_no_cross_asset_sum,7d0f8095fdd86ca62bf9ea9dbc28b1c89db3581fc728f8230a7c8f059686d20a,QUERY_ACCEPTED
controlled-v1/split_merge_shared_targets/04,controlled-v1/split_merge_shared_targets/04,SYNTHETIC_CONTROLLED_V1,controlled,SYNTHETIC,False,HAIRCUT,events,d_t,COMPLETED,PROPORTIONAL_FEASIBLE_POINT,,,3,,6,ETH,[],raw_by_asset_no_cross_asset_sum,7d0f8095fdd86ca62bf9ea9dbc28b1c89db3581fc728f8230a7c8f059686d20a,QUERY_ACCEPTED
controlled-v1/split_merge_shared_targets/04,controlled-v1/split_merge_shared_targets/04,SYNTHETIC_CONTROLLED_V1,controlled,SYNTHETIC,False,HAIRCUT,events,d_u,COMPLETED,PROPORTIONAL_FEASIBLE_POINT,,,3,,6,ETH,[],raw_by_asset_no_cross_asset_sum,7d0f8095fdd86ca62bf9ea9dbc28b1c89db3581fc728f8230a7c8f059686d20a,QUERY_ACCEPTED
controlled-v1/split_merge_shared_targets/04,controlled-v1/split_merge_shared_targets/04,SYNTHETIC_CONTROLLED_V1,controlled,SYNTHETIC,False,HAIRCUT,joint_by_asset,ETH,COMPLETED,PROPORTIONAL_FEASIBLE_POINT,,,6,,12,ETH,[],raw_by_asset_no_cross_asset_sum,7d0f8095fdd86ca62bf9ea9dbc28b1c89db3581fc728f8230a7c8f059686d20a,QUERY_ACCEPTED
controlled-v1/split_merge_shared_targets/04,controlled-v1/split_merge_shared_targets/04,SYNTHETIC_CONTROLLED_V1,controlled,SYNTHETIC,False,NO_CROSS_TARGET_COUPLING,addresses,T|ETH,COMPLETED,product_of_target_specific_copies,0,6,,,6,ETH,[],raw_by_asset_no_cross_asset_sum,7d0f8095fdd86ca62bf9ea9dbc28b1c89db3581fc728f8230a7c8f059686d20a,QUERY_ACCEPTED
controlled-v1/split_merge_shared_targets/04,controlled-v1/split_merge_shared_targets/04,SYNTHETIC_CONTROLLED_V1,controlled,SYNTHETIC,False,NO_CROSS_TARGET_COUPLING,addresses,U|ETH,COMPLETED,product_of_target_specific_copies,0,6,,,6,ETH,[],raw_by_asset_no_cross_asset_sum,7d0f8095fdd86ca62bf9ea9dbc28b1c89db3581fc728f8230a7c8f059686d20a,QUERY_ACCEPTED
controlled-v1/split_merge_shared_targets/04,controlled-v1/split_merge_shared_targets/04,SYNTHETIC_CONTROLLED_V1,controlled,SYNTHETIC,False,NO_CROSS_TARGET_COUPLING,events,d_t,COMPLETED,product_of_target_specific_copies,0,6,,,6,ETH,[],raw_by_asset_no_cross_asset_sum,7d0f8095fdd86ca62bf9ea9dbc28b1c89db3581fc728f8230a7c8f059686d20a,QUERY_ACCEPTED
controlled-v1/split_merge_shared_targets/04,controlled-v1/split_merge_shared_targets/04,SYNTHETIC_CONTROLLED_V1,controlled,SYNTHETIC,False,NO_CROSS_TARGET_COUPLING,events,d_u,COMPLETED,product_of_target_specific_copies,0,6,,,6,ETH,[],raw_by_asset_no_cross_asset_sum,7d0f8095fdd86ca62bf9ea9dbc28b1c89db3581fc728f8230a7c8f059686d20a,QUERY_ACCEPTED
controlled-v1/split_merge_shared_targets/04,controlled-v1/split_merge_shared_targets/04,SYNTHETIC_CONTROLLED_V1,controlled,SYNTHETIC,False,NO_CROSS_TARGET_COUPLING,joint_by_asset,ETH,COMPLETED,product_of_target_specific_copies,0,12,,,12,ETH,[],raw_by_asset_no_cross_asset_sum,7d0f8095fdd86ca62bf9ea9dbc28b1c89db3581fc728f8230a7c8f059686d20a,QUERY_ACCEPTED
controlled-v1/split_merge_shared_targets/05,controlled-v1/split_merge_shared_targets/05,SYNTHETIC_CONTROLLED_V1,controlled,SYNTHETIC,False,FULL_INTERVAL,addresses,T|ETH,COMPLETED,feasible_interval,0,5,,,5,ETH,[],raw_by_asset_no_cross_asset_sum,019d55cf7fae445b4fbd2f95e74bc837761d0f115a51fdcbed3c8a38cabda945,QUERY_ACCEPTED
controlled-v1/split_merge_shared_targets/05,controlled-v1/split_merge_shared_targets/05,SYNTHETIC_CONTROLLED_V1,controlled,SYNTHETIC,False,FULL_INTERVAL,addresses,U|ETH,COMPLETED,feasible_interval,0,5,,,5,ETH,[],raw_by_asset_no_cross_asset_sum,019d55cf7fae445b4fbd2f95e74bc837761d0f115a51fdcbed3c8a38cabda945,QUERY_ACCEPTED
controlled-v1/split_merge_shared_targets/05,controlled-v1/split_merge_shared_targets/05,SYNTHETIC_CONTROLLED_V1,controlled,SYNTHETIC,False,FULL_INTERVAL,events,shared_split:output0,COMPLETED,feasible_interval,0,5,,,5,ETH,[],raw_by_asset_no_cross_asset_sum,019d55cf7fae445b4fbd2f95e74bc837761d0f115a51fdcbed3c8a38cabda945,QUERY_ACCEPTED
controlled-v1/split_merge_shared_targets/05,controlled-v1/split_merge_shared_targets/05,SYNTHETIC_CONTROLLED_V1,controlled,SYNTHETIC,False,FULL_INTERVAL,events,shared_split:output1,COMPLETED,feasible_interval,0,5,,,5,ETH,[],raw_by_asset_no_cross_asset_sum,019d55cf7fae445b4fbd2f95e74bc837761d0f115a51fdcbed3c8a38cabda945,QUERY_ACCEPTED
controlled-v1/split_merge_shared_targets/05,controlled-v1/split_merge_shared_targets/05,SYNTHETIC_CONTROLLED_V1,controlled,SYNTHETIC,False,FULL_INTERVAL,joint_by_asset,ETH,COMPLETED,feasible_interval,5,5,,,10,ETH,[],raw_by_asset_no_cross_asset_sum,019d55cf7fae445b4fbd2f95e74bc837761d0f115a51fdcbed3c8a38cabda945,QUERY_ACCEPTED
controlled-v1/split_merge_shared_targets/05,controlled-v1/split_merge_shared_targets/05,SYNTHETIC_CONTROLLED_V1,controlled,SYNTHETIC,False,BOUNDED_REACHABILITY,addresses,T|ETH,COMPLETED,ADDRESS_EVENT_SET_NO_AMOUNT,,,,,5,ETH,[],raw_by_asset_no_cross_asset_sum,019d55cf7fae445b4fbd2f95e74bc837761d0f115a51fdcbed3c8a38cabda945,QUERY_ACCEPTED
controlled-v1/split_merge_shared_targets/05,controlled-v1/split_merge_shared_targets/05,SYNTHETIC_CONTROLLED_V1,controlled,SYNTHETIC,False,BOUNDED_REACHABILITY,addresses,U|ETH,COMPLETED,ADDRESS_EVENT_SET_NO_AMOUNT,,,,,5,ETH,[],raw_by_asset_no_cross_asset_sum,019d55cf7fae445b4fbd2f95e74bc837761d0f115a51fdcbed3c8a38cabda945,QUERY_ACCEPTED
controlled-v1/split_merge_shared_targets/05,controlled-v1/split_merge_shared_targets/05,SYNTHETIC_CONTROLLED_V1,controlled,SYNTHETIC,False,BOUNDED_REACHABILITY,events,seed,COMPLETED,ADDRESS_EVENT_SET_NO_AMOUNT,,,,,5,ETH,[],raw_by_asset_no_cross_asset_sum,019d55cf7fae445b4fbd2f95e74bc837761d0f115a51fdcbed3c8a38cabda945,QUERY_ACCEPTED
controlled-v1/split_merge_shared_targets/05,controlled-v1/split_merge_shared_targets/05,SYNTHETIC_CONTROLLED_V1,controlled,SYNTHETIC,False,BOUNDED_REACHABILITY,events,a_b,COMPLETED,ADDRESS_EVENT_SET_NO_AMOUNT,,,,,5,ETH,[],raw_by_asset_no_cross_asset_sum,019d55cf7fae445b4fbd2f95e74bc837761d0f115a51fdcbed3c8a38cabda945,QUERY_ACCEPTED
controlled-v1/split_merge_shared_targets/05,controlled-v1/split_merge_shared_targets/05,SYNTHETIC_CONTROLLED_V1,controlled,SYNTHETIC,False,BOUNDED_REACHABILITY,events,a_c,COMPLETED,ADDRESS_EVENT_SET_NO_AMOUNT,,,,,5,ETH,[],raw_by_asset_no_cross_asset_sum,019d55cf7fae445b4fbd2f95e74bc837761d0f115a51fdcbed3c8a38cabda945,QUERY_ACCEPTED
controlled-v1/split_merge_shared_targets/05,controlled-v1/split_merge_shared_targets/05,SYNTHETIC_CONTROLLED_V1,controlled,SYNTHETIC,False,BOUNDED_REACHABILITY,events,b_d,COMPLETED,ADDRESS_EVENT_SET_NO_AMOUNT,,,,,5,ETH,[],raw_by_asset_no_cross_asset_sum,019d55cf7fae445b4fbd2f95e74bc837761d0f115a51fdcbed3c8a38cabda945,QUERY_ACCEPTED
controlled-v1/split_merge_shared_targets/05,controlled-v1/split_merge_shared_targets/05,SYNTHETIC_CONTROLLED_V1,controlled,SYNTHETIC,False,BOUNDED_REACHABILITY,events,c_d,COMPLETED,ADDRESS_EVENT_SET_NO_AMOUNT,,,,,5,ETH,[],raw_by_asset_no_cross_asset_sum,019d55cf7fae445b4fbd2f95e74bc837761d0f115a51fdcbed3c8a38cabda945,QUERY_ACCEPTED
controlled-v1/split_merge_shared_targets/05,controlled-v1/split_merge_shared_targets/05,SYNTHETIC_CONTROLLED_V1,controlled,SYNTHETIC,False,BOUNDED_REACHABILITY,events,shared_split:input,COMPLETED,ADDRESS_EVENT_SET_NO_AMOUNT,,,,,10,ETH,[],raw_by_asset_no_cross_asset_sum,019d55cf7fae445b4fbd2f95e74bc837761d0f115a51fdcbed3c8a38cabda945,QUERY_ACCEPTED
controlled-v1/split_merge_shared_targets/05,controlled-v1/split_merge_shared_targets/05,SYNTHETIC_CONTROLLED_V1,controlled,SYNTHETIC,False,BOUNDED_REACHABILITY,events,shared_split:output0,COMPLETED,ADDRESS_EVENT_SET_NO_AMOUNT,,,,,5,ETH,[],raw_by_asset_no_cross_asset_sum,019d55cf7fae445b4fbd2f95e74bc837761d0f115a51fdcbed3c8a38cabda945,QUERY_ACCEPTED
controlled-v1/split_merge_shared_targets/05,controlled-v1/split_merge_shared_targets/05,SYNTHETIC_CONTROLLED_V1,controlled,SYNTHETIC,False,BOUNDED_REACHABILITY,events,shared_split:output1,COMPLETED,ADDRESS_EVENT_SET_NO_AMOUNT,,,,,5,ETH,[],raw_by_asset_no_cross_asset_sum,019d55cf7fae445b4fbd2f95e74bc837761d0f115a51fdcbed3c8a38cabda945,QUERY_ACCEPTED
controlled-v1/split_merge_shared_targets/05,controlled-v1/split_merge_shared_targets/05,SYNTHETIC_CONTROLLED_V1,controlled,SYNTHETIC,False,BOUNDED_REACHABILITY,joint_by_asset,ETH,COMPLETED,ADDRESS_EVENT_SET_NO_AMOUNT,,,,,10,ETH,[],raw_by_asset_no_cross_asset_sum,019d55cf7fae445b4fbd2f95e74bc837761d0f115a51fdcbed3c8a38cabda945,QUERY_ACCEPTED
controlled-v1/split_merge_shared_targets/05,controlled-v1/split_merge_shared_targets/05,SYNTHETIC_CONTROLLED_V1,controlled,SYNTHETIC,False,POISON,addresses,T|ETH,COMPLETED,POISON_NOMINAL_RAW,,,,5,5,ETH,[],raw_by_asset_no_cross_asset_sum,019d55cf7fae445b4fbd2f95e74bc837761d0f115a51fdcbed3c8a38cabda945,QUERY_ACCEPTED
controlled-v1/split_merge_shared_targets/05,controlled-v1/split_merge_shared_targets/05,SYNTHETIC_CONTROLLED_V1,controlled,SYNTHETIC,False,POISON,addresses,U|ETH,COMPLETED,POISON_NOMINAL_RAW,,,,5,5,ETH,[],raw_by_asset_no_cross_asset_sum,019d55cf7fae445b4fbd2f95e74bc837761d0f115a51fdcbed3c8a38cabda945,QUERY_ACCEPTED
controlled-v1/split_merge_shared_targets/05,controlled-v1/split_merge_shared_targets/05,SYNTHETIC_CONTROLLED_V1,controlled,SYNTHETIC,False,POISON,events,seed,COMPLETED,POISON_NOMINAL_RAW,,,,5,5,ETH,[],raw_by_asset_no_cross_asset_sum,019d55cf7fae445b4fbd2f95e74bc837761d0f115a51fdcbed3c8a38cabda945,QUERY_ACCEPTED
controlled-v1/split_merge_shared_targets/05,controlled-v1/split_merge_shared_targets/05,SYNTHETIC_CONTROLLED_V1,controlled,SYNTHETIC,False,POISON,events,a_b,COMPLETED,POISON_NOMINAL_RAW,,,,5,5,ETH,[],raw_by_asset_no_cross_asset_sum,019d55cf7fae445b4fbd2f95e74bc837761d0f115a51fdcbed3c8a38cabda945,QUERY_ACCEPTED
controlled-v1/split_merge_shared_targets/05,controlled-v1/split_merge_shared_targets/05,SYNTHETIC_CONTROLLED_V1,controlled,SYNTHETIC,False,POISON,events,a_c,COMPLETED,POISON_NOMINAL_RAW,,,,5,5,ETH,[],raw_by_asset_no_cross_asset_sum,019d55cf7fae445b4fbd2f95e74bc837761d0f115a51fdcbed3c8a38cabda945,QUERY_ACCEPTED
controlled-v1/split_merge_shared_targets/05,controlled-v1/split_merge_shared_targets/05,SYNTHETIC_CONTROLLED_V1,controlled,SYNTHETIC,False,POISON,events,b_d,COMPLETED,POISON_NOMINAL_RAW,,,,5,5,ETH,[],raw_by_asset_no_cross_asset_sum,019d55cf7fae445b4fbd2f95e74bc837761d0f115a51fdcbed3c8a38cabda945,QUERY_ACCEPTED
controlled-v1/split_merge_shared_targets/05,controlled-v1/split_merge_shared_targets/05,SYNTHETIC_CONTROLLED_V1,controlled,SYNTHETIC,False,POISON,events,c_d,COMPLETED,POISON_NOMINAL_RAW,,,,5,5,ETH,[],raw_by_asset_no_cross_asset_sum,019d55cf7fae445b4fbd2f95e74bc837761d0f115a51fdcbed3c8a38cabda945,QUERY_ACCEPTED
controlled-v1/split_merge_shared_targets/05,controlled-v1/split_merge_shared_targets/05,SYNTHETIC_CONTROLLED_V1,controlled,SYNTHETIC,False,POISON,events,shared_split:input,COMPLETED,POISON_NOMINAL_RAW,,,,10,10,ETH,[],raw_by_asset_no_cross_asset_sum,019d55cf7fae445b4fbd2f95e74bc837761d0f115a51fdcbed3c8a38cabda945,QUERY_ACCEPTED
controlled-v1/split_merge_shared_targets/05,controlled-v1/split_merge_shared_targets/05,SYNTHETIC_CONTROLLED_V1,controlled,SYNTHETIC,False,POISON,events,shared_split:output0,COMPLETED,POISON_NOMINAL_RAW,,,,5,5,ETH,[],raw_by_asset_no_cross_asset_sum,019d55cf7fae445b4fbd2f95e74bc837761d0f115a51fdcbed3c8a38cabda945,QUERY_ACCEPTED
controlled-v1/split_merge_shared_targets/05,controlled-v1/split_merge_shared_targets/05,SYNTHETIC_CONTROLLED_V1,controlled,SYNTHETIC,False,POISON,events,shared_split:output1,COMPLETED,POISON_NOMINAL_RAW,,,,5,5,ETH,[],raw_by_asset_no_cross_asset_sum,019d55cf7fae445b4fbd2f95e74bc837761d0f115a51fdcbed3c8a38cabda945,QUERY_ACCEPTED
controlled-v1/split_merge_shared_targets/05,controlled-v1/split_merge_shared_targets/05,SYNTHETIC_CONTROLLED_V1,controlled,SYNTHETIC,False,POISON,joint_by_asset,ETH,COMPLETED,POISON_NOMINAL_RAW,,,,10,10,ETH,[],raw_by_asset_no_cross_asset_sum,019d55cf7fae445b4fbd2f95e74bc837761d0f115a51fdcbed3c8a38cabda945,QUERY_ACCEPTED
controlled-v1/split_merge_shared_targets/05,controlled-v1/split_merge_shared_targets/05,SYNTHETIC_CONTROLLED_V1,controlled,SYNTHETIC,False,HAIRCUT,addresses,T|ETH,COMPLETED,PROPORTIONAL_FEASIBLE_POINT,,,5/2,,5,ETH,[],raw_by_asset_no_cross_asset_sum,019d55cf7fae445b4fbd2f95e74bc837761d0f115a51fdcbed3c8a38cabda945,QUERY_ACCEPTED
controlled-v1/split_merge_shared_targets/05,controlled-v1/split_merge_shared_targets/05,SYNTHETIC_CONTROLLED_V1,controlled,SYNTHETIC,False,HAIRCUT,addresses,U|ETH,COMPLETED,PROPORTIONAL_FEASIBLE_POINT,,,5/2,,5,ETH,[],raw_by_asset_no_cross_asset_sum,019d55cf7fae445b4fbd2f95e74bc837761d0f115a51fdcbed3c8a38cabda945,QUERY_ACCEPTED
controlled-v1/split_merge_shared_targets/05,controlled-v1/split_merge_shared_targets/05,SYNTHETIC_CONTROLLED_V1,controlled,SYNTHETIC,False,HAIRCUT,events,seed,COMPLETED,PROPORTIONAL_FEASIBLE_POINT,,,5,,5,ETH,[],raw_by_asset_no_cross_asset_sum,019d55cf7fae445b4fbd2f95e74bc837761d0f115a51fdcbed3c8a38cabda945,QUERY_ACCEPTED
controlled-v1/split_merge_shared_targets/05,controlled-v1/split_merge_shared_targets/05,SYNTHETIC_CONTROLLED_V1,controlled,SYNTHETIC,False,HAIRCUT,events,a_b,COMPLETED,PROPORTIONAL_FEASIBLE_POINT,,,5/2,,5,ETH,[],raw_by_asset_no_cross_asset_sum,019d55cf7fae445b4fbd2f95e74bc837761d0f115a51fdcbed3c8a38cabda945,QUERY_ACCEPTED
controlled-v1/split_merge_shared_targets/05,controlled-v1/split_merge_shared_targets/05,SYNTHETIC_CONTROLLED_V1,controlled,SYNTHETIC,False,HAIRCUT,events,a_c,COMPLETED,PROPORTIONAL_FEASIBLE_POINT,,,5/2,,5,ETH,[],raw_by_asset_no_cross_asset_sum,019d55cf7fae445b4fbd2f95e74bc837761d0f115a51fdcbed3c8a38cabda945,QUERY_ACCEPTED
controlled-v1/split_merge_shared_targets/05,controlled-v1/split_merge_shared_targets/05,SYNTHETIC_CONTROLLED_V1,controlled,SYNTHETIC,False,HAIRCUT,events,b_d,COMPLETED,PROPORTIONAL_FEASIBLE_POINT,,,5/2,,5,ETH,[],raw_by_asset_no_cross_asset_sum,019d55cf7fae445b4fbd2f95e74bc837761d0f115a51fdcbed3c8a38cabda945,QUERY_ACCEPTED
controlled-v1/split_merge_shared_targets/05,controlled-v1/split_merge_shared_targets/05,SYNTHETIC_CONTROLLED_V1,controlled,SYNTHETIC,False,HAIRCUT,events,c_d,COMPLETED,PROPORTIONAL_FEASIBLE_POINT,,,5/2,,5,ETH,[],raw_by_asset_no_cross_asset_sum,019d55cf7fae445b4fbd2f95e74bc837761d0f115a51fdcbed3c8a38cabda945,QUERY_ACCEPTED
controlled-v1/split_merge_shared_targets/05,controlled-v1/split_merge_shared_targets/05,SYNTHETIC_CONTROLLED_V1,controlled,SYNTHETIC,False,HAIRCUT,events,shared_split:input,COMPLETED,PROPORTIONAL_FEASIBLE_POINT,,,5,,10,ETH,[],raw_by_asset_no_cross_asset_sum,019d55cf7fae445b4fbd2f95e74bc837761d0f115a51fdcbed3c8a38cabda945,QUERY_ACCEPTED
controlled-v1/split_merge_shared_targets/05,controlled-v1/split_merge_shared_targets/05,SYNTHETIC_CONTROLLED_V1,controlled,SYNTHETIC,False,HAIRCUT,events,shared_split:output0,COMPLETED,PROPORTIONAL_FEASIBLE_POINT,,,5/2,,5,ETH,[],raw_by_asset_no_cross_asset_sum,019d55cf7fae445b4fbd2f95e74bc837761d0f115a51fdcbed3c8a38cabda945,QUERY_ACCEPTED
controlled-v1/split_merge_shared_targets/05,controlled-v1/split_merge_shared_targets/05,SYNTHETIC_CONTROLLED_V1,controlled,SYNTHETIC,False,HAIRCUT,events,shared_split:output1,COMPLETED,PROPORTIONAL_FEASIBLE_POINT,,,5/2,,5,ETH,[],raw_by_asset_no_cross_asset_sum,019d55cf7fae445b4fbd2f95e74bc837761d0f115a51fdcbed3c8a38cabda945,QUERY_ACCEPTED
controlled-v1/split_merge_shared_targets/05,controlled-v1/split_merge_shared_targets/05,SYNTHETIC_CONTROLLED_V1,controlled,SYNTHETIC,False,HAIRCUT,joint_by_asset,ETH,COMPLETED,PROPORTIONAL_FEASIBLE_POINT,,,5,,10,ETH,[],raw_by_asset_no_cross_asset_sum,019d55cf7fae445b4fbd2f95e74bc837761d0f115a51fdcbed3c8a38cabda945,QUERY_ACCEPTED
controlled-v1/split_merge_shared_targets/05,controlled-v1/split_merge_shared_targets/05,SYNTHETIC_CONTROLLED_V1,controlled,SYNTHETIC,False,NO_CROSS_TARGET_COUPLING,addresses,T|ETH,COMPLETED,product_of_target_specific_copies,0,5,,,5,ETH,[],raw_by_asset_no_cross_asset_sum,019d55cf7fae445b4fbd2f95e74bc837761d0f115a51fdcbed3c8a38cabda945,QUERY_ACCEPTED
controlled-v1/split_merge_shared_targets/05,controlled-v1/split_merge_shared_targets/05,SYNTHETIC_CONTROLLED_V1,controlled,SYNTHETIC,False,NO_CROSS_TARGET_COUPLING,addresses,U|ETH,COMPLETED,product_of_target_specific_copies,0,5,,,5,ETH,[],raw_by_asset_no_cross_asset_sum,019d55cf7fae445b4fbd2f95e74bc837761d0f115a51fdcbed3c8a38cabda945,QUERY_ACCEPTED
controlled-v1/split_merge_shared_targets/05,controlled-v1/split_merge_shared_targets/05,SYNTHETIC_CONTROLLED_V1,controlled,SYNTHETIC,False,NO_CROSS_TARGET_COUPLING,events,shared_split:output0,COMPLETED,product_of_target_specific_copies,0,5,,,5,ETH,[],raw_by_asset_no_cross_asset_sum,019d55cf7fae445b4fbd2f95e74bc837761d0f115a51fdcbed3c8a38cabda945,QUERY_ACCEPTED
controlled-v1/split_merge_shared_targets/05,controlled-v1/split_merge_shared_targets/05,SYNTHETIC_CONTROLLED_V1,controlled,SYNTHETIC,False,NO_CROSS_TARGET_COUPLING,events,shared_split:output1,COMPLETED,product_of_target_specific_copies,0,5,,,5,ETH,[],raw_by_asset_no_cross_asset_sum,019d55cf7fae445b4fbd2f95e74bc837761d0f115a51fdcbed3c8a38cabda945,QUERY_ACCEPTED
controlled-v1/split_merge_shared_targets/05,controlled-v1/split_merge_shared_targets/05,SYNTHETIC_CONTROLLED_V1,controlled,SYNTHETIC,False,NO_CROSS_TARGET_COUPLING,joint_by_asset,ETH,COMPLETED,product_of_target_specific_copies,0,10,,,10,ETH,[],raw_by_asset_no_cross_asset_sum,019d55cf7fae445b4fbd2f95e74bc837761d0f115a51fdcbed3c8a38cabda945,QUERY_ACCEPTED
controlled-v1/split_merge_shared_targets/05,controlled-v1/split_merge_shared_targets/05,SYNTHETIC_CONTROLLED_V1,controlled,SYNTHETIC,False,NO_PROTOCOL_CONTINUATION,addresses,T|ETH,COMPLETED,feasible_interval,0,5,,,5,ETH,[],raw_by_asset_no_cross_asset_sum,019d55cf7fae445b4fbd2f95e74bc837761d0f115a51fdcbed3c8a38cabda945,QUERY_ACCEPTED
controlled-v1/split_merge_shared_targets/05,controlled-v1/split_merge_shared_targets/05,SYNTHETIC_CONTROLLED_V1,controlled,SYNTHETIC,False,NO_PROTOCOL_CONTINUATION,addresses,U|ETH,COMPLETED,feasible_interval,0,5,,,5,ETH,[],raw_by_asset_no_cross_asset_sum,019d55cf7fae445b4fbd2f95e74bc837761d0f115a51fdcbed3c8a38cabda945,QUERY_ACCEPTED
controlled-v1/split_merge_shared_targets/05,controlled-v1/split_merge_shared_targets/05,SYNTHETIC_CONTROLLED_V1,controlled,SYNTHETIC,False,NO_PROTOCOL_CONTINUATION,events,shared_split:output0,COMPLETED,feasible_interval,0,5,,,5,ETH,[],raw_by_asset_no_cross_asset_sum,019d55cf7fae445b4fbd2f95e74bc837761d0f115a51fdcbed3c8a38cabda945,QUERY_ACCEPTED
controlled-v1/split_merge_shared_targets/05,controlled-v1/split_merge_shared_targets/05,SYNTHETIC_CONTROLLED_V1,controlled,SYNTHETIC,False,NO_PROTOCOL_CONTINUATION,events,shared_split:output1,COMPLETED,feasible_interval,0,5,,,5,ETH,[],raw_by_asset_no_cross_asset_sum,019d55cf7fae445b4fbd2f95e74bc837761d0f115a51fdcbed3c8a38cabda945,QUERY_ACCEPTED
controlled-v1/split_merge_shared_targets/05,controlled-v1/split_merge_shared_targets/05,SYNTHETIC_CONTROLLED_V1,controlled,SYNTHETIC,False,NO_PROTOCOL_CONTINUATION,joint_by_asset,ETH,COMPLETED,feasible_interval,5,5,,,10,ETH,[],raw_by_asset_no_cross_asset_sum,019d55cf7fae445b4fbd2f95e74bc837761d0f115a51fdcbed3c8a38cabda945,QUERY_ACCEPTED
controlled-v1/split_merge_shared_targets/05,controlled-v1/split_merge_shared_targets/05,SYNTHETIC_CONTROLLED_V1,controlled,SYNTHETIC,False,BALANCE_INFORMATION_REMOVED,addresses,T|ETH,COMPLETED,feasible_interval,0,5,,,5,ETH,[],raw_by_asset_no_cross_asset_sum,019d55cf7fae445b4fbd2f95e74bc837761d0f115a51fdcbed3c8a38cabda945,QUERY_ACCEPTED
controlled-v1/split_merge_shared_targets/05,controlled-v1/split_merge_shared_targets/05,SYNTHETIC_CONTROLLED_V1,controlled,SYNTHETIC,False,BALANCE_INFORMATION_REMOVED,addresses,U|ETH,COMPLETED,feasible_interval,0,5,,,5,ETH,[],raw_by_asset_no_cross_asset_sum,019d55cf7fae445b4fbd2f95e74bc837761d0f115a51fdcbed3c8a38cabda945,QUERY_ACCEPTED
controlled-v1/split_merge_shared_targets/05,controlled-v1/split_merge_shared_targets/05,SYNTHETIC_CONTROLLED_V1,controlled,SYNTHETIC,False,BALANCE_INFORMATION_REMOVED,events,shared_split:output0,COMPLETED,feasible_interval,0,5,,,5,ETH,[],raw_by_asset_no_cross_asset_sum,019d55cf7fae445b4fbd2f95e74bc837761d0f115a51fdcbed3c8a38cabda945,QUERY_ACCEPTED
controlled-v1/split_merge_shared_targets/05,controlled-v1/split_merge_shared_targets/05,SYNTHETIC_CONTROLLED_V1,controlled,SYNTHETIC,False,BALANCE_INFORMATION_REMOVED,events,shared_split:output1,COMPLETED,feasible_interval,0,5,,,5,ETH,[],raw_by_asset_no_cross_asset_sum,019d55cf7fae445b4fbd2f95e74bc837761d0f115a51fdcbed3c8a38cabda945,QUERY_ACCEPTED
controlled-v1/split_merge_shared_targets/05,controlled-v1/split_merge_shared_targets/05,SYNTHETIC_CONTROLLED_V1,controlled,SYNTHETIC,False,BALANCE_INFORMATION_REMOVED,joint_by_asset,ETH,COMPLETED,feasible_interval,0,5,,,10,ETH,[],raw_by_asset_no_cross_asset_sum,019d55cf7fae445b4fbd2f95e74bc837761d0f115a51fdcbed3c8a38cabda945,QUERY_ACCEPTED
controlled-v1/split_merge_shared_targets/06,controlled-v1/split_merge_shared_targets/06,SYNTHETIC_CONTROLLED_V1,controlled,SYNTHETIC,False,NO_CROSS_TARGET_COUPLING,addresses,T|ETH,COMPLETED,product_of_target_specific_copies,0,6,,,6,ETH,[],raw_by_asset_no_cross_asset_sum,2f66614d5467923d91304d91728ed38156f1bab9e16e72564b31cb424cb3b837,QUERY_ACCEPTED
controlled-v1/split_merge_shared_targets/06,controlled-v1/split_merge_shared_targets/06,SYNTHETIC_CONTROLLED_V1,controlled,SYNTHETIC,False,NO_CROSS_TARGET_COUPLING,addresses,U|ETH,COMPLETED,product_of_target_specific_copies,0,6,,,6,ETH,[],raw_by_asset_no_cross_asset_sum,2f66614d5467923d91304d91728ed38156f1bab9e16e72564b31cb424cb3b837,QUERY_ACCEPTED
controlled-v1/split_merge_shared_targets/06,controlled-v1/split_merge_shared_targets/06,SYNTHETIC_CONTROLLED_V1,controlled,SYNTHETIC,False,NO_CROSS_TARGET_COUPLING,events,d_t,COMPLETED,product_of_target_specific_copies,0,6,,,6,ETH,[],raw_by_asset_no_cross_asset_sum,2f66614d5467923d91304d91728ed38156f1bab9e16e72564b31cb424cb3b837,QUERY_ACCEPTED
controlled-v1/split_merge_shared_targets/06,controlled-v1/split_merge_shared_targets/06,SYNTHETIC_CONTROLLED_V1,controlled,SYNTHETIC,False,NO_CROSS_TARGET_COUPLING,events,d_u,COMPLETED,product_of_target_specific_copies,0,6,,,6,ETH,[],raw_by_asset_no_cross_asset_sum,2f66614d5467923d91304d91728ed38156f1bab9e16e72564b31cb424cb3b837,QUERY_ACCEPTED
controlled-v1/split_merge_shared_targets/06,controlled-v1/split_merge_shared_targets/06,SYNTHETIC_CONTROLLED_V1,controlled,SYNTHETIC,False,NO_CROSS_TARGET_COUPLING,joint_by_asset,ETH,COMPLETED,product_of_target_specific_copies,0,12,,,12,ETH,[],raw_by_asset_no_cross_asset_sum,2f66614d5467923d91304d91728ed38156f1bab9e16e72564b31cb424cb3b837,QUERY_ACCEPTED
controlled-v1/split_merge_shared_targets/06,controlled-v1/split_merge_shared_targets/06,SYNTHETIC_CONTROLLED_V1,controlled,SYNTHETIC,False,NO_PROTOCOL_CONTINUATION,addresses,T|ETH,COMPLETED,feasible_interval,0,6,,,6,ETH,[],raw_by_asset_no_cross_asset_sum,2f66614d5467923d91304d91728ed38156f1bab9e16e72564b31cb424cb3b837,QUERY_ACCEPTED
controlled-v1/split_merge_shared_targets/06,controlled-v1/split_merge_shared_targets/06,SYNTHETIC_CONTROLLED_V1,controlled,SYNTHETIC,False,NO_PROTOCOL_CONTINUATION,addresses,U|ETH,COMPLETED,feasible_interval,0,6,,,6,ETH,[],raw_by_asset_no_cross_asset_sum,2f66614d5467923d91304d91728ed38156f1bab9e16e72564b31cb424cb3b837,QUERY_ACCEPTED
controlled-v1/split_merge_shared_targets/06,controlled-v1/split_merge_shared_targets/06,SYNTHETIC_CONTROLLED_V1,controlled,SYNTHETIC,False,NO_PROTOCOL_CONTINUATION,events,d_t,COMPLETED,feasible_interval,0,6,,,6,ETH,[],raw_by_asset_no_cross_asset_sum,2f66614d5467923d91304d91728ed38156f1bab9e16e72564b31cb424cb3b837,QUERY_ACCEPTED
controlled-v1/split_merge_shared_targets/06,controlled-v1/split_merge_shared_targets/06,SYNTHETIC_CONTROLLED_V1,controlled,SYNTHETIC,False,NO_PROTOCOL_CONTINUATION,events,d_u,COMPLETED,feasible_interval,0,6,,,6,ETH,[],raw_by_asset_no_cross_asset_sum,2f66614d5467923d91304d91728ed38156f1bab9e16e72564b31cb424cb3b837,QUERY_ACCEPTED
controlled-v1/split_merge_shared_targets/06,controlled-v1/split_merge_shared_targets/06,SYNTHETIC_CONTROLLED_V1,controlled,SYNTHETIC,False,NO_PROTOCOL_CONTINUATION,joint_by_asset,ETH,COMPLETED,feasible_interval,6,6,,,12,ETH,[],raw_by_asset_no_cross_asset_sum,2f66614d5467923d91304d91728ed38156f1bab9e16e72564b31cb424cb3b837,QUERY_ACCEPTED
controlled-v1/split_merge_shared_targets/06,controlled-v1/split_merge_shared_targets/06,SYNTHETIC_CONTROLLED_V1,controlled,SYNTHETIC,False,BALANCE_INFORMATION_REMOVED,addresses,T|ETH,COMPLETED,feasible_interval,0,6,,,6,ETH,[],raw_by_asset_no_cross_asset_sum,2f66614d5467923d91304d91728ed38156f1bab9e16e72564b31cb424cb3b837,QUERY_ACCEPTED
controlled-v1/split_merge_shared_targets/06,controlled-v1/split_merge_shared_targets/06,SYNTHETIC_CONTROLLED_V1,controlled,SYNTHETIC,False,BALANCE_INFORMATION_REMOVED,addresses,U|ETH,COMPLETED,feasible_interval,0,6,,,6,ETH,[],raw_by_asset_no_cross_asset_sum,2f66614d5467923d91304d91728ed38156f1bab9e16e72564b31cb424cb3b837,QUERY_ACCEPTED
controlled-v1/split_merge_shared_targets/06,controlled-v1/split_merge_shared_targets/06,SYNTHETIC_CONTROLLED_V1,controlled,SYNTHETIC,False,BALANCE_INFORMATION_REMOVED,events,d_t,COMPLETED,feasible_interval,0,6,,,6,ETH,[],raw_by_asset_no_cross_asset_sum,2f66614d5467923d91304d91728ed38156f1bab9e16e72564b31cb424cb3b837,QUERY_ACCEPTED
controlled-v1/split_merge_shared_targets/06,controlled-v1/split_merge_shared_targets/06,SYNTHETIC_CONTROLLED_V1,controlled,SYNTHETIC,False,BALANCE_INFORMATION_REMOVED,events,d_u,COMPLETED,feasible_interval,0,6,,,6,ETH,[],raw_by_asset_no_cross_asset_sum,2f66614d5467923d91304d91728ed38156f1bab9e16e72564b31cb424cb3b837,QUERY_ACCEPTED
controlled-v1/split_merge_shared_targets/06,controlled-v1/split_merge_shared_targets/06,SYNTHETIC_CONTROLLED_V1,controlled,SYNTHETIC,False,BALANCE_INFORMATION_REMOVED,joint_by_asset,ETH,COMPLETED,feasible_interval,0,6,,,12,ETH,[],raw_by_asset_no_cross_asset_sum,2f66614d5467923d91304d91728ed38156f1bab9e16e72564b31cb424cb3b837,QUERY_ACCEPTED
controlled-v1/split_merge_shared_targets/06,controlled-v1/split_merge_shared_targets/06,SYNTHETIC_CONTROLLED_V1,controlled,SYNTHETIC,False,FULL_INTERVAL,addresses,T|ETH,COMPLETED,feasible_interval,0,6,,,6,ETH,[],raw_by_asset_no_cross_asset_sum,2f66614d5467923d91304d91728ed38156f1bab9e16e72564b31cb424cb3b837,QUERY_ACCEPTED
controlled-v1/split_merge_shared_targets/06,controlled-v1/split_merge_shared_targets/06,SYNTHETIC_CONTROLLED_V1,controlled,SYNTHETIC,False,FULL_INTERVAL,addresses,U|ETH,COMPLETED,feasible_interval,0,6,,,6,ETH,[],raw_by_asset_no_cross_asset_sum,2f66614d5467923d91304d91728ed38156f1bab9e16e72564b31cb424cb3b837,QUERY_ACCEPTED
controlled-v1/split_merge_shared_targets/06,controlled-v1/split_merge_shared_targets/06,SYNTHETIC_CONTROLLED_V1,controlled,SYNTHETIC,False,FULL_INTERVAL,events,d_t,COMPLETED,feasible_interval,0,6,,,6,ETH,[],raw_by_asset_no_cross_asset_sum,2f66614d5467923d91304d91728ed38156f1bab9e16e72564b31cb424cb3b837,QUERY_ACCEPTED
controlled-v1/split_merge_shared_targets/06,controlled-v1/split_merge_shared_targets/06,SYNTHETIC_CONTROLLED_V1,controlled,SYNTHETIC,False,FULL_INTERVAL,events,d_u,COMPLETED,feasible_interval,0,6,,,6,ETH,[],raw_by_asset_no_cross_asset_sum,2f66614d5467923d91304d91728ed38156f1bab9e16e72564b31cb424cb3b837,QUERY_ACCEPTED
controlled-v1/split_merge_shared_targets/06,controlled-v1/split_merge_shared_targets/06,SYNTHETIC_CONTROLLED_V1,controlled,SYNTHETIC,False,FULL_INTERVAL,joint_by_asset,ETH,COMPLETED,feasible_interval,6,6,,,12,ETH,[],raw_by_asset_no_cross_asset_sum,2f66614d5467923d91304d91728ed38156f1bab9e16e72564b31cb424cb3b837,QUERY_ACCEPTED
controlled-v1/split_merge_shared_targets/06,controlled-v1/split_merge_shared_targets/06,SYNTHETIC_CONTROLLED_V1,controlled,SYNTHETIC,False,BOUNDED_REACHABILITY,addresses,T|ETH,COMPLETED,ADDRESS_EVENT_SET_NO_AMOUNT,,,,,6,ETH,[],raw_by_asset_no_cross_asset_sum,2f66614d5467923d91304d91728ed38156f1bab9e16e72564b31cb424cb3b837,QUERY_ACCEPTED
controlled-v1/split_merge_shared_targets/06,controlled-v1/split_merge_shared_targets/06,SYNTHETIC_CONTROLLED_V1,controlled,SYNTHETIC,False,BOUNDED_REACHABILITY,addresses,U|ETH,COMPLETED,ADDRESS_EVENT_SET_NO_AMOUNT,,,,,6,ETH,[],raw_by_asset_no_cross_asset_sum,2f66614d5467923d91304d91728ed38156f1bab9e16e72564b31cb424cb3b837,QUERY_ACCEPTED
controlled-v1/split_merge_shared_targets/06,controlled-v1/split_merge_shared_targets/06,SYNTHETIC_CONTROLLED_V1,controlled,SYNTHETIC,False,BOUNDED_REACHABILITY,events,seed,COMPLETED,ADDRESS_EVENT_SET_NO_AMOUNT,,,,,6,ETH,[],raw_by_asset_no_cross_asset_sum,2f66614d5467923d91304d91728ed38156f1bab9e16e72564b31cb424cb3b837,QUERY_ACCEPTED
controlled-v1/split_merge_shared_targets/06,controlled-v1/split_merge_shared_targets/06,SYNTHETIC_CONTROLLED_V1,controlled,SYNTHETIC,False,BOUNDED_REACHABILITY,events,a_b,COMPLETED,ADDRESS_EVENT_SET_NO_AMOUNT,,,,,6,ETH,[],raw_by_asset_no_cross_asset_sum,2f66614d5467923d91304d91728ed38156f1bab9e16e72564b31cb424cb3b837,QUERY_ACCEPTED
controlled-v1/split_merge_shared_targets/06,controlled-v1/split_merge_shared_targets/06,SYNTHETIC_CONTROLLED_V1,controlled,SYNTHETIC,False,BOUNDED_REACHABILITY,events,a_c,COMPLETED,ADDRESS_EVENT_SET_NO_AMOUNT,,,,,6,ETH,[],raw_by_asset_no_cross_asset_sum,2f66614d5467923d91304d91728ed38156f1bab9e16e72564b31cb424cb3b837,QUERY_ACCEPTED
controlled-v1/split_merge_shared_targets/06,controlled-v1/split_merge_shared_targets/06,SYNTHETIC_CONTROLLED_V1,controlled,SYNTHETIC,False,BOUNDED_REACHABILITY,events,b_d,COMPLETED,ADDRESS_EVENT_SET_NO_AMOUNT,,,,,6,ETH,[],raw_by_asset_no_cross_asset_sum,2f66614d5467923d91304d91728ed38156f1bab9e16e72564b31cb424cb3b837,QUERY_ACCEPTED
controlled-v1/split_merge_shared_targets/06,controlled-v1/split_merge_shared_targets/06,SYNTHETIC_CONTROLLED_V1,controlled,SYNTHETIC,False,BOUNDED_REACHABILITY,events,c_d,COMPLETED,ADDRESS_EVENT_SET_NO_AMOUNT,,,,,6,ETH,[],raw_by_asset_no_cross_asset_sum,2f66614d5467923d91304d91728ed38156f1bab9e16e72564b31cb424cb3b837,QUERY_ACCEPTED
controlled-v1/split_merge_shared_targets/06,controlled-v1/split_merge_shared_targets/06,SYNTHETIC_CONTROLLED_V1,controlled,SYNTHETIC,False,BOUNDED_REACHABILITY,events,d_t,COMPLETED,ADDRESS_EVENT_SET_NO_AMOUNT,,,,,6,ETH,[],raw_by_asset_no_cross_asset_sum,2f66614d5467923d91304d91728ed38156f1bab9e16e72564b31cb424cb3b837,QUERY_ACCEPTED
controlled-v1/split_merge_shared_targets/06,controlled-v1/split_merge_shared_targets/06,SYNTHETIC_CONTROLLED_V1,controlled,SYNTHETIC,False,BOUNDED_REACHABILITY,events,d_u,COMPLETED,ADDRESS_EVENT_SET_NO_AMOUNT,,,,,6,ETH,[],raw_by_asset_no_cross_asset_sum,2f66614d5467923d91304d91728ed38156f1bab9e16e72564b31cb424cb3b837,QUERY_ACCEPTED
controlled-v1/split_merge_shared_targets/06,controlled-v1/split_merge_shared_targets/06,SYNTHETIC_CONTROLLED_V1,controlled,SYNTHETIC,False,BOUNDED_REACHABILITY,joint_by_asset,ETH,COMPLETED,ADDRESS_EVENT_SET_NO_AMOUNT,,,,,12,ETH,[],raw_by_asset_no_cross_asset_sum,2f66614d5467923d91304d91728ed38156f1bab9e16e72564b31cb424cb3b837,QUERY_ACCEPTED
controlled-v1/split_merge_shared_targets/06,controlled-v1/split_merge_shared_targets/06,SYNTHETIC_CONTROLLED_V1,controlled,SYNTHETIC,False,POISON,addresses,T|ETH,COMPLETED,POISON_NOMINAL_RAW,,,,6,6,ETH,[],raw_by_asset_no_cross_asset_sum,2f66614d5467923d91304d91728ed38156f1bab9e16e72564b31cb424cb3b837,QUERY_ACCEPTED
controlled-v1/split_merge_shared_targets/06,controlled-v1/split_merge_shared_targets/06,SYNTHETIC_CONTROLLED_V1,controlled,SYNTHETIC,False,POISON,addresses,U|ETH,COMPLETED,POISON_NOMINAL_RAW,,,,6,6,ETH,[],raw_by_asset_no_cross_asset_sum,2f66614d5467923d91304d91728ed38156f1bab9e16e72564b31cb424cb3b837,QUERY_ACCEPTED
controlled-v1/split_merge_shared_targets/06,controlled-v1/split_merge_shared_targets/06,SYNTHETIC_CONTROLLED_V1,controlled,SYNTHETIC,False,POISON,events,seed,COMPLETED,POISON_NOMINAL_RAW,,,,6,6,ETH,[],raw_by_asset_no_cross_asset_sum,2f66614d5467923d91304d91728ed38156f1bab9e16e72564b31cb424cb3b837,QUERY_ACCEPTED
controlled-v1/split_merge_shared_targets/06,controlled-v1/split_merge_shared_targets/06,SYNTHETIC_CONTROLLED_V1,controlled,SYNTHETIC,False,POISON,events,a_b,COMPLETED,POISON_NOMINAL_RAW,,,,6,6,ETH,[],raw_by_asset_no_cross_asset_sum,2f66614d5467923d91304d91728ed38156f1bab9e16e72564b31cb424cb3b837,QUERY_ACCEPTED
controlled-v1/split_merge_shared_targets/06,controlled-v1/split_merge_shared_targets/06,SYNTHETIC_CONTROLLED_V1,controlled,SYNTHETIC,False,POISON,events,a_c,COMPLETED,POISON_NOMINAL_RAW,,,,6,6,ETH,[],raw_by_asset_no_cross_asset_sum,2f66614d5467923d91304d91728ed38156f1bab9e16e72564b31cb424cb3b837,QUERY_ACCEPTED
controlled-v1/split_merge_shared_targets/06,controlled-v1/split_merge_shared_targets/06,SYNTHETIC_CONTROLLED_V1,controlled,SYNTHETIC,False,POISON,events,b_d,COMPLETED,POISON_NOMINAL_RAW,,,,6,6,ETH,[],raw_by_asset_no_cross_asset_sum,2f66614d5467923d91304d91728ed38156f1bab9e16e72564b31cb424cb3b837,QUERY_ACCEPTED
controlled-v1/split_merge_shared_targets/06,controlled-v1/split_merge_shared_targets/06,SYNTHETIC_CONTROLLED_V1,controlled,SYNTHETIC,False,POISON,events,c_d,COMPLETED,POISON_NOMINAL_RAW,,,,6,6,ETH,[],raw_by_asset_no_cross_asset_sum,2f66614d5467923d91304d91728ed38156f1bab9e16e72564b31cb424cb3b837,QUERY_ACCEPTED
controlled-v1/split_merge_shared_targets/06,controlled-v1/split_merge_shared_targets/06,SYNTHETIC_CONTROLLED_V1,controlled,SYNTHETIC,False,POISON,events,d_t,COMPLETED,POISON_NOMINAL_RAW,,,,6,6,ETH,[],raw_by_asset_no_cross_asset_sum,2f66614d5467923d91304d91728ed38156f1bab9e16e72564b31cb424cb3b837,QUERY_ACCEPTED
controlled-v1/split_merge_shared_targets/06,controlled-v1/split_merge_shared_targets/06,SYNTHETIC_CONTROLLED_V1,controlled,SYNTHETIC,False,POISON,events,d_u,COMPLETED,POISON_NOMINAL_RAW,,,,6,6,ETH,[],raw_by_asset_no_cross_asset_sum,2f66614d5467923d91304d91728ed38156f1bab9e16e72564b31cb424cb3b837,QUERY_ACCEPTED
controlled-v1/split_merge_shared_targets/06,controlled-v1/split_merge_shared_targets/06,SYNTHETIC_CONTROLLED_V1,controlled,SYNTHETIC,False,POISON,joint_by_asset,ETH,COMPLETED,POISON_NOMINAL_RAW,,,,12,12,ETH,[],raw_by_asset_no_cross_asset_sum,2f66614d5467923d91304d91728ed38156f1bab9e16e72564b31cb424cb3b837,QUERY_ACCEPTED
controlled-v1/split_merge_shared_targets/06,controlled-v1/split_merge_shared_targets/06,SYNTHETIC_CONTROLLED_V1,controlled,SYNTHETIC,False,HAIRCUT,addresses,T|ETH,COMPLETED,PROPORTIONAL_FEASIBLE_POINT,,,3,,6,ETH,[],raw_by_asset_no_cross_asset_sum,2f66614d5467923d91304d91728ed38156f1bab9e16e72564b31cb424cb3b837,QUERY_ACCEPTED
controlled-v1/split_merge_shared_targets/06,controlled-v1/split_merge_shared_targets/06,SYNTHETIC_CONTROLLED_V1,controlled,SYNTHETIC,False,HAIRCUT,addresses,U|ETH,COMPLETED,PROPORTIONAL_FEASIBLE_POINT,,,3,,6,ETH,[],raw_by_asset_no_cross_asset_sum,2f66614d5467923d91304d91728ed38156f1bab9e16e72564b31cb424cb3b837,QUERY_ACCEPTED
controlled-v1/split_merge_shared_targets/06,controlled-v1/split_merge_shared_targets/06,SYNTHETIC_CONTROLLED_V1,controlled,SYNTHETIC,False,HAIRCUT,events,seed,COMPLETED,PROPORTIONAL_FEASIBLE_POINT,,,6,,6,ETH,[],raw_by_asset_no_cross_asset_sum,2f66614d5467923d91304d91728ed38156f1bab9e16e72564b31cb424cb3b837,QUERY_ACCEPTED
controlled-v1/split_merge_shared_targets/06,controlled-v1/split_merge_shared_targets/06,SYNTHETIC_CONTROLLED_V1,controlled,SYNTHETIC,False,HAIRCUT,events,a_b,COMPLETED,PROPORTIONAL_FEASIBLE_POINT,,,3,,6,ETH,[],raw_by_asset_no_cross_asset_sum,2f66614d5467923d91304d91728ed38156f1bab9e16e72564b31cb424cb3b837,QUERY_ACCEPTED
controlled-v1/split_merge_shared_targets/06,controlled-v1/split_merge_shared_targets/06,SYNTHETIC_CONTROLLED_V1,controlled,SYNTHETIC,False,HAIRCUT,events,a_c,COMPLETED,PROPORTIONAL_FEASIBLE_POINT,,,3,,6,ETH,[],raw_by_asset_no_cross_asset_sum,2f66614d5467923d91304d91728ed38156f1bab9e16e72564b31cb424cb3b837,QUERY_ACCEPTED
controlled-v1/split_merge_shared_targets/06,controlled-v1/split_merge_shared_targets/06,SYNTHETIC_CONTROLLED_V1,controlled,SYNTHETIC,False,HAIRCUT,events,b_d,COMPLETED,PROPORTIONAL_FEASIBLE_POINT,,,3,,6,ETH,[],raw_by_asset_no_cross_asset_sum,2f66614d5467923d91304d91728ed38156f1bab9e16e72564b31cb424cb3b837,QUERY_ACCEPTED
controlled-v1/split_merge_shared_targets/06,controlled-v1/split_merge_shared_targets/06,SYNTHETIC_CONTROLLED_V1,controlled,SYNTHETIC,False,HAIRCUT,events,c_d,COMPLETED,PROPORTIONAL_FEASIBLE_POINT,,,3,,6,ETH,[],raw_by_asset_no_cross_asset_sum,2f66614d5467923d91304d91728ed38156f1bab9e16e72564b31cb424cb3b837,QUERY_ACCEPTED
controlled-v1/split_merge_shared_targets/06,controlled-v1/split_merge_shared_targets/06,SYNTHETIC_CONTROLLED_V1,controlled,SYNTHETIC,False,HAIRCUT,events,d_t,COMPLETED,PROPORTIONAL_FEASIBLE_POINT,,,3,,6,ETH,[],raw_by_asset_no_cross_asset_sum,2f66614d5467923d91304d91728ed38156f1bab9e16e72564b31cb424cb3b837,QUERY_ACCEPTED
controlled-v1/split_merge_shared_targets/06,controlled-v1/split_merge_shared_targets/06,SYNTHETIC_CONTROLLED_V1,controlled,SYNTHETIC,False,HAIRCUT,events,d_u,COMPLETED,PROPORTIONAL_FEASIBLE_POINT,,,3,,6,ETH,[],raw_by_asset_no_cross_asset_sum,2f66614d5467923d91304d91728ed38156f1bab9e16e72564b31cb424cb3b837,QUERY_ACCEPTED
controlled-v1/split_merge_shared_targets/06,controlled-v1/split_merge_shared_targets/06,SYNTHETIC_CONTROLLED_V1,controlled,SYNTHETIC,False,HAIRCUT,joint_by_asset,ETH,COMPLETED,PROPORTIONAL_FEASIBLE_POINT,,,6,,12,ETH,[],raw_by_asset_no_cross_asset_sum,2f66614d5467923d91304d91728ed38156f1bab9e16e72564b31cb424cb3b837,QUERY_ACCEPTED
controlled-v1/split_merge_shared_targets/07,controlled-v1/split_merge_shared_targets/07,SYNTHETIC_CONTROLLED_V1,controlled,SYNTHETIC,False,BALANCE_INFORMATION_REMOVED,addresses,T|ETH,COMPLETED,feasible_interval,0,8,,,8,ETH,[],raw_by_asset_no_cross_asset_sum,e2f234c209357a3d927ce53450c0ee939edd65ebfae26c88eb64d052b56d404b,QUERY_ACCEPTED
controlled-v1/split_merge_shared_targets/07,controlled-v1/split_merge_shared_targets/07,SYNTHETIC_CONTROLLED_V1,controlled,SYNTHETIC,False,BALANCE_INFORMATION_REMOVED,addresses,U|ETH,COMPLETED,feasible_interval,0,8,,,8,ETH,[],raw_by_asset_no_cross_asset_sum,e2f234c209357a3d927ce53450c0ee939edd65ebfae26c88eb64d052b56d404b,QUERY_ACCEPTED
controlled-v1/split_merge_shared_targets/07,controlled-v1/split_merge_shared_targets/07,SYNTHETIC_CONTROLLED_V1,controlled,SYNTHETIC,False,BALANCE_INFORMATION_REMOVED,events,shared_split:output0,COMPLETED,feasible_interval,0,8,,,8,ETH,[],raw_by_asset_no_cross_asset_sum,e2f234c209357a3d927ce53450c0ee939edd65ebfae26c88eb64d052b56d404b,QUERY_ACCEPTED
controlled-v1/split_merge_shared_targets/07,controlled-v1/split_merge_shared_targets/07,SYNTHETIC_CONTROLLED_V1,controlled,SYNTHETIC,False,BALANCE_INFORMATION_REMOVED,events,shared_split:output1,COMPLETED,feasible_interval,0,8,,,8,ETH,[],raw_by_asset_no_cross_asset_sum,e2f234c209357a3d927ce53450c0ee939edd65ebfae26c88eb64d052b56d404b,QUERY_ACCEPTED
controlled-v1/split_merge_shared_targets/07,controlled-v1/split_merge_shared_targets/07,SYNTHETIC_CONTROLLED_V1,controlled,SYNTHETIC,False,BALANCE_INFORMATION_REMOVED,joint_by_asset,ETH,COMPLETED,feasible_interval,0,8,,,16,ETH,[],raw_by_asset_no_cross_asset_sum,e2f234c209357a3d927ce53450c0ee939edd65ebfae26c88eb64d052b56d404b,QUERY_ACCEPTED
controlled-v1/split_merge_shared_targets/07,controlled-v1/split_merge_shared_targets/07,SYNTHETIC_CONTROLLED_V1,controlled,SYNTHETIC,False,FULL_INTERVAL,addresses,T|ETH,COMPLETED,feasible_interval,0,8,,,8,ETH,[],raw_by_asset_no_cross_asset_sum,e2f234c209357a3d927ce53450c0ee939edd65ebfae26c88eb64d052b56d404b,QUERY_ACCEPTED
controlled-v1/split_merge_shared_targets/07,controlled-v1/split_merge_shared_targets/07,SYNTHETIC_CONTROLLED_V1,controlled,SYNTHETIC,False,FULL_INTERVAL,addresses,U|ETH,COMPLETED,feasible_interval,0,8,,,8,ETH,[],raw_by_asset_no_cross_asset_sum,e2f234c209357a3d927ce53450c0ee939edd65ebfae26c88eb64d052b56d404b,QUERY_ACCEPTED
controlled-v1/split_merge_shared_targets/07,controlled-v1/split_merge_shared_targets/07,SYNTHETIC_CONTROLLED_V1,controlled,SYNTHETIC,False,FULL_INTERVAL,events,shared_split:output0,COMPLETED,feasible_interval,0,8,,,8,ETH,[],raw_by_asset_no_cross_asset_sum,e2f234c209357a3d927ce53450c0ee939edd65ebfae26c88eb64d052b56d404b,QUERY_ACCEPTED
controlled-v1/split_merge_shared_targets/07,controlled-v1/split_merge_shared_targets/07,SYNTHETIC_CONTROLLED_V1,controlled,SYNTHETIC,False,FULL_INTERVAL,events,shared_split:output1,COMPLETED,feasible_interval,0,8,,,8,ETH,[],raw_by_asset_no_cross_asset_sum,e2f234c209357a3d927ce53450c0ee939edd65ebfae26c88eb64d052b56d404b,QUERY_ACCEPTED
controlled-v1/split_merge_shared_targets/07,controlled-v1/split_merge_shared_targets/07,SYNTHETIC_CONTROLLED_V1,controlled,SYNTHETIC,False,FULL_INTERVAL,joint_by_asset,ETH,COMPLETED,feasible_interval,8,8,,,16,ETH,[],raw_by_asset_no_cross_asset_sum,e2f234c209357a3d927ce53450c0ee939edd65ebfae26c88eb64d052b56d404b,QUERY_ACCEPTED
controlled-v1/split_merge_shared_targets/07,controlled-v1/split_merge_shared_targets/07,SYNTHETIC_CONTROLLED_V1,controlled,SYNTHETIC,False,BOUNDED_REACHABILITY,addresses,T|ETH,COMPLETED,ADDRESS_EVENT_SET_NO_AMOUNT,,,,,8,ETH,[],raw_by_asset_no_cross_asset_sum,e2f234c209357a3d927ce53450c0ee939edd65ebfae26c88eb64d052b56d404b,QUERY_ACCEPTED
controlled-v1/split_merge_shared_targets/07,controlled-v1/split_merge_shared_targets/07,SYNTHETIC_CONTROLLED_V1,controlled,SYNTHETIC,False,BOUNDED_REACHABILITY,addresses,U|ETH,COMPLETED,ADDRESS_EVENT_SET_NO_AMOUNT,,,,,8,ETH,[],raw_by_asset_no_cross_asset_sum,e2f234c209357a3d927ce53450c0ee939edd65ebfae26c88eb64d052b56d404b,QUERY_ACCEPTED
controlled-v1/split_merge_shared_targets/07,controlled-v1/split_merge_shared_targets/07,SYNTHETIC_CONTROLLED_V1,controlled,SYNTHETIC,False,BOUNDED_REACHABILITY,events,seed,COMPLETED,ADDRESS_EVENT_SET_NO_AMOUNT,,,,,8,ETH,[],raw_by_asset_no_cross_asset_sum,e2f234c209357a3d927ce53450c0ee939edd65ebfae26c88eb64d052b56d404b,QUERY_ACCEPTED
controlled-v1/split_merge_shared_targets/07,controlled-v1/split_merge_shared_targets/07,SYNTHETIC_CONTROLLED_V1,controlled,SYNTHETIC,False,BOUNDED_REACHABILITY,events,a_b,COMPLETED,ADDRESS_EVENT_SET_NO_AMOUNT,,,,,8,ETH,[],raw_by_asset_no_cross_asset_sum,e2f234c209357a3d927ce53450c0ee939edd65ebfae26c88eb64d052b56d404b,QUERY_ACCEPTED
controlled-v1/split_merge_shared_targets/07,controlled-v1/split_merge_shared_targets/07,SYNTHETIC_CONTROLLED_V1,controlled,SYNTHETIC,False,BOUNDED_REACHABILITY,events,a_c,COMPLETED,ADDRESS_EVENT_SET_NO_AMOUNT,,,,,8,ETH,[],raw_by_asset_no_cross_asset_sum,e2f234c209357a3d927ce53450c0ee939edd65ebfae26c88eb64d052b56d404b,QUERY_ACCEPTED
controlled-v1/split_merge_shared_targets/07,controlled-v1/split_merge_shared_targets/07,SYNTHETIC_CONTROLLED_V1,controlled,SYNTHETIC,False,BOUNDED_REACHABILITY,events,b_d,COMPLETED,ADDRESS_EVENT_SET_NO_AMOUNT,,,,,8,ETH,[],raw_by_asset_no_cross_asset_sum,e2f234c209357a3d927ce53450c0ee939edd65ebfae26c88eb64d052b56d404b,QUERY_ACCEPTED
controlled-v1/split_merge_shared_targets/07,controlled-v1/split_merge_shared_targets/07,SYNTHETIC_CONTROLLED_V1,controlled,SYNTHETIC,False,BOUNDED_REACHABILITY,events,c_d,COMPLETED,ADDRESS_EVENT_SET_NO_AMOUNT,,,,,8,ETH,[],raw_by_asset_no_cross_asset_sum,e2f234c209357a3d927ce53450c0ee939edd65ebfae26c88eb64d052b56d404b,QUERY_ACCEPTED
controlled-v1/split_merge_shared_targets/07,controlled-v1/split_merge_shared_targets/07,SYNTHETIC_CONTROLLED_V1,controlled,SYNTHETIC,False,BOUNDED_REACHABILITY,events,shared_split:input,COMPLETED,ADDRESS_EVENT_SET_NO_AMOUNT,,,,,16,ETH,[],raw_by_asset_no_cross_asset_sum,e2f234c209357a3d927ce53450c0ee939edd65ebfae26c88eb64d052b56d404b,QUERY_ACCEPTED
controlled-v1/split_merge_shared_targets/07,controlled-v1/split_merge_shared_targets/07,SYNTHETIC_CONTROLLED_V1,controlled,SYNTHETIC,False,BOUNDED_REACHABILITY,events,shared_split:output0,COMPLETED,ADDRESS_EVENT_SET_NO_AMOUNT,,,,,8,ETH,[],raw_by_asset_no_cross_asset_sum,e2f234c209357a3d927ce53450c0ee939edd65ebfae26c88eb64d052b56d404b,QUERY_ACCEPTED
controlled-v1/split_merge_shared_targets/07,controlled-v1/split_merge_shared_targets/07,SYNTHETIC_CONTROLLED_V1,controlled,SYNTHETIC,False,BOUNDED_REACHABILITY,events,shared_split:output1,COMPLETED,ADDRESS_EVENT_SET_NO_AMOUNT,,,,,8,ETH,[],raw_by_asset_no_cross_asset_sum,e2f234c209357a3d927ce53450c0ee939edd65ebfae26c88eb64d052b56d404b,QUERY_ACCEPTED
controlled-v1/split_merge_shared_targets/07,controlled-v1/split_merge_shared_targets/07,SYNTHETIC_CONTROLLED_V1,controlled,SYNTHETIC,False,BOUNDED_REACHABILITY,joint_by_asset,ETH,COMPLETED,ADDRESS_EVENT_SET_NO_AMOUNT,,,,,16,ETH,[],raw_by_asset_no_cross_asset_sum,e2f234c209357a3d927ce53450c0ee939edd65ebfae26c88eb64d052b56d404b,QUERY_ACCEPTED
controlled-v1/split_merge_shared_targets/07,controlled-v1/split_merge_shared_targets/07,SYNTHETIC_CONTROLLED_V1,controlled,SYNTHETIC,False,POISON,addresses,T|ETH,COMPLETED,POISON_NOMINAL_RAW,,,,8,8,ETH,[],raw_by_asset_no_cross_asset_sum,e2f234c209357a3d927ce53450c0ee939edd65ebfae26c88eb64d052b56d404b,QUERY_ACCEPTED
controlled-v1/split_merge_shared_targets/07,controlled-v1/split_merge_shared_targets/07,SYNTHETIC_CONTROLLED_V1,controlled,SYNTHETIC,False,POISON,addresses,U|ETH,COMPLETED,POISON_NOMINAL_RAW,,,,8,8,ETH,[],raw_by_asset_no_cross_asset_sum,e2f234c209357a3d927ce53450c0ee939edd65ebfae26c88eb64d052b56d404b,QUERY_ACCEPTED
controlled-v1/split_merge_shared_targets/07,controlled-v1/split_merge_shared_targets/07,SYNTHETIC_CONTROLLED_V1,controlled,SYNTHETIC,False,POISON,events,seed,COMPLETED,POISON_NOMINAL_RAW,,,,8,8,ETH,[],raw_by_asset_no_cross_asset_sum,e2f234c209357a3d927ce53450c0ee939edd65ebfae26c88eb64d052b56d404b,QUERY_ACCEPTED
controlled-v1/split_merge_shared_targets/07,controlled-v1/split_merge_shared_targets/07,SYNTHETIC_CONTROLLED_V1,controlled,SYNTHETIC,False,POISON,events,a_b,COMPLETED,POISON_NOMINAL_RAW,,,,8,8,ETH,[],raw_by_asset_no_cross_asset_sum,e2f234c209357a3d927ce53450c0ee939edd65ebfae26c88eb64d052b56d404b,QUERY_ACCEPTED
controlled-v1/split_merge_shared_targets/07,controlled-v1/split_merge_shared_targets/07,SYNTHETIC_CONTROLLED_V1,controlled,SYNTHETIC,False,POISON,events,a_c,COMPLETED,POISON_NOMINAL_RAW,,,,8,8,ETH,[],raw_by_asset_no_cross_asset_sum,e2f234c209357a3d927ce53450c0ee939edd65ebfae26c88eb64d052b56d404b,QUERY_ACCEPTED
controlled-v1/split_merge_shared_targets/07,controlled-v1/split_merge_shared_targets/07,SYNTHETIC_CONTROLLED_V1,controlled,SYNTHETIC,False,POISON,events,b_d,COMPLETED,POISON_NOMINAL_RAW,,,,8,8,ETH,[],raw_by_asset_no_cross_asset_sum,e2f234c209357a3d927ce53450c0ee939edd65ebfae26c88eb64d052b56d404b,QUERY_ACCEPTED
controlled-v1/split_merge_shared_targets/07,controlled-v1/split_merge_shared_targets/07,SYNTHETIC_CONTROLLED_V1,controlled,SYNTHETIC,False,POISON,events,c_d,COMPLETED,POISON_NOMINAL_RAW,,,,8,8,ETH,[],raw_by_asset_no_cross_asset_sum,e2f234c209357a3d927ce53450c0ee939edd65ebfae26c88eb64d052b56d404b,QUERY_ACCEPTED
controlled-v1/split_merge_shared_targets/07,controlled-v1/split_merge_shared_targets/07,SYNTHETIC_CONTROLLED_V1,controlled,SYNTHETIC,False,POISON,events,shared_split:input,COMPLETED,POISON_NOMINAL_RAW,,,,16,16,ETH,[],raw_by_asset_no_cross_asset_sum,e2f234c209357a3d927ce53450c0ee939edd65ebfae26c88eb64d052b56d404b,QUERY_ACCEPTED
controlled-v1/split_merge_shared_targets/07,controlled-v1/split_merge_shared_targets/07,SYNTHETIC_CONTROLLED_V1,controlled,SYNTHETIC,False,POISON,events,shared_split:output0,COMPLETED,POISON_NOMINAL_RAW,,,,8,8,ETH,[],raw_by_asset_no_cross_asset_sum,e2f234c209357a3d927ce53450c0ee939edd65ebfae26c88eb64d052b56d404b,QUERY_ACCEPTED
controlled-v1/split_merge_shared_targets/07,controlled-v1/split_merge_shared_targets/07,SYNTHETIC_CONTROLLED_V1,controlled,SYNTHETIC,False,POISON,events,shared_split:output1,COMPLETED,POISON_NOMINAL_RAW,,,,8,8,ETH,[],raw_by_asset_no_cross_asset_sum,e2f234c209357a3d927ce53450c0ee939edd65ebfae26c88eb64d052b56d404b,QUERY_ACCEPTED
controlled-v1/split_merge_shared_targets/07,controlled-v1/split_merge_shared_targets/07,SYNTHETIC_CONTROLLED_V1,controlled,SYNTHETIC,False,POISON,joint_by_asset,ETH,COMPLETED,POISON_NOMINAL_RAW,,,,16,16,ETH,[],raw_by_asset_no_cross_asset_sum,e2f234c209357a3d927ce53450c0ee939edd65ebfae26c88eb64d052b56d404b,QUERY_ACCEPTED
controlled-v1/split_merge_shared_targets/07,controlled-v1/split_merge_shared_targets/07,SYNTHETIC_CONTROLLED_V1,controlled,SYNTHETIC,False,HAIRCUT,addresses,T|ETH,COMPLETED,PROPORTIONAL_FEASIBLE_POINT,,,4,,8,ETH,[],raw_by_asset_no_cross_asset_sum,e2f234c209357a3d927ce53450c0ee939edd65ebfae26c88eb64d052b56d404b,QUERY_ACCEPTED
controlled-v1/split_merge_shared_targets/07,controlled-v1/split_merge_shared_targets/07,SYNTHETIC_CONTROLLED_V1,controlled,SYNTHETIC,False,HAIRCUT,addresses,U|ETH,COMPLETED,PROPORTIONAL_FEASIBLE_POINT,,,4,,8,ETH,[],raw_by_asset_no_cross_asset_sum,e2f234c209357a3d927ce53450c0ee939edd65ebfae26c88eb64d052b56d404b,QUERY_ACCEPTED
controlled-v1/split_merge_shared_targets/07,controlled-v1/split_merge_shared_targets/07,SYNTHETIC_CONTROLLED_V1,controlled,SYNTHETIC,False,HAIRCUT,events,seed,COMPLETED,PROPORTIONAL_FEASIBLE_POINT,,,8,,8,ETH,[],raw_by_asset_no_cross_asset_sum,e2f234c209357a3d927ce53450c0ee939edd65ebfae26c88eb64d052b56d404b,QUERY_ACCEPTED
controlled-v1/split_merge_shared_targets/07,controlled-v1/split_merge_shared_targets/07,SYNTHETIC_CONTROLLED_V1,controlled,SYNTHETIC,False,HAIRCUT,events,a_b,COMPLETED,PROPORTIONAL_FEASIBLE_POINT,,,4,,8,ETH,[],raw_by_asset_no_cross_asset_sum,e2f234c209357a3d927ce53450c0ee939edd65ebfae26c88eb64d052b56d404b,QUERY_ACCEPTED
controlled-v1/split_merge_shared_targets/07,controlled-v1/split_merge_shared_targets/07,SYNTHETIC_CONTROLLED_V1,controlled,SYNTHETIC,False,HAIRCUT,events,a_c,COMPLETED,PROPORTIONAL_FEASIBLE_POINT,,,4,,8,ETH,[],raw_by_asset_no_cross_asset_sum,e2f234c209357a3d927ce53450c0ee939edd65ebfae26c88eb64d052b56d404b,QUERY_ACCEPTED
controlled-v1/split_merge_shared_targets/07,controlled-v1/split_merge_shared_targets/07,SYNTHETIC_CONTROLLED_V1,controlled,SYNTHETIC,False,HAIRCUT,events,b_d,COMPLETED,PROPORTIONAL_FEASIBLE_POINT,,,4,,8,ETH,[],raw_by_asset_no_cross_asset_sum,e2f234c209357a3d927ce53450c0ee939edd65ebfae26c88eb64d052b56d404b,QUERY_ACCEPTED
controlled-v1/split_merge_shared_targets/07,controlled-v1/split_merge_shared_targets/07,SYNTHETIC_CONTROLLED_V1,controlled,SYNTHETIC,False,HAIRCUT,events,c_d,COMPLETED,PROPORTIONAL_FEASIBLE_POINT,,,4,,8,ETH,[],raw_by_asset_no_cross_asset_sum,e2f234c209357a3d927ce53450c0ee939edd65ebfae26c88eb64d052b56d404b,QUERY_ACCEPTED
controlled-v1/split_merge_shared_targets/07,controlled-v1/split_merge_shared_targets/07,SYNTHETIC_CONTROLLED_V1,controlled,SYNTHETIC,False,HAIRCUT,events,shared_split:input,COMPLETED,PROPORTIONAL_FEASIBLE_POINT,,,8,,16,ETH,[],raw_by_asset_no_cross_asset_sum,e2f234c209357a3d927ce53450c0ee939edd65ebfae26c88eb64d052b56d404b,QUERY_ACCEPTED
controlled-v1/split_merge_shared_targets/07,controlled-v1/split_merge_shared_targets/07,SYNTHETIC_CONTROLLED_V1,controlled,SYNTHETIC,False,HAIRCUT,events,shared_split:output0,COMPLETED,PROPORTIONAL_FEASIBLE_POINT,,,4,,8,ETH,[],raw_by_asset_no_cross_asset_sum,e2f234c209357a3d927ce53450c0ee939edd65ebfae26c88eb64d052b56d404b,QUERY_ACCEPTED
controlled-v1/split_merge_shared_targets/07,controlled-v1/split_merge_shared_targets/07,SYNTHETIC_CONTROLLED_V1,controlled,SYNTHETIC,False,HAIRCUT,events,shared_split:output1,COMPLETED,PROPORTIONAL_FEASIBLE_POINT,,,4,,8,ETH,[],raw_by_asset_no_cross_asset_sum,e2f234c209357a3d927ce53450c0ee939edd65ebfae26c88eb64d052b56d404b,QUERY_ACCEPTED
controlled-v1/split_merge_shared_targets/07,controlled-v1/split_merge_shared_targets/07,SYNTHETIC_CONTROLLED_V1,controlled,SYNTHETIC,False,HAIRCUT,joint_by_asset,ETH,COMPLETED,PROPORTIONAL_FEASIBLE_POINT,,,8,,16,ETH,[],raw_by_asset_no_cross_asset_sum,e2f234c209357a3d927ce53450c0ee939edd65ebfae26c88eb64d052b56d404b,QUERY_ACCEPTED
controlled-v1/split_merge_shared_targets/07,controlled-v1/split_merge_shared_targets/07,SYNTHETIC_CONTROLLED_V1,controlled,SYNTHETIC,False,NO_CROSS_TARGET_COUPLING,addresses,T|ETH,COMPLETED,product_of_target_specific_copies,0,8,,,8,ETH,[],raw_by_asset_no_cross_asset_sum,e2f234c209357a3d927ce53450c0ee939edd65ebfae26c88eb64d052b56d404b,QUERY_ACCEPTED
controlled-v1/split_merge_shared_targets/07,controlled-v1/split_merge_shared_targets/07,SYNTHETIC_CONTROLLED_V1,controlled,SYNTHETIC,False,NO_CROSS_TARGET_COUPLING,addresses,U|ETH,COMPLETED,product_of_target_specific_copies,0,8,,,8,ETH,[],raw_by_asset_no_cross_asset_sum,e2f234c209357a3d927ce53450c0ee939edd65ebfae26c88eb64d052b56d404b,QUERY_ACCEPTED
controlled-v1/split_merge_shared_targets/07,controlled-v1/split_merge_shared_targets/07,SYNTHETIC_CONTROLLED_V1,controlled,SYNTHETIC,False,NO_CROSS_TARGET_COUPLING,events,shared_split:output0,COMPLETED,product_of_target_specific_copies,0,8,,,8,ETH,[],raw_by_asset_no_cross_asset_sum,e2f234c209357a3d927ce53450c0ee939edd65ebfae26c88eb64d052b56d404b,QUERY_ACCEPTED
controlled-v1/split_merge_shared_targets/07,controlled-v1/split_merge_shared_targets/07,SYNTHETIC_CONTROLLED_V1,controlled,SYNTHETIC,False,NO_CROSS_TARGET_COUPLING,events,shared_split:output1,COMPLETED,product_of_target_specific_copies,0,8,,,8,ETH,[],raw_by_asset_no_cross_asset_sum,e2f234c209357a3d927ce53450c0ee939edd65ebfae26c88eb64d052b56d404b,QUERY_ACCEPTED
controlled-v1/split_merge_shared_targets/07,controlled-v1/split_merge_shared_targets/07,SYNTHETIC_CONTROLLED_V1,controlled,SYNTHETIC,False,NO_CROSS_TARGET_COUPLING,joint_by_asset,ETH,COMPLETED,product_of_target_specific_copies,0,16,,,16,ETH,[],raw_by_asset_no_cross_asset_sum,e2f234c209357a3d927ce53450c0ee939edd65ebfae26c88eb64d052b56d404b,QUERY_ACCEPTED
controlled-v1/split_merge_shared_targets/07,controlled-v1/split_merge_shared_targets/07,SYNTHETIC_CONTROLLED_V1,controlled,SYNTHETIC,False,NO_PROTOCOL_CONTINUATION,addresses,T|ETH,COMPLETED,feasible_interval,0,8,,,8,ETH,[],raw_by_asset_no_cross_asset_sum,e2f234c209357a3d927ce53450c0ee939edd65ebfae26c88eb64d052b56d404b,QUERY_ACCEPTED
controlled-v1/split_merge_shared_targets/07,controlled-v1/split_merge_shared_targets/07,SYNTHETIC_CONTROLLED_V1,controlled,SYNTHETIC,False,NO_PROTOCOL_CONTINUATION,addresses,U|ETH,COMPLETED,feasible_interval,0,8,,,8,ETH,[],raw_by_asset_no_cross_asset_sum,e2f234c209357a3d927ce53450c0ee939edd65ebfae26c88eb64d052b56d404b,QUERY_ACCEPTED
controlled-v1/split_merge_shared_targets/07,controlled-v1/split_merge_shared_targets/07,SYNTHETIC_CONTROLLED_V1,controlled,SYNTHETIC,False,NO_PROTOCOL_CONTINUATION,events,shared_split:output0,COMPLETED,feasible_interval,0,8,,,8,ETH,[],raw_by_asset_no_cross_asset_sum,e2f234c209357a3d927ce53450c0ee939edd65ebfae26c88eb64d052b56d404b,QUERY_ACCEPTED
controlled-v1/split_merge_shared_targets/07,controlled-v1/split_merge_shared_targets/07,SYNTHETIC_CONTROLLED_V1,controlled,SYNTHETIC,False,NO_PROTOCOL_CONTINUATION,events,shared_split:output1,COMPLETED,feasible_interval,0,8,,,8,ETH,[],raw_by_asset_no_cross_asset_sum,e2f234c209357a3d927ce53450c0ee939edd65ebfae26c88eb64d052b56d404b,QUERY_ACCEPTED
controlled-v1/split_merge_shared_targets/07,controlled-v1/split_merge_shared_targets/07,SYNTHETIC_CONTROLLED_V1,controlled,SYNTHETIC,False,NO_PROTOCOL_CONTINUATION,joint_by_asset,ETH,COMPLETED,feasible_interval,8,8,,,16,ETH,[],raw_by_asset_no_cross_asset_sum,e2f234c209357a3d927ce53450c0ee939edd65ebfae26c88eb64d052b56d404b,QUERY_ACCEPTED
controlled-v1/split_merge_shared_targets/08,controlled-v1/split_merge_shared_targets/08,SYNTHETIC_CONTROLLED_V1,controlled,SYNTHETIC,False,NO_PROTOCOL_CONTINUATION,addresses,T|ETH,COMPLETED,feasible_interval,0,6,,,6,ETH,[],raw_by_asset_no_cross_asset_sum,796b26ef768caec1cb9b690f1377aac1236856054fe7c03e1cdfeb6016c6acfb,QUERY_ACCEPTED
controlled-v1/split_merge_shared_targets/08,controlled-v1/split_merge_shared_targets/08,SYNTHETIC_CONTROLLED_V1,controlled,SYNTHETIC,False,NO_PROTOCOL_CONTINUATION,addresses,U|ETH,COMPLETED,feasible_interval,0,6,,,6,ETH,[],raw_by_asset_no_cross_asset_sum,796b26ef768caec1cb9b690f1377aac1236856054fe7c03e1cdfeb6016c6acfb,QUERY_ACCEPTED
controlled-v1/split_merge_shared_targets/08,controlled-v1/split_merge_shared_targets/08,SYNTHETIC_CONTROLLED_V1,controlled,SYNTHETIC,False,NO_PROTOCOL_CONTINUATION,events,d_t,COMPLETED,feasible_interval,0,6,,,6,ETH,[],raw_by_asset_no_cross_asset_sum,796b26ef768caec1cb9b690f1377aac1236856054fe7c03e1cdfeb6016c6acfb,QUERY_ACCEPTED
controlled-v1/split_merge_shared_targets/08,controlled-v1/split_merge_shared_targets/08,SYNTHETIC_CONTROLLED_V1,controlled,SYNTHETIC,False,NO_PROTOCOL_CONTINUATION,events,d_u,COMPLETED,feasible_interval,0,6,,,6,ETH,[],raw_by_asset_no_cross_asset_sum,796b26ef768caec1cb9b690f1377aac1236856054fe7c03e1cdfeb6016c6acfb,QUERY_ACCEPTED
controlled-v1/split_merge_shared_targets/08,controlled-v1/split_merge_shared_targets/08,SYNTHETIC_CONTROLLED_V1,controlled,SYNTHETIC,False,NO_PROTOCOL_CONTINUATION,joint_by_asset,ETH,COMPLETED,feasible_interval,6,6,,,12,ETH,[],raw_by_asset_no_cross_asset_sum,796b26ef768caec1cb9b690f1377aac1236856054fe7c03e1cdfeb6016c6acfb,QUERY_ACCEPTED
controlled-v1/split_merge_shared_targets/08,controlled-v1/split_merge_shared_targets/08,SYNTHETIC_CONTROLLED_V1,controlled,SYNTHETIC,False,BALANCE_INFORMATION_REMOVED,addresses,T|ETH,COMPLETED,feasible_interval,0,6,,,6,ETH,[],raw_by_asset_no_cross_asset_sum,796b26ef768caec1cb9b690f1377aac1236856054fe7c03e1cdfeb6016c6acfb,QUERY_ACCEPTED
controlled-v1/split_merge_shared_targets/08,controlled-v1/split_merge_shared_targets/08,SYNTHETIC_CONTROLLED_V1,controlled,SYNTHETIC,False,BALANCE_INFORMATION_REMOVED,addresses,U|ETH,COMPLETED,feasible_interval,0,6,,,6,ETH,[],raw_by_asset_no_cross_asset_sum,796b26ef768caec1cb9b690f1377aac1236856054fe7c03e1cdfeb6016c6acfb,QUERY_ACCEPTED
controlled-v1/split_merge_shared_targets/08,controlled-v1/split_merge_shared_targets/08,SYNTHETIC_CONTROLLED_V1,controlled,SYNTHETIC,False,BALANCE_INFORMATION_REMOVED,events,d_t,COMPLETED,feasible_interval,0,6,,,6,ETH,[],raw_by_asset_no_cross_asset_sum,796b26ef768caec1cb9b690f1377aac1236856054fe7c03e1cdfeb6016c6acfb,QUERY_ACCEPTED
controlled-v1/split_merge_shared_targets/08,controlled-v1/split_merge_shared_targets/08,SYNTHETIC_CONTROLLED_V1,controlled,SYNTHETIC,False,BALANCE_INFORMATION_REMOVED,events,d_u,COMPLETED,feasible_interval,0,6,,,6,ETH,[],raw_by_asset_no_cross_asset_sum,796b26ef768caec1cb9b690f1377aac1236856054fe7c03e1cdfeb6016c6acfb,QUERY_ACCEPTED
controlled-v1/split_merge_shared_targets/08,controlled-v1/split_merge_shared_targets/08,SYNTHETIC_CONTROLLED_V1,controlled,SYNTHETIC,False,BALANCE_INFORMATION_REMOVED,joint_by_asset,ETH,COMPLETED,feasible_interval,0,6,,,12,ETH,[],raw_by_asset_no_cross_asset_sum,796b26ef768caec1cb9b690f1377aac1236856054fe7c03e1cdfeb6016c6acfb,QUERY_ACCEPTED
controlled-v1/split_merge_shared_targets/08,controlled-v1/split_merge_shared_targets/08,SYNTHETIC_CONTROLLED_V1,controlled,SYNTHETIC,False,FULL_INTERVAL,addresses,T|ETH,COMPLETED,feasible_interval,0,6,,,6,ETH,[],raw_by_asset_no_cross_asset_sum,796b26ef768caec1cb9b690f1377aac1236856054fe7c03e1cdfeb6016c6acfb,QUERY_ACCEPTED
controlled-v1/split_merge_shared_targets/08,controlled-v1/split_merge_shared_targets/08,SYNTHETIC_CONTROLLED_V1,controlled,SYNTHETIC,False,FULL_INTERVAL,addresses,U|ETH,COMPLETED,feasible_interval,0,6,,,6,ETH,[],raw_by_asset_no_cross_asset_sum,796b26ef768caec1cb9b690f1377aac1236856054fe7c03e1cdfeb6016c6acfb,QUERY_ACCEPTED
controlled-v1/split_merge_shared_targets/08,controlled-v1/split_merge_shared_targets/08,SYNTHETIC_CONTROLLED_V1,controlled,SYNTHETIC,False,FULL_INTERVAL,events,d_t,COMPLETED,feasible_interval,0,6,,,6,ETH,[],raw_by_asset_no_cross_asset_sum,796b26ef768caec1cb9b690f1377aac1236856054fe7c03e1cdfeb6016c6acfb,QUERY_ACCEPTED
controlled-v1/split_merge_shared_targets/08,controlled-v1/split_merge_shared_targets/08,SYNTHETIC_CONTROLLED_V1,controlled,SYNTHETIC,False,FULL_INTERVAL,events,d_u,COMPLETED,feasible_interval,0,6,,,6,ETH,[],raw_by_asset_no_cross_asset_sum,796b26ef768caec1cb9b690f1377aac1236856054fe7c03e1cdfeb6016c6acfb,QUERY_ACCEPTED
controlled-v1/split_merge_shared_targets/08,controlled-v1/split_merge_shared_targets/08,SYNTHETIC_CONTROLLED_V1,controlled,SYNTHETIC,False,FULL_INTERVAL,joint_by_asset,ETH,COMPLETED,feasible_interval,6,6,,,12,ETH,[],raw_by_asset_no_cross_asset_sum,796b26ef768caec1cb9b690f1377aac1236856054fe7c03e1cdfeb6016c6acfb,QUERY_ACCEPTED
controlled-v1/split_merge_shared_targets/08,controlled-v1/split_merge_shared_targets/08,SYNTHETIC_CONTROLLED_V1,controlled,SYNTHETIC,False,BOUNDED_REACHABILITY,addresses,T|ETH,COMPLETED,ADDRESS_EVENT_SET_NO_AMOUNT,,,,,6,ETH,[],raw_by_asset_no_cross_asset_sum,796b26ef768caec1cb9b690f1377aac1236856054fe7c03e1cdfeb6016c6acfb,QUERY_ACCEPTED
controlled-v1/split_merge_shared_targets/08,controlled-v1/split_merge_shared_targets/08,SYNTHETIC_CONTROLLED_V1,controlled,SYNTHETIC,False,BOUNDED_REACHABILITY,addresses,U|ETH,COMPLETED,ADDRESS_EVENT_SET_NO_AMOUNT,,,,,6,ETH,[],raw_by_asset_no_cross_asset_sum,796b26ef768caec1cb9b690f1377aac1236856054fe7c03e1cdfeb6016c6acfb,QUERY_ACCEPTED
controlled-v1/split_merge_shared_targets/08,controlled-v1/split_merge_shared_targets/08,SYNTHETIC_CONTROLLED_V1,controlled,SYNTHETIC,False,BOUNDED_REACHABILITY,events,seed,COMPLETED,ADDRESS_EVENT_SET_NO_AMOUNT,,,,,6,ETH,[],raw_by_asset_no_cross_asset_sum,796b26ef768caec1cb9b690f1377aac1236856054fe7c03e1cdfeb6016c6acfb,QUERY_ACCEPTED
controlled-v1/split_merge_shared_targets/08,controlled-v1/split_merge_shared_targets/08,SYNTHETIC_CONTROLLED_V1,controlled,SYNTHETIC,False,BOUNDED_REACHABILITY,events,a_b,COMPLETED,ADDRESS_EVENT_SET_NO_AMOUNT,,,,,6,ETH,[],raw_by_asset_no_cross_asset_sum,796b26ef768caec1cb9b690f1377aac1236856054fe7c03e1cdfeb6016c6acfb,QUERY_ACCEPTED
controlled-v1/split_merge_shared_targets/08,controlled-v1/split_merge_shared_targets/08,SYNTHETIC_CONTROLLED_V1,controlled,SYNTHETIC,False,BOUNDED_REACHABILITY,events,a_c,COMPLETED,ADDRESS_EVENT_SET_NO_AMOUNT,,,,,6,ETH,[],raw_by_asset_no_cross_asset_sum,796b26ef768caec1cb9b690f1377aac1236856054fe7c03e1cdfeb6016c6acfb,QUERY_ACCEPTED
controlled-v1/split_merge_shared_targets/08,controlled-v1/split_merge_shared_targets/08,SYNTHETIC_CONTROLLED_V1,controlled,SYNTHETIC,False,BOUNDED_REACHABILITY,events,b_d,COMPLETED,ADDRESS_EVENT_SET_NO_AMOUNT,,,,,6,ETH,[],raw_by_asset_no_cross_asset_sum,796b26ef768caec1cb9b690f1377aac1236856054fe7c03e1cdfeb6016c6acfb,QUERY_ACCEPTED
controlled-v1/split_merge_shared_targets/08,controlled-v1/split_merge_shared_targets/08,SYNTHETIC_CONTROLLED_V1,controlled,SYNTHETIC,False,BOUNDED_REACHABILITY,events,c_d,COMPLETED,ADDRESS_EVENT_SET_NO_AMOUNT,,,,,6,ETH,[],raw_by_asset_no_cross_asset_sum,796b26ef768caec1cb9b690f1377aac1236856054fe7c03e1cdfeb6016c6acfb,QUERY_ACCEPTED
controlled-v1/split_merge_shared_targets/08,controlled-v1/split_merge_shared_targets/08,SYNTHETIC_CONTROLLED_V1,controlled,SYNTHETIC,False,BOUNDED_REACHABILITY,events,d_t,COMPLETED,ADDRESS_EVENT_SET_NO_AMOUNT,,,,,6,ETH,[],raw_by_asset_no_cross_asset_sum,796b26ef768caec1cb9b690f1377aac1236856054fe7c03e1cdfeb6016c6acfb,QUERY_ACCEPTED
controlled-v1/split_merge_shared_targets/08,controlled-v1/split_merge_shared_targets/08,SYNTHETIC_CONTROLLED_V1,controlled,SYNTHETIC,False,BOUNDED_REACHABILITY,events,d_u,COMPLETED,ADDRESS_EVENT_SET_NO_AMOUNT,,,,,6,ETH,[],raw_by_asset_no_cross_asset_sum,796b26ef768caec1cb9b690f1377aac1236856054fe7c03e1cdfeb6016c6acfb,QUERY_ACCEPTED
controlled-v1/split_merge_shared_targets/08,controlled-v1/split_merge_shared_targets/08,SYNTHETIC_CONTROLLED_V1,controlled,SYNTHETIC,False,BOUNDED_REACHABILITY,joint_by_asset,ETH,COMPLETED,ADDRESS_EVENT_SET_NO_AMOUNT,,,,,12,ETH,[],raw_by_asset_no_cross_asset_sum,796b26ef768caec1cb9b690f1377aac1236856054fe7c03e1cdfeb6016c6acfb,QUERY_ACCEPTED
controlled-v1/split_merge_shared_targets/08,controlled-v1/split_merge_shared_targets/08,SYNTHETIC_CONTROLLED_V1,controlled,SYNTHETIC,False,POISON,addresses,T|ETH,COMPLETED,POISON_NOMINAL_RAW,,,,6,6,ETH,[],raw_by_asset_no_cross_asset_sum,796b26ef768caec1cb9b690f1377aac1236856054fe7c03e1cdfeb6016c6acfb,QUERY_ACCEPTED
controlled-v1/split_merge_shared_targets/08,controlled-v1/split_merge_shared_targets/08,SYNTHETIC_CONTROLLED_V1,controlled,SYNTHETIC,False,POISON,addresses,U|ETH,COMPLETED,POISON_NOMINAL_RAW,,,,6,6,ETH,[],raw_by_asset_no_cross_asset_sum,796b26ef768caec1cb9b690f1377aac1236856054fe7c03e1cdfeb6016c6acfb,QUERY_ACCEPTED
controlled-v1/split_merge_shared_targets/08,controlled-v1/split_merge_shared_targets/08,SYNTHETIC_CONTROLLED_V1,controlled,SYNTHETIC,False,POISON,events,seed,COMPLETED,POISON_NOMINAL_RAW,,,,6,6,ETH,[],raw_by_asset_no_cross_asset_sum,796b26ef768caec1cb9b690f1377aac1236856054fe7c03e1cdfeb6016c6acfb,QUERY_ACCEPTED
controlled-v1/split_merge_shared_targets/08,controlled-v1/split_merge_shared_targets/08,SYNTHETIC_CONTROLLED_V1,controlled,SYNTHETIC,False,POISON,events,a_b,COMPLETED,POISON_NOMINAL_RAW,,,,6,6,ETH,[],raw_by_asset_no_cross_asset_sum,796b26ef768caec1cb9b690f1377aac1236856054fe7c03e1cdfeb6016c6acfb,QUERY_ACCEPTED
controlled-v1/split_merge_shared_targets/08,controlled-v1/split_merge_shared_targets/08,SYNTHETIC_CONTROLLED_V1,controlled,SYNTHETIC,False,POISON,events,a_c,COMPLETED,POISON_NOMINAL_RAW,,,,6,6,ETH,[],raw_by_asset_no_cross_asset_sum,796b26ef768caec1cb9b690f1377aac1236856054fe7c03e1cdfeb6016c6acfb,QUERY_ACCEPTED
controlled-v1/split_merge_shared_targets/08,controlled-v1/split_merge_shared_targets/08,SYNTHETIC_CONTROLLED_V1,controlled,SYNTHETIC,False,POISON,events,b_d,COMPLETED,POISON_NOMINAL_RAW,,,,6,6,ETH,[],raw_by_asset_no_cross_asset_sum,796b26ef768caec1cb9b690f1377aac1236856054fe7c03e1cdfeb6016c6acfb,QUERY_ACCEPTED
controlled-v1/split_merge_shared_targets/08,controlled-v1/split_merge_shared_targets/08,SYNTHETIC_CONTROLLED_V1,controlled,SYNTHETIC,False,POISON,events,c_d,COMPLETED,POISON_NOMINAL_RAW,,,,6,6,ETH,[],raw_by_asset_no_cross_asset_sum,796b26ef768caec1cb9b690f1377aac1236856054fe7c03e1cdfeb6016c6acfb,QUERY_ACCEPTED
controlled-v1/split_merge_shared_targets/08,controlled-v1/split_merge_shared_targets/08,SYNTHETIC_CONTROLLED_V1,controlled,SYNTHETIC,False,POISON,events,d_t,COMPLETED,POISON_NOMINAL_RAW,,,,6,6,ETH,[],raw_by_asset_no_cross_asset_sum,796b26ef768caec1cb9b690f1377aac1236856054fe7c03e1cdfeb6016c6acfb,QUERY_ACCEPTED
controlled-v1/split_merge_shared_targets/08,controlled-v1/split_merge_shared_targets/08,SYNTHETIC_CONTROLLED_V1,controlled,SYNTHETIC,False,POISON,events,d_u,COMPLETED,POISON_NOMINAL_RAW,,,,6,6,ETH,[],raw_by_asset_no_cross_asset_sum,796b26ef768caec1cb9b690f1377aac1236856054fe7c03e1cdfeb6016c6acfb,QUERY_ACCEPTED
controlled-v1/split_merge_shared_targets/08,controlled-v1/split_merge_shared_targets/08,SYNTHETIC_CONTROLLED_V1,controlled,SYNTHETIC,False,POISON,joint_by_asset,ETH,COMPLETED,POISON_NOMINAL_RAW,,,,12,12,ETH,[],raw_by_asset_no_cross_asset_sum,796b26ef768caec1cb9b690f1377aac1236856054fe7c03e1cdfeb6016c6acfb,QUERY_ACCEPTED
controlled-v1/split_merge_shared_targets/08,controlled-v1/split_merge_shared_targets/08,SYNTHETIC_CONTROLLED_V1,controlled,SYNTHETIC,False,HAIRCUT,addresses,T|ETH,COMPLETED,PROPORTIONAL_FEASIBLE_POINT,,,3,,6,ETH,[],raw_by_asset_no_cross_asset_sum,796b26ef768caec1cb9b690f1377aac1236856054fe7c03e1cdfeb6016c6acfb,QUERY_ACCEPTED
controlled-v1/split_merge_shared_targets/08,controlled-v1/split_merge_shared_targets/08,SYNTHETIC_CONTROLLED_V1,controlled,SYNTHETIC,False,HAIRCUT,addresses,U|ETH,COMPLETED,PROPORTIONAL_FEASIBLE_POINT,,,3,,6,ETH,[],raw_by_asset_no_cross_asset_sum,796b26ef768caec1cb9b690f1377aac1236856054fe7c03e1cdfeb6016c6acfb,QUERY_ACCEPTED
controlled-v1/split_merge_shared_targets/08,controlled-v1/split_merge_shared_targets/08,SYNTHETIC_CONTROLLED_V1,controlled,SYNTHETIC,False,HAIRCUT,events,seed,COMPLETED,PROPORTIONAL_FEASIBLE_POINT,,,6,,6,ETH,[],raw_by_asset_no_cross_asset_sum,796b26ef768caec1cb9b690f1377aac1236856054fe7c03e1cdfeb6016c6acfb,QUERY_ACCEPTED
controlled-v1/split_merge_shared_targets/08,controlled-v1/split_merge_shared_targets/08,SYNTHETIC_CONTROLLED_V1,controlled,SYNTHETIC,False,HAIRCUT,events,a_b,COMPLETED,PROPORTIONAL_FEASIBLE_POINT,,,3,,6,ETH,[],raw_by_asset_no_cross_asset_sum,796b26ef768caec1cb9b690f1377aac1236856054fe7c03e1cdfeb6016c6acfb,QUERY_ACCEPTED
controlled-v1/split_merge_shared_targets/08,controlled-v1/split_merge_shared_targets/08,SYNTHETIC_CONTROLLED_V1,controlled,SYNTHETIC,False,HAIRCUT,events,a_c,COMPLETED,PROPORTIONAL_FEASIBLE_POINT,,,3,,6,ETH,[],raw_by_asset_no_cross_asset_sum,796b26ef768caec1cb9b690f1377aac1236856054fe7c03e1cdfeb6016c6acfb,QUERY_ACCEPTED
controlled-v1/split_merge_shared_targets/08,controlled-v1/split_merge_shared_targets/08,SYNTHETIC_CONTROLLED_V1,controlled,SYNTHETIC,False,HAIRCUT,events,b_d,COMPLETED,PROPORTIONAL_FEASIBLE_POINT,,,3,,6,ETH,[],raw_by_asset_no_cross_asset_sum,796b26ef768caec1cb9b690f1377aac1236856054fe7c03e1cdfeb6016c6acfb,QUERY_ACCEPTED
controlled-v1/split_merge_shared_targets/08,controlled-v1/split_merge_shared_targets/08,SYNTHETIC_CONTROLLED_V1,controlled,SYNTHETIC,False,HAIRCUT,events,c_d,COMPLETED,PROPORTIONAL_FEASIBLE_POINT,,,3,,6,ETH,[],raw_by_asset_no_cross_asset_sum,796b26ef768caec1cb9b690f1377aac1236856054fe7c03e1cdfeb6016c6acfb,QUERY_ACCEPTED
controlled-v1/split_merge_shared_targets/08,controlled-v1/split_merge_shared_targets/08,SYNTHETIC_CONTROLLED_V1,controlled,SYNTHETIC,False,HAIRCUT,events,d_t,COMPLETED,PROPORTIONAL_FEASIBLE_POINT,,,3,,6,ETH,[],raw_by_asset_no_cross_asset_sum,796b26ef768caec1cb9b690f1377aac1236856054fe7c03e1cdfeb6016c6acfb,QUERY_ACCEPTED
controlled-v1/split_merge_shared_targets/08,controlled-v1/split_merge_shared_targets/08,SYNTHETIC_CONTROLLED_V1,controlled,SYNTHETIC,False,HAIRCUT,events,d_u,COMPLETED,PROPORTIONAL_FEASIBLE_POINT,,,3,,6,ETH,[],raw_by_asset_no_cross_asset_sum,796b26ef768caec1cb9b690f1377aac1236856054fe7c03e1cdfeb6016c6acfb,QUERY_ACCEPTED
controlled-v1/split_merge_shared_targets/08,controlled-v1/split_merge_shared_targets/08,SYNTHETIC_CONTROLLED_V1,controlled,SYNTHETIC,False,HAIRCUT,joint_by_asset,ETH,COMPLETED,PROPORTIONAL_FEASIBLE_POINT,,,6,,12,ETH,[],raw_by_asset_no_cross_asset_sum,796b26ef768caec1cb9b690f1377aac1236856054fe7c03e1cdfeb6016c6acfb,QUERY_ACCEPTED
controlled-v1/split_merge_shared_targets/08,controlled-v1/split_merge_shared_targets/08,SYNTHETIC_CONTROLLED_V1,controlled,SYNTHETIC,False,NO_CROSS_TARGET_COUPLING,addresses,T|ETH,COMPLETED,product_of_target_specific_copies,0,6,,,6,ETH,[],raw_by_asset_no_cross_asset_sum,796b26ef768caec1cb9b690f1377aac1236856054fe7c03e1cdfeb6016c6acfb,QUERY_ACCEPTED
controlled-v1/split_merge_shared_targets/08,controlled-v1/split_merge_shared_targets/08,SYNTHETIC_CONTROLLED_V1,controlled,SYNTHETIC,False,NO_CROSS_TARGET_COUPLING,addresses,U|ETH,COMPLETED,product_of_target_specific_copies,0,6,,,6,ETH,[],raw_by_asset_no_cross_asset_sum,796b26ef768caec1cb9b690f1377aac1236856054fe7c03e1cdfeb6016c6acfb,QUERY_ACCEPTED
controlled-v1/split_merge_shared_targets/08,controlled-v1/split_merge_shared_targets/08,SYNTHETIC_CONTROLLED_V1,controlled,SYNTHETIC,False,NO_CROSS_TARGET_COUPLING,events,d_t,COMPLETED,product_of_target_specific_copies,0,6,,,6,ETH,[],raw_by_asset_no_cross_asset_sum,796b26ef768caec1cb9b690f1377aac1236856054fe7c03e1cdfeb6016c6acfb,QUERY_ACCEPTED
controlled-v1/split_merge_shared_targets/08,controlled-v1/split_merge_shared_targets/08,SYNTHETIC_CONTROLLED_V1,controlled,SYNTHETIC,False,NO_CROSS_TARGET_COUPLING,events,d_u,COMPLETED,product_of_target_specific_copies,0,6,,,6,ETH,[],raw_by_asset_no_cross_asset_sum,796b26ef768caec1cb9b690f1377aac1236856054fe7c03e1cdfeb6016c6acfb,QUERY_ACCEPTED
controlled-v1/split_merge_shared_targets/08,controlled-v1/split_merge_shared_targets/08,SYNTHETIC_CONTROLLED_V1,controlled,SYNTHETIC,False,NO_CROSS_TARGET_COUPLING,joint_by_asset,ETH,COMPLETED,product_of_target_specific_copies,0,12,,,12,ETH,[],raw_by_asset_no_cross_asset_sum,796b26ef768caec1cb9b690f1377aac1236856054fe7c03e1cdfeb6016c6acfb,QUERY_ACCEPTED
controlled-v1/split_merge_shared_targets/09,controlled-v1/split_merge_shared_targets/09,SYNTHETIC_CONTROLLED_V1,controlled,SYNTHETIC,False,BALANCE_INFORMATION_REMOVED,addresses,T|ETH,COMPLETED,feasible_interval,0,5,,,5,ETH,[],raw_by_asset_no_cross_asset_sum,e2bc67070a4311d346cbd8699eb7da59087874beef812d5eedcfbc278b63f5bb,QUERY_ACCEPTED
controlled-v1/split_merge_shared_targets/09,controlled-v1/split_merge_shared_targets/09,SYNTHETIC_CONTROLLED_V1,controlled,SYNTHETIC,False,BALANCE_INFORMATION_REMOVED,addresses,U|ETH,COMPLETED,feasible_interval,0,5,,,5,ETH,[],raw_by_asset_no_cross_asset_sum,e2bc67070a4311d346cbd8699eb7da59087874beef812d5eedcfbc278b63f5bb,QUERY_ACCEPTED
controlled-v1/split_merge_shared_targets/09,controlled-v1/split_merge_shared_targets/09,SYNTHETIC_CONTROLLED_V1,controlled,SYNTHETIC,False,BALANCE_INFORMATION_REMOVED,events,shared_split:output0,COMPLETED,feasible_interval,0,5,,,5,ETH,[],raw_by_asset_no_cross_asset_sum,e2bc67070a4311d346cbd8699eb7da59087874beef812d5eedcfbc278b63f5bb,QUERY_ACCEPTED
controlled-v1/split_merge_shared_targets/09,controlled-v1/split_merge_shared_targets/09,SYNTHETIC_CONTROLLED_V1,controlled,SYNTHETIC,False,BALANCE_INFORMATION_REMOVED,events,shared_split:output1,COMPLETED,feasible_interval,0,5,,,5,ETH,[],raw_by_asset_no_cross_asset_sum,e2bc67070a4311d346cbd8699eb7da59087874beef812d5eedcfbc278b63f5bb,QUERY_ACCEPTED
controlled-v1/split_merge_shared_targets/09,controlled-v1/split_merge_shared_targets/09,SYNTHETIC_CONTROLLED_V1,controlled,SYNTHETIC,False,BALANCE_INFORMATION_REMOVED,joint_by_asset,ETH,COMPLETED,feasible_interval,0,5,,,10,ETH,[],raw_by_asset_no_cross_asset_sum,e2bc67070a4311d346cbd8699eb7da59087874beef812d5eedcfbc278b63f5bb,QUERY_ACCEPTED
controlled-v1/split_merge_shared_targets/09,controlled-v1/split_merge_shared_targets/09,SYNTHETIC_CONTROLLED_V1,controlled,SYNTHETIC,False,FULL_INTERVAL,addresses,T|ETH,COMPLETED,feasible_interval,0,5,,,5,ETH,[],raw_by_asset_no_cross_asset_sum,e2bc67070a4311d346cbd8699eb7da59087874beef812d5eedcfbc278b63f5bb,QUERY_ACCEPTED
controlled-v1/split_merge_shared_targets/09,controlled-v1/split_merge_shared_targets/09,SYNTHETIC_CONTROLLED_V1,controlled,SYNTHETIC,False,FULL_INTERVAL,addresses,U|ETH,COMPLETED,feasible_interval,0,5,,,5,ETH,[],raw_by_asset_no_cross_asset_sum,e2bc67070a4311d346cbd8699eb7da59087874beef812d5eedcfbc278b63f5bb,QUERY_ACCEPTED
controlled-v1/split_merge_shared_targets/09,controlled-v1/split_merge_shared_targets/09,SYNTHETIC_CONTROLLED_V1,controlled,SYNTHETIC,False,FULL_INTERVAL,events,shared_split:output0,COMPLETED,feasible_interval,0,5,,,5,ETH,[],raw_by_asset_no_cross_asset_sum,e2bc67070a4311d346cbd8699eb7da59087874beef812d5eedcfbc278b63f5bb,QUERY_ACCEPTED
controlled-v1/split_merge_shared_targets/09,controlled-v1/split_merge_shared_targets/09,SYNTHETIC_CONTROLLED_V1,controlled,SYNTHETIC,False,FULL_INTERVAL,events,shared_split:output1,COMPLETED,feasible_interval,0,5,,,5,ETH,[],raw_by_asset_no_cross_asset_sum,e2bc67070a4311d346cbd8699eb7da59087874beef812d5eedcfbc278b63f5bb,QUERY_ACCEPTED
controlled-v1/split_merge_shared_targets/09,controlled-v1/split_merge_shared_targets/09,SYNTHETIC_CONTROLLED_V1,controlled,SYNTHETIC,False,FULL_INTERVAL,joint_by_asset,ETH,COMPLETED,feasible_interval,5,5,,,10,ETH,[],raw_by_asset_no_cross_asset_sum,e2bc67070a4311d346cbd8699eb7da59087874beef812d5eedcfbc278b63f5bb,QUERY_ACCEPTED
controlled-v1/split_merge_shared_targets/09,controlled-v1/split_merge_shared_targets/09,SYNTHETIC_CONTROLLED_V1,controlled,SYNTHETIC,False,BOUNDED_REACHABILITY,addresses,T|ETH,COMPLETED,ADDRESS_EVENT_SET_NO_AMOUNT,,,,,5,ETH,[],raw_by_asset_no_cross_asset_sum,e2bc67070a4311d346cbd8699eb7da59087874beef812d5eedcfbc278b63f5bb,QUERY_ACCEPTED
controlled-v1/split_merge_shared_targets/09,controlled-v1/split_merge_shared_targets/09,SYNTHETIC_CONTROLLED_V1,controlled,SYNTHETIC,False,BOUNDED_REACHABILITY,addresses,U|ETH,COMPLETED,ADDRESS_EVENT_SET_NO_AMOUNT,,,,,5,ETH,[],raw_by_asset_no_cross_asset_sum,e2bc67070a4311d346cbd8699eb7da59087874beef812d5eedcfbc278b63f5bb,QUERY_ACCEPTED
controlled-v1/split_merge_shared_targets/09,controlled-v1/split_merge_shared_targets/09,SYNTHETIC_CONTROLLED_V1,controlled,SYNTHETIC,False,BOUNDED_REACHABILITY,events,seed,COMPLETED,ADDRESS_EVENT_SET_NO_AMOUNT,,,,,5,ETH,[],raw_by_asset_no_cross_asset_sum,e2bc67070a4311d346cbd8699eb7da59087874beef812d5eedcfbc278b63f5bb,QUERY_ACCEPTED
controlled-v1/split_merge_shared_targets/09,controlled-v1/split_merge_shared_targets/09,SYNTHETIC_CONTROLLED_V1,controlled,SYNTHETIC,False,BOUNDED_REACHABILITY,events,a_b,COMPLETED,ADDRESS_EVENT_SET_NO_AMOUNT,,,,,5,ETH,[],raw_by_asset_no_cross_asset_sum,e2bc67070a4311d346cbd8699eb7da59087874beef812d5eedcfbc278b63f5bb,QUERY_ACCEPTED
controlled-v1/split_merge_shared_targets/09,controlled-v1/split_merge_shared_targets/09,SYNTHETIC_CONTROLLED_V1,controlled,SYNTHETIC,False,BOUNDED_REACHABILITY,events,a_c,COMPLETED,ADDRESS_EVENT_SET_NO_AMOUNT,,,,,5,ETH,[],raw_by_asset_no_cross_asset_sum,e2bc67070a4311d346cbd8699eb7da59087874beef812d5eedcfbc278b63f5bb,QUERY_ACCEPTED
controlled-v1/split_merge_shared_targets/09,controlled-v1/split_merge_shared_targets/09,SYNTHETIC_CONTROLLED_V1,controlled,SYNTHETIC,False,BOUNDED_REACHABILITY,events,b_d,COMPLETED,ADDRESS_EVENT_SET_NO_AMOUNT,,,,,5,ETH,[],raw_by_asset_no_cross_asset_sum,e2bc67070a4311d346cbd8699eb7da59087874beef812d5eedcfbc278b63f5bb,QUERY_ACCEPTED
controlled-v1/split_merge_shared_targets/09,controlled-v1/split_merge_shared_targets/09,SYNTHETIC_CONTROLLED_V1,controlled,SYNTHETIC,False,BOUNDED_REACHABILITY,events,c_d,COMPLETED,ADDRESS_EVENT_SET_NO_AMOUNT,,,,,5,ETH,[],raw_by_asset_no_cross_asset_sum,e2bc67070a4311d346cbd8699eb7da59087874beef812d5eedcfbc278b63f5bb,QUERY_ACCEPTED
controlled-v1/split_merge_shared_targets/09,controlled-v1/split_merge_shared_targets/09,SYNTHETIC_CONTROLLED_V1,controlled,SYNTHETIC,False,BOUNDED_REACHABILITY,events,shared_split:input,COMPLETED,ADDRESS_EVENT_SET_NO_AMOUNT,,,,,10,ETH,[],raw_by_asset_no_cross_asset_sum,e2bc67070a4311d346cbd8699eb7da59087874beef812d5eedcfbc278b63f5bb,QUERY_ACCEPTED
controlled-v1/split_merge_shared_targets/09,controlled-v1/split_merge_shared_targets/09,SYNTHETIC_CONTROLLED_V1,controlled,SYNTHETIC,False,BOUNDED_REACHABILITY,events,shared_split:output0,COMPLETED,ADDRESS_EVENT_SET_NO_AMOUNT,,,,,5,ETH,[],raw_by_asset_no_cross_asset_sum,e2bc67070a4311d346cbd8699eb7da59087874beef812d5eedcfbc278b63f5bb,QUERY_ACCEPTED
controlled-v1/split_merge_shared_targets/09,controlled-v1/split_merge_shared_targets/09,SYNTHETIC_CONTROLLED_V1,controlled,SYNTHETIC,False,BOUNDED_REACHABILITY,events,shared_split:output1,COMPLETED,ADDRESS_EVENT_SET_NO_AMOUNT,,,,,5,ETH,[],raw_by_asset_no_cross_asset_sum,e2bc67070a4311d346cbd8699eb7da59087874beef812d5eedcfbc278b63f5bb,QUERY_ACCEPTED
controlled-v1/split_merge_shared_targets/09,controlled-v1/split_merge_shared_targets/09,SYNTHETIC_CONTROLLED_V1,controlled,SYNTHETIC,False,BOUNDED_REACHABILITY,joint_by_asset,ETH,COMPLETED,ADDRESS_EVENT_SET_NO_AMOUNT,,,,,10,ETH,[],raw_by_asset_no_cross_asset_sum,e2bc67070a4311d346cbd8699eb7da59087874beef812d5eedcfbc278b63f5bb,QUERY_ACCEPTED
controlled-v1/split_merge_shared_targets/09,controlled-v1/split_merge_shared_targets/09,SYNTHETIC_CONTROLLED_V1,controlled,SYNTHETIC,False,POISON,addresses,T|ETH,COMPLETED,POISON_NOMINAL_RAW,,,,5,5,ETH,[],raw_by_asset_no_cross_asset_sum,e2bc67070a4311d346cbd8699eb7da59087874beef812d5eedcfbc278b63f5bb,QUERY_ACCEPTED
controlled-v1/split_merge_shared_targets/09,controlled-v1/split_merge_shared_targets/09,SYNTHETIC_CONTROLLED_V1,controlled,SYNTHETIC,False,POISON,addresses,U|ETH,COMPLETED,POISON_NOMINAL_RAW,,,,5,5,ETH,[],raw_by_asset_no_cross_asset_sum,e2bc67070a4311d346cbd8699eb7da59087874beef812d5eedcfbc278b63f5bb,QUERY_ACCEPTED
controlled-v1/split_merge_shared_targets/09,controlled-v1/split_merge_shared_targets/09,SYNTHETIC_CONTROLLED_V1,controlled,SYNTHETIC,False,POISON,events,seed,COMPLETED,POISON_NOMINAL_RAW,,,,5,5,ETH,[],raw_by_asset_no_cross_asset_sum,e2bc67070a4311d346cbd8699eb7da59087874beef812d5eedcfbc278b63f5bb,QUERY_ACCEPTED
controlled-v1/split_merge_shared_targets/09,controlled-v1/split_merge_shared_targets/09,SYNTHETIC_CONTROLLED_V1,controlled,SYNTHETIC,False,POISON,events,a_b,COMPLETED,POISON_NOMINAL_RAW,,,,5,5,ETH,[],raw_by_asset_no_cross_asset_sum,e2bc67070a4311d346cbd8699eb7da59087874beef812d5eedcfbc278b63f5bb,QUERY_ACCEPTED
controlled-v1/split_merge_shared_targets/09,controlled-v1/split_merge_shared_targets/09,SYNTHETIC_CONTROLLED_V1,controlled,SYNTHETIC,False,POISON,events,a_c,COMPLETED,POISON_NOMINAL_RAW,,,,5,5,ETH,[],raw_by_asset_no_cross_asset_sum,e2bc67070a4311d346cbd8699eb7da59087874beef812d5eedcfbc278b63f5bb,QUERY_ACCEPTED
controlled-v1/split_merge_shared_targets/09,controlled-v1/split_merge_shared_targets/09,SYNTHETIC_CONTROLLED_V1,controlled,SYNTHETIC,False,POISON,events,b_d,COMPLETED,POISON_NOMINAL_RAW,,,,5,5,ETH,[],raw_by_asset_no_cross_asset_sum,e2bc67070a4311d346cbd8699eb7da59087874beef812d5eedcfbc278b63f5bb,QUERY_ACCEPTED
controlled-v1/split_merge_shared_targets/09,controlled-v1/split_merge_shared_targets/09,SYNTHETIC_CONTROLLED_V1,controlled,SYNTHETIC,False,POISON,events,c_d,COMPLETED,POISON_NOMINAL_RAW,,,,5,5,ETH,[],raw_by_asset_no_cross_asset_sum,e2bc67070a4311d346cbd8699eb7da59087874beef812d5eedcfbc278b63f5bb,QUERY_ACCEPTED
controlled-v1/split_merge_shared_targets/09,controlled-v1/split_merge_shared_targets/09,SYNTHETIC_CONTROLLED_V1,controlled,SYNTHETIC,False,POISON,events,shared_split:input,COMPLETED,POISON_NOMINAL_RAW,,,,10,10,ETH,[],raw_by_asset_no_cross_asset_sum,e2bc67070a4311d346cbd8699eb7da59087874beef812d5eedcfbc278b63f5bb,QUERY_ACCEPTED
controlled-v1/split_merge_shared_targets/09,controlled-v1/split_merge_shared_targets/09,SYNTHETIC_CONTROLLED_V1,controlled,SYNTHETIC,False,POISON,events,shared_split:output0,COMPLETED,POISON_NOMINAL_RAW,,,,5,5,ETH,[],raw_by_asset_no_cross_asset_sum,e2bc67070a4311d346cbd8699eb7da59087874beef812d5eedcfbc278b63f5bb,QUERY_ACCEPTED
controlled-v1/split_merge_shared_targets/09,controlled-v1/split_merge_shared_targets/09,SYNTHETIC_CONTROLLED_V1,controlled,SYNTHETIC,False,POISON,events,shared_split:output1,COMPLETED,POISON_NOMINAL_RAW,,,,5,5,ETH,[],raw_by_asset_no_cross_asset_sum,e2bc67070a4311d346cbd8699eb7da59087874beef812d5eedcfbc278b63f5bb,QUERY_ACCEPTED
controlled-v1/split_merge_shared_targets/09,controlled-v1/split_merge_shared_targets/09,SYNTHETIC_CONTROLLED_V1,controlled,SYNTHETIC,False,POISON,joint_by_asset,ETH,COMPLETED,POISON_NOMINAL_RAW,,,,10,10,ETH,[],raw_by_asset_no_cross_asset_sum,e2bc67070a4311d346cbd8699eb7da59087874beef812d5eedcfbc278b63f5bb,QUERY_ACCEPTED
controlled-v1/split_merge_shared_targets/09,controlled-v1/split_merge_shared_targets/09,SYNTHETIC_CONTROLLED_V1,controlled,SYNTHETIC,False,HAIRCUT,addresses,T|ETH,COMPLETED,PROPORTIONAL_FEASIBLE_POINT,,,5/2,,5,ETH,[],raw_by_asset_no_cross_asset_sum,e2bc67070a4311d346cbd8699eb7da59087874beef812d5eedcfbc278b63f5bb,QUERY_ACCEPTED
controlled-v1/split_merge_shared_targets/09,controlled-v1/split_merge_shared_targets/09,SYNTHETIC_CONTROLLED_V1,controlled,SYNTHETIC,False,HAIRCUT,addresses,U|ETH,COMPLETED,PROPORTIONAL_FEASIBLE_POINT,,,5/2,,5,ETH,[],raw_by_asset_no_cross_asset_sum,e2bc67070a4311d346cbd8699eb7da59087874beef812d5eedcfbc278b63f5bb,QUERY_ACCEPTED
controlled-v1/split_merge_shared_targets/09,controlled-v1/split_merge_shared_targets/09,SYNTHETIC_CONTROLLED_V1,controlled,SYNTHETIC,False,HAIRCUT,events,seed,COMPLETED,PROPORTIONAL_FEASIBLE_POINT,,,5,,5,ETH,[],raw_by_asset_no_cross_asset_sum,e2bc67070a4311d346cbd8699eb7da59087874beef812d5eedcfbc278b63f5bb,QUERY_ACCEPTED
controlled-v1/split_merge_shared_targets/09,controlled-v1/split_merge_shared_targets/09,SYNTHETIC_CONTROLLED_V1,controlled,SYNTHETIC,False,HAIRCUT,events,a_b,COMPLETED,PROPORTIONAL_FEASIBLE_POINT,,,5/2,,5,ETH,[],raw_by_asset_no_cross_asset_sum,e2bc67070a4311d346cbd8699eb7da59087874beef812d5eedcfbc278b63f5bb,QUERY_ACCEPTED
controlled-v1/split_merge_shared_targets/09,controlled-v1/split_merge_shared_targets/09,SYNTHETIC_CONTROLLED_V1,controlled,SYNTHETIC,False,HAIRCUT,events,a_c,COMPLETED,PROPORTIONAL_FEASIBLE_POINT,,,5/2,,5,ETH,[],raw_by_asset_no_cross_asset_sum,e2bc67070a4311d346cbd8699eb7da59087874beef812d5eedcfbc278b63f5bb,QUERY_ACCEPTED
controlled-v1/split_merge_shared_targets/09,controlled-v1/split_merge_shared_targets/09,SYNTHETIC_CONTROLLED_V1,controlled,SYNTHETIC,False,HAIRCUT,events,b_d,COMPLETED,PROPORTIONAL_FEASIBLE_POINT,,,5/2,,5,ETH,[],raw_by_asset_no_cross_asset_sum,e2bc67070a4311d346cbd8699eb7da59087874beef812d5eedcfbc278b63f5bb,QUERY_ACCEPTED
controlled-v1/split_merge_shared_targets/09,controlled-v1/split_merge_shared_targets/09,SYNTHETIC_CONTROLLED_V1,controlled,SYNTHETIC,False,HAIRCUT,events,c_d,COMPLETED,PROPORTIONAL_FEASIBLE_POINT,,,5/2,,5,ETH,[],raw_by_asset_no_cross_asset_sum,e2bc67070a4311d346cbd8699eb7da59087874beef812d5eedcfbc278b63f5bb,QUERY_ACCEPTED
controlled-v1/split_merge_shared_targets/09,controlled-v1/split_merge_shared_targets/09,SYNTHETIC_CONTROLLED_V1,controlled,SYNTHETIC,False,HAIRCUT,events,shared_split:input,COMPLETED,PROPORTIONAL_FEASIBLE_POINT,,,5,,10,ETH,[],raw_by_asset_no_cross_asset_sum,e2bc67070a4311d346cbd8699eb7da59087874beef812d5eedcfbc278b63f5bb,QUERY_ACCEPTED
controlled-v1/split_merge_shared_targets/09,controlled-v1/split_merge_shared_targets/09,SYNTHETIC_CONTROLLED_V1,controlled,SYNTHETIC,False,HAIRCUT,events,shared_split:output0,COMPLETED,PROPORTIONAL_FEASIBLE_POINT,,,5/2,,5,ETH,[],raw_by_asset_no_cross_asset_sum,e2bc67070a4311d346cbd8699eb7da59087874beef812d5eedcfbc278b63f5bb,QUERY_ACCEPTED
controlled-v1/split_merge_shared_targets/09,controlled-v1/split_merge_shared_targets/09,SYNTHETIC_CONTROLLED_V1,controlled,SYNTHETIC,False,HAIRCUT,events,shared_split:output1,COMPLETED,PROPORTIONAL_FEASIBLE_POINT,,,5/2,,5,ETH,[],raw_by_asset_no_cross_asset_sum,e2bc67070a4311d346cbd8699eb7da59087874beef812d5eedcfbc278b63f5bb,QUERY_ACCEPTED
controlled-v1/split_merge_shared_targets/09,controlled-v1/split_merge_shared_targets/09,SYNTHETIC_CONTROLLED_V1,controlled,SYNTHETIC,False,HAIRCUT,joint_by_asset,ETH,COMPLETED,PROPORTIONAL_FEASIBLE_POINT,,,5,,10,ETH,[],raw_by_asset_no_cross_asset_sum,e2bc67070a4311d346cbd8699eb7da59087874beef812d5eedcfbc278b63f5bb,QUERY_ACCEPTED
controlled-v1/split_merge_shared_targets/09,controlled-v1/split_merge_shared_targets/09,SYNTHETIC_CONTROLLED_V1,controlled,SYNTHETIC,False,NO_CROSS_TARGET_COUPLING,addresses,T|ETH,COMPLETED,product_of_target_specific_copies,0,5,,,5,ETH,[],raw_by_asset_no_cross_asset_sum,e2bc67070a4311d346cbd8699eb7da59087874beef812d5eedcfbc278b63f5bb,QUERY_ACCEPTED
controlled-v1/split_merge_shared_targets/09,controlled-v1/split_merge_shared_targets/09,SYNTHETIC_CONTROLLED_V1,controlled,SYNTHETIC,False,NO_CROSS_TARGET_COUPLING,addresses,U|ETH,COMPLETED,product_of_target_specific_copies,0,5,,,5,ETH,[],raw_by_asset_no_cross_asset_sum,e2bc67070a4311d346cbd8699eb7da59087874beef812d5eedcfbc278b63f5bb,QUERY_ACCEPTED
controlled-v1/split_merge_shared_targets/09,controlled-v1/split_merge_shared_targets/09,SYNTHETIC_CONTROLLED_V1,controlled,SYNTHETIC,False,NO_CROSS_TARGET_COUPLING,events,shared_split:output0,COMPLETED,product_of_target_specific_copies,0,5,,,5,ETH,[],raw_by_asset_no_cross_asset_sum,e2bc67070a4311d346cbd8699eb7da59087874beef812d5eedcfbc278b63f5bb,QUERY_ACCEPTED
controlled-v1/split_merge_shared_targets/09,controlled-v1/split_merge_shared_targets/09,SYNTHETIC_CONTROLLED_V1,controlled,SYNTHETIC,False,NO_CROSS_TARGET_COUPLING,events,shared_split:output1,COMPLETED,product_of_target_specific_copies,0,5,,,5,ETH,[],raw_by_asset_no_cross_asset_sum,e2bc67070a4311d346cbd8699eb7da59087874beef812d5eedcfbc278b63f5bb,QUERY_ACCEPTED
controlled-v1/split_merge_shared_targets/09,controlled-v1/split_merge_shared_targets/09,SYNTHETIC_CONTROLLED_V1,controlled,SYNTHETIC,False,NO_CROSS_TARGET_COUPLING,joint_by_asset,ETH,COMPLETED,product_of_target_specific_copies,0,10,,,10,ETH,[],raw_by_asset_no_cross_asset_sum,e2bc67070a4311d346cbd8699eb7da59087874beef812d5eedcfbc278b63f5bb,QUERY_ACCEPTED
controlled-v1/split_merge_shared_targets/09,controlled-v1/split_merge_shared_targets/09,SYNTHETIC_CONTROLLED_V1,controlled,SYNTHETIC,False,NO_PROTOCOL_CONTINUATION,addresses,T|ETH,COMPLETED,feasible_interval,0,5,,,5,ETH,[],raw_by_asset_no_cross_asset_sum,e2bc67070a4311d346cbd8699eb7da59087874beef812d5eedcfbc278b63f5bb,QUERY_ACCEPTED
controlled-v1/split_merge_shared_targets/09,controlled-v1/split_merge_shared_targets/09,SYNTHETIC_CONTROLLED_V1,controlled,SYNTHETIC,False,NO_PROTOCOL_CONTINUATION,addresses,U|ETH,COMPLETED,feasible_interval,0,5,,,5,ETH,[],raw_by_asset_no_cross_asset_sum,e2bc67070a4311d346cbd8699eb7da59087874beef812d5eedcfbc278b63f5bb,QUERY_ACCEPTED
controlled-v1/split_merge_shared_targets/09,controlled-v1/split_merge_shared_targets/09,SYNTHETIC_CONTROLLED_V1,controlled,SYNTHETIC,False,NO_PROTOCOL_CONTINUATION,events,shared_split:output0,COMPLETED,feasible_interval,0,5,,,5,ETH,[],raw_by_asset_no_cross_asset_sum,e2bc67070a4311d346cbd8699eb7da59087874beef812d5eedcfbc278b63f5bb,QUERY_ACCEPTED
controlled-v1/split_merge_shared_targets/09,controlled-v1/split_merge_shared_targets/09,SYNTHETIC_CONTROLLED_V1,controlled,SYNTHETIC,False,NO_PROTOCOL_CONTINUATION,events,shared_split:output1,COMPLETED,feasible_interval,0,5,,,5,ETH,[],raw_by_asset_no_cross_asset_sum,e2bc67070a4311d346cbd8699eb7da59087874beef812d5eedcfbc278b63f5bb,QUERY_ACCEPTED
controlled-v1/split_merge_shared_targets/09,controlled-v1/split_merge_shared_targets/09,SYNTHETIC_CONTROLLED_V1,controlled,SYNTHETIC,False,NO_PROTOCOL_CONTINUATION,joint_by_asset,ETH,COMPLETED,feasible_interval,5,5,,,10,ETH,[],raw_by_asset_no_cross_asset_sum,e2bc67070a4311d346cbd8699eb7da59087874beef812d5eedcfbc278b63f5bb,QUERY_ACCEPTED
controlled-v1/repeated_entries_timed_returns/00,controlled-v1/repeated_entries_timed_returns/00,SYNTHETIC_CONTROLLED_V1,controlled,SYNTHETIC,False,NO_CROSS_TARGET_COUPLING,addresses,T|ETH,COMPLETED,product_of_target_specific_copies,1,2,,,4,ETH,[],raw_by_asset_no_cross_asset_sum,f75ce083069618577269df571b2ff053df5bc369a2cf5e9006043ae96b6eddb2,QUERY_ACCEPTED
controlled-v1/repeated_entries_timed_returns/00,controlled-v1/repeated_entries_timed_returns/00,SYNTHETIC_CONTROLLED_V1,controlled,SYNTHETIC,False,NO_CROSS_TARGET_COUPLING,addresses,U|ETH,COMPLETED,product_of_target_specific_copies,0,1,,,1,ETH,[],raw_by_asset_no_cross_asset_sum,f75ce083069618577269df571b2ff053df5bc369a2cf5e9006043ae96b6eddb2,QUERY_ACCEPTED
controlled-v1/repeated_entries_timed_returns/00,controlled-v1/repeated_entries_timed_returns/00,SYNTHETIC_CONTROLLED_V1,controlled,SYNTHETIC,False,NO_CROSS_TARGET_COUPLING,events,before_seed,COMPLETED,product_of_target_specific_copies,0,0,,,1,ETH,[],raw_by_asset_no_cross_asset_sum,f75ce083069618577269df571b2ff053df5bc369a2cf5e9006043ae96b6eddb2,QUERY_ACCEPTED
controlled-v1/repeated_entries_timed_returns/00,controlled-v1/repeated_entries_timed_returns/00,SYNTHETIC_CONTROLLED_V1,controlled,SYNTHETIC,False,NO_CROSS_TARGET_COUPLING,events,entry_first,COMPLETED,product_of_target_specific_copies,0,1,,,1,ETH,[],raw_by_asset_no_cross_asset_sum,f75ce083069618577269df571b2ff053df5bc369a2cf5e9006043ae96b6eddb2,QUERY_ACCEPTED
controlled-v1/repeated_entries_timed_returns/00,controlled-v1/repeated_entries_timed_returns/00,SYNTHETIC_CONTROLLED_V1,controlled,SYNTHETIC,False,NO_CROSS_TARGET_COUPLING,events,entry_second,COMPLETED,product_of_target_specific_copies,0,2,,,2,ETH,[],raw_by_asset_no_cross_asset_sum,f75ce083069618577269df571b2ff053df5bc369a2cf5e9006043ae96b6eddb2,QUERY_ACCEPTED
controlled-v1/repeated_entries_timed_returns/00,controlled-v1/repeated_entries_timed_returns/00,SYNTHETIC_CONTROLLED_V1,controlled,SYNTHETIC,False,NO_CROSS_TARGET_COUPLING,events,other_target,COMPLETED,product_of_target_specific_copies,0,1,,,1,ETH,[],raw_by_asset_no_cross_asset_sum,f75ce083069618577269df571b2ff053df5bc369a2cf5e9006043ae96b6eddb2,QUERY_ACCEPTED
controlled-v1/repeated_entries_timed_returns/00,controlled-v1/repeated_entries_timed_returns/00,SYNTHETIC_CONTROLLED_V1,controlled,SYNTHETIC,False,NO_CROSS_TARGET_COUPLING,joint_by_asset,ETH,COMPLETED,product_of_target_specific_copies,1,3,,,5,ETH,[],raw_by_asset_no_cross_asset_sum,f75ce083069618577269df571b2ff053df5bc369a2cf5e9006043ae96b6eddb2,QUERY_ACCEPTED
controlled-v1/repeated_entries_timed_returns/00,controlled-v1/repeated_entries_timed_returns/00,SYNTHETIC_CONTROLLED_V1,controlled,SYNTHETIC,False,NO_PROTOCOL_CONTINUATION,addresses,T|ETH,COMPLETED,feasible_interval,1,2,,,4,ETH,[],raw_by_asset_no_cross_asset_sum,f75ce083069618577269df571b2ff053df5bc369a2cf5e9006043ae96b6eddb2,QUERY_ACCEPTED
controlled-v1/repeated_entries_timed_returns/00,controlled-v1/repeated_entries_timed_returns/00,SYNTHETIC_CONTROLLED_V1,controlled,SYNTHETIC,False,NO_PROTOCOL_CONTINUATION,addresses,U|ETH,COMPLETED,feasible_interval,0,1,,,1,ETH,[],raw_by_asset_no_cross_asset_sum,f75ce083069618577269df571b2ff053df5bc369a2cf5e9006043ae96b6eddb2,QUERY_ACCEPTED
controlled-v1/repeated_entries_timed_returns/00,controlled-v1/repeated_entries_timed_returns/00,SYNTHETIC_CONTROLLED_V1,controlled,SYNTHETIC,False,NO_PROTOCOL_CONTINUATION,events,before_seed,COMPLETED,feasible_interval,0,0,,,1,ETH,[],raw_by_asset_no_cross_asset_sum,f75ce083069618577269df571b2ff053df5bc369a2cf5e9006043ae96b6eddb2,QUERY_ACCEPTED
controlled-v1/repeated_entries_timed_returns/00,controlled-v1/repeated_entries_timed_returns/00,SYNTHETIC_CONTROLLED_V1,controlled,SYNTHETIC,False,NO_PROTOCOL_CONTINUATION,events,entry_first,COMPLETED,feasible_interval,0,1,,,1,ETH,[],raw_by_asset_no_cross_asset_sum,f75ce083069618577269df571b2ff053df5bc369a2cf5e9006043ae96b6eddb2,QUERY_ACCEPTED
controlled-v1/repeated_entries_timed_returns/00,controlled-v1/repeated_entries_timed_returns/00,SYNTHETIC_CONTROLLED_V1,controlled,SYNTHETIC,False,NO_PROTOCOL_CONTINUATION,events,entry_second,COMPLETED,feasible_interval,0,2,,,2,ETH,[],raw_by_asset_no_cross_asset_sum,f75ce083069618577269df571b2ff053df5bc369a2cf5e9006043ae96b6eddb2,QUERY_ACCEPTED
controlled-v1/repeated_entries_timed_returns/00,controlled-v1/repeated_entries_timed_returns/00,SYNTHETIC_CONTROLLED_V1,controlled,SYNTHETIC,False,NO_PROTOCOL_CONTINUATION,events,other_target,COMPLETED,feasible_interval,0,1,,,1,ETH,[],raw_by_asset_no_cross_asset_sum,f75ce083069618577269df571b2ff053df5bc369a2cf5e9006043ae96b6eddb2,QUERY_ACCEPTED
controlled-v1/repeated_entries_timed_returns/00,controlled-v1/repeated_entries_timed_returns/00,SYNTHETIC_CONTROLLED_V1,controlled,SYNTHETIC,False,NO_PROTOCOL_CONTINUATION,joint_by_asset,ETH,COMPLETED,feasible_interval,2,2,,,5,ETH,[],raw_by_asset_no_cross_asset_sum,f75ce083069618577269df571b2ff053df5bc369a2cf5e9006043ae96b6eddb2,QUERY_ACCEPTED
controlled-v1/repeated_entries_timed_returns/00,controlled-v1/repeated_entries_timed_returns/00,SYNTHETIC_CONTROLLED_V1,controlled,SYNTHETIC,False,BALANCE_INFORMATION_REMOVED,addresses,T|ETH,COMPLETED,feasible_interval,0,2,,,4,ETH,[],raw_by_asset_no_cross_asset_sum,f75ce083069618577269df571b2ff053df5bc369a2cf5e9006043ae96b6eddb2,QUERY_ACCEPTED
controlled-v1/repeated_entries_timed_returns/00,controlled-v1/repeated_entries_timed_returns/00,SYNTHETIC_CONTROLLED_V1,controlled,SYNTHETIC,False,BALANCE_INFORMATION_REMOVED,addresses,U|ETH,COMPLETED,feasible_interval,0,1,,,1,ETH,[],raw_by_asset_no_cross_asset_sum,f75ce083069618577269df571b2ff053df5bc369a2cf5e9006043ae96b6eddb2,QUERY_ACCEPTED
controlled-v1/repeated_entries_timed_returns/00,controlled-v1/repeated_entries_timed_returns/00,SYNTHETIC_CONTROLLED_V1,controlled,SYNTHETIC,False,BALANCE_INFORMATION_REMOVED,events,before_seed,COMPLETED,feasible_interval,0,0,,,1,ETH,[],raw_by_asset_no_cross_asset_sum,f75ce083069618577269df571b2ff053df5bc369a2cf5e9006043ae96b6eddb2,QUERY_ACCEPTED
controlled-v1/repeated_entries_timed_returns/00,controlled-v1/repeated_entries_timed_returns/00,SYNTHETIC_CONTROLLED_V1,controlled,SYNTHETIC,False,BALANCE_INFORMATION_REMOVED,events,entry_first,COMPLETED,feasible_interval,0,1,,,1,ETH,[],raw_by_asset_no_cross_asset_sum,f75ce083069618577269df571b2ff053df5bc369a2cf5e9006043ae96b6eddb2,QUERY_ACCEPTED
controlled-v1/repeated_entries_timed_returns/00,controlled-v1/repeated_entries_timed_returns/00,SYNTHETIC_CONTROLLED_V1,controlled,SYNTHETIC,False,BALANCE_INFORMATION_REMOVED,events,entry_second,COMPLETED,feasible_interval,0,2,,,2,ETH,[],raw_by_asset_no_cross_asset_sum,f75ce083069618577269df571b2ff053df5bc369a2cf5e9006043ae96b6eddb2,QUERY_ACCEPTED
controlled-v1/repeated_entries_timed_returns/00,controlled-v1/repeated_entries_timed_returns/00,SYNTHETIC_CONTROLLED_V1,controlled,SYNTHETIC,False,BALANCE_INFORMATION_REMOVED,events,other_target,COMPLETED,feasible_interval,0,1,,,1,ETH,[],raw_by_asset_no_cross_asset_sum,f75ce083069618577269df571b2ff053df5bc369a2cf5e9006043ae96b6eddb2,QUERY_ACCEPTED
controlled-v1/repeated_entries_timed_returns/00,controlled-v1/repeated_entries_timed_returns/00,SYNTHETIC_CONTROLLED_V1,controlled,SYNTHETIC,False,BALANCE_INFORMATION_REMOVED,joint_by_asset,ETH,COMPLETED,feasible_interval,0,2,,,5,ETH,[],raw_by_asset_no_cross_asset_sum,f75ce083069618577269df571b2ff053df5bc369a2cf5e9006043ae96b6eddb2,QUERY_ACCEPTED
controlled-v1/repeated_entries_timed_returns/00,controlled-v1/repeated_entries_timed_returns/00,SYNTHETIC_CONTROLLED_V1,controlled,SYNTHETIC,False,FULL_INTERVAL,addresses,T|ETH,COMPLETED,feasible_interval,1,2,,,4,ETH,[],raw_by_asset_no_cross_asset_sum,f75ce083069618577269df571b2ff053df5bc369a2cf5e9006043ae96b6eddb2,QUERY_ACCEPTED
controlled-v1/repeated_entries_timed_returns/00,controlled-v1/repeated_entries_timed_returns/00,SYNTHETIC_CONTROLLED_V1,controlled,SYNTHETIC,False,FULL_INTERVAL,addresses,U|ETH,COMPLETED,feasible_interval,0,1,,,1,ETH,[],raw_by_asset_no_cross_asset_sum,f75ce083069618577269df571b2ff053df5bc369a2cf5e9006043ae96b6eddb2,QUERY_ACCEPTED
controlled-v1/repeated_entries_timed_returns/00,controlled-v1/repeated_entries_timed_returns/00,SYNTHETIC_CONTROLLED_V1,controlled,SYNTHETIC,False,FULL_INTERVAL,events,before_seed,COMPLETED,feasible_interval,0,0,,,1,ETH,[],raw_by_asset_no_cross_asset_sum,f75ce083069618577269df571b2ff053df5bc369a2cf5e9006043ae96b6eddb2,QUERY_ACCEPTED
controlled-v1/repeated_entries_timed_returns/00,controlled-v1/repeated_entries_timed_returns/00,SYNTHETIC_CONTROLLED_V1,controlled,SYNTHETIC,False,FULL_INTERVAL,events,entry_first,COMPLETED,feasible_interval,0,1,,,1,ETH,[],raw_by_asset_no_cross_asset_sum,f75ce083069618577269df571b2ff053df5bc369a2cf5e9006043ae96b6eddb2,QUERY_ACCEPTED
controlled-v1/repeated_entries_timed_returns/00,controlled-v1/repeated_entries_timed_returns/00,SYNTHETIC_CONTROLLED_V1,controlled,SYNTHETIC,False,FULL_INTERVAL,events,entry_second,COMPLETED,feasible_interval,0,2,,,2,ETH,[],raw_by_asset_no_cross_asset_sum,f75ce083069618577269df571b2ff053df5bc369a2cf5e9006043ae96b6eddb2,QUERY_ACCEPTED
controlled-v1/repeated_entries_timed_returns/00,controlled-v1/repeated_entries_timed_returns/00,SYNTHETIC_CONTROLLED_V1,controlled,SYNTHETIC,False,FULL_INTERVAL,events,other_target,COMPLETED,feasible_interval,0,1,,,1,ETH,[],raw_by_asset_no_cross_asset_sum,f75ce083069618577269df571b2ff053df5bc369a2cf5e9006043ae96b6eddb2,QUERY_ACCEPTED
controlled-v1/repeated_entries_timed_returns/00,controlled-v1/repeated_entries_timed_returns/00,SYNTHETIC_CONTROLLED_V1,controlled,SYNTHETIC,False,FULL_INTERVAL,joint_by_asset,ETH,COMPLETED,feasible_interval,2,2,,,5,ETH,[],raw_by_asset_no_cross_asset_sum,f75ce083069618577269df571b2ff053df5bc369a2cf5e9006043ae96b6eddb2,QUERY_ACCEPTED
controlled-v1/repeated_entries_timed_returns/00,controlled-v1/repeated_entries_timed_returns/00,SYNTHETIC_CONTROLLED_V1,controlled,SYNTHETIC,False,BOUNDED_REACHABILITY,addresses,T|ETH,COMPLETED,ADDRESS_EVENT_SET_NO_AMOUNT,,,,,4,ETH,[],raw_by_asset_no_cross_asset_sum,f75ce083069618577269df571b2ff053df5bc369a2cf5e9006043ae96b6eddb2,QUERY_ACCEPTED
controlled-v1/repeated_entries_timed_returns/00,controlled-v1/repeated_entries_timed_returns/00,SYNTHETIC_CONTROLLED_V1,controlled,SYNTHETIC,False,BOUNDED_REACHABILITY,addresses,U|ETH,COMPLETED,ADDRESS_EVENT_SET_NO_AMOUNT,,,,,1,ETH,[],raw_by_asset_no_cross_asset_sum,f75ce083069618577269df571b2ff053df5bc369a2cf5e9006043ae96b6eddb2,QUERY_ACCEPTED
controlled-v1/repeated_entries_timed_returns/00,controlled-v1/repeated_entries_timed_returns/00,SYNTHETIC_CONTROLLED_V1,controlled,SYNTHETIC,False,BOUNDED_REACHABILITY,events,before_seed,COMPLETED,ADDRESS_EVENT_SET_NO_AMOUNT,,,,,1,ETH,[],raw_by_asset_no_cross_asset_sum,f75ce083069618577269df571b2ff053df5bc369a2cf5e9006043ae96b6eddb2,QUERY_ACCEPTED
controlled-v1/repeated_entries_timed_returns/00,controlled-v1/repeated_entries_timed_returns/00,SYNTHETIC_CONTROLLED_V1,controlled,SYNTHETIC,False,BOUNDED_REACHABILITY,events,seed,COMPLETED,ADDRESS_EVENT_SET_NO_AMOUNT,,,,,2,ETH,[],raw_by_asset_no_cross_asset_sum,f75ce083069618577269df571b2ff053df5bc369a2cf5e9006043ae96b6eddb2,QUERY_ACCEPTED
controlled-v1/repeated_entries_timed_returns/00,controlled-v1/repeated_entries_timed_returns/00,SYNTHETIC_CONTROLLED_V1,controlled,SYNTHETIC,False,BOUNDED_REACHABILITY,events,entry_first,COMPLETED,ADDRESS_EVENT_SET_NO_AMOUNT,,,,,1,ETH,[],raw_by_asset_no_cross_asset_sum,f75ce083069618577269df571b2ff053df5bc369a2cf5e9006043ae96b6eddb2,QUERY_ACCEPTED
controlled-v1/repeated_entries_timed_returns/00,controlled-v1/repeated_entries_timed_returns/00,SYNTHETIC_CONTROLLED_V1,controlled,SYNTHETIC,False,BOUNDED_REACHABILITY,events,to_return_account,COMPLETED,ADDRESS_EVENT_SET_NO_AMOUNT,,,,,1,ETH,[],raw_by_asset_no_cross_asset_sum,f75ce083069618577269df571b2ff053df5bc369a2cf5e9006043ae96b6eddb2,QUERY_ACCEPTED
controlled-v1/repeated_entries_timed_returns/00,controlled-v1/repeated_entries_timed_returns/00,SYNTHETIC_CONTROLLED_V1,controlled,SYNTHETIC,False,BOUNDED_REACHABILITY,events,timed_return,COMPLETED,ADDRESS_EVENT_SET_NO_AMOUNT,,,,,1,ETH,[],raw_by_asset_no_cross_asset_sum,f75ce083069618577269df571b2ff053df5bc369a2cf5e9006043ae96b6eddb2,QUERY_ACCEPTED
controlled-v1/repeated_entries_timed_returns/00,controlled-v1/repeated_entries_timed_returns/00,SYNTHETIC_CONTROLLED_V1,controlled,SYNTHETIC,False,BOUNDED_REACHABILITY,events,entry_second,COMPLETED,ADDRESS_EVENT_SET_NO_AMOUNT,,,,,2,ETH,[],raw_by_asset_no_cross_asset_sum,f75ce083069618577269df571b2ff053df5bc369a2cf5e9006043ae96b6eddb2,QUERY_ACCEPTED
controlled-v1/repeated_entries_timed_returns/00,controlled-v1/repeated_entries_timed_returns/00,SYNTHETIC_CONTROLLED_V1,controlled,SYNTHETIC,False,BOUNDED_REACHABILITY,events,other_target,COMPLETED,ADDRESS_EVENT_SET_NO_AMOUNT,,,,,1,ETH,[],raw_by_asset_no_cross_asset_sum,f75ce083069618577269df571b2ff053df5bc369a2cf5e9006043ae96b6eddb2,QUERY_ACCEPTED
controlled-v1/repeated_entries_timed_returns/00,controlled-v1/repeated_entries_timed_returns/00,SYNTHETIC_CONTROLLED_V1,controlled,SYNTHETIC,False,BOUNDED_REACHABILITY,joint_by_asset,ETH,COMPLETED,ADDRESS_EVENT_SET_NO_AMOUNT,,,,,5,ETH,[],raw_by_asset_no_cross_asset_sum,f75ce083069618577269df571b2ff053df5bc369a2cf5e9006043ae96b6eddb2,QUERY_ACCEPTED
controlled-v1/repeated_entries_timed_returns/00,controlled-v1/repeated_entries_timed_returns/00,SYNTHETIC_CONTROLLED_V1,controlled,SYNTHETIC,False,POISON,addresses,T|ETH,COMPLETED,POISON_NOMINAL_RAW,,,,3,4,ETH,[],raw_by_asset_no_cross_asset_sum,f75ce083069618577269df571b2ff053df5bc369a2cf5e9006043ae96b6eddb2,QUERY_ACCEPTED
controlled-v1/repeated_entries_timed_returns/00,controlled-v1/repeated_entries_timed_returns/00,SYNTHETIC_CONTROLLED_V1,controlled,SYNTHETIC,False,POISON,addresses,U|ETH,COMPLETED,POISON_NOMINAL_RAW,,,,1,1,ETH,[],raw_by_asset_no_cross_asset_sum,f75ce083069618577269df571b2ff053df5bc369a2cf5e9006043ae96b6eddb2,QUERY_ACCEPTED
controlled-v1/repeated_entries_timed_returns/00,controlled-v1/repeated_entries_timed_returns/00,SYNTHETIC_CONTROLLED_V1,controlled,SYNTHETIC,False,POISON,events,before_seed,COMPLETED,POISON_NOMINAL_RAW,,,,0,1,ETH,[],raw_by_asset_no_cross_asset_sum,f75ce083069618577269df571b2ff053df5bc369a2cf5e9006043ae96b6eddb2,QUERY_ACCEPTED
controlled-v1/repeated_entries_timed_returns/00,controlled-v1/repeated_entries_timed_returns/00,SYNTHETIC_CONTROLLED_V1,controlled,SYNTHETIC,False,POISON,events,seed,COMPLETED,POISON_NOMINAL_RAW,,,,2,2,ETH,[],raw_by_asset_no_cross_asset_sum,f75ce083069618577269df571b2ff053df5bc369a2cf5e9006043ae96b6eddb2,QUERY_ACCEPTED
controlled-v1/repeated_entries_timed_returns/00,controlled-v1/repeated_entries_timed_returns/00,SYNTHETIC_CONTROLLED_V1,controlled,SYNTHETIC,False,POISON,events,entry_first,COMPLETED,POISON_NOMINAL_RAW,,,,1,1,ETH,[],raw_by_asset_no_cross_asset_sum,f75ce083069618577269df571b2ff053df5bc369a2cf5e9006043ae96b6eddb2,QUERY_ACCEPTED
controlled-v1/repeated_entries_timed_returns/00,controlled-v1/repeated_entries_timed_returns/00,SYNTHETIC_CONTROLLED_V1,controlled,SYNTHETIC,False,POISON,events,to_return_account,COMPLETED,POISON_NOMINAL_RAW,,,,1,1,ETH,[],raw_by_asset_no_cross_asset_sum,f75ce083069618577269df571b2ff053df5bc369a2cf5e9006043ae96b6eddb2,QUERY_ACCEPTED
controlled-v1/repeated_entries_timed_returns/00,controlled-v1/repeated_entries_timed_returns/00,SYNTHETIC_CONTROLLED_V1,controlled,SYNTHETIC,False,POISON,events,timed_return,COMPLETED,POISON_NOMINAL_RAW,,,,1,1,ETH,[],raw_by_asset_no_cross_asset_sum,f75ce083069618577269df571b2ff053df5bc369a2cf5e9006043ae96b6eddb2,QUERY_ACCEPTED
controlled-v1/repeated_entries_timed_returns/00,controlled-v1/repeated_entries_timed_returns/00,SYNTHETIC_CONTROLLED_V1,controlled,SYNTHETIC,False,POISON,events,entry_second,COMPLETED,POISON_NOMINAL_RAW,,,,2,2,ETH,[],raw_by_asset_no_cross_asset_sum,f75ce083069618577269df571b2ff053df5bc369a2cf5e9006043ae96b6eddb2,QUERY_ACCEPTED
controlled-v1/repeated_entries_timed_returns/00,controlled-v1/repeated_entries_timed_returns/00,SYNTHETIC_CONTROLLED_V1,controlled,SYNTHETIC,False,POISON,events,other_target,COMPLETED,POISON_NOMINAL_RAW,,,,1,1,ETH,[],raw_by_asset_no_cross_asset_sum,f75ce083069618577269df571b2ff053df5bc369a2cf5e9006043ae96b6eddb2,QUERY_ACCEPTED
controlled-v1/repeated_entries_timed_returns/00,controlled-v1/repeated_entries_timed_returns/00,SYNTHETIC_CONTROLLED_V1,controlled,SYNTHETIC,False,POISON,joint_by_asset,ETH,COMPLETED,POISON_NOMINAL_RAW,,,,4,5,ETH,[],raw_by_asset_no_cross_asset_sum,f75ce083069618577269df571b2ff053df5bc369a2cf5e9006043ae96b6eddb2,QUERY_ACCEPTED
controlled-v1/repeated_entries_timed_returns/00,controlled-v1/repeated_entries_timed_returns/00,SYNTHETIC_CONTROLLED_V1,controlled,SYNTHETIC,False,HAIRCUT,addresses,T|ETH,COMPLETED,PROPORTIONAL_FEASIBLE_POINT,,,5/3,,4,ETH,[],raw_by_asset_no_cross_asset_sum,f75ce083069618577269df571b2ff053df5bc369a2cf5e9006043ae96b6eddb2,QUERY_ACCEPTED
controlled-v1/repeated_entries_timed_returns/00,controlled-v1/repeated_entries_timed_returns/00,SYNTHETIC_CONTROLLED_V1,controlled,SYNTHETIC,False,HAIRCUT,addresses,U|ETH,COMPLETED,PROPORTIONAL_FEASIBLE_POINT,,,1/3,,1,ETH,[],raw_by_asset_no_cross_asset_sum,f75ce083069618577269df571b2ff053df5bc369a2cf5e9006043ae96b6eddb2,QUERY_ACCEPTED
controlled-v1/repeated_entries_timed_returns/00,controlled-v1/repeated_entries_timed_returns/00,SYNTHETIC_CONTROLLED_V1,controlled,SYNTHETIC,False,HAIRCUT,events,before_seed,COMPLETED,PROPORTIONAL_FEASIBLE_POINT,,,0,,1,ETH,[],raw_by_asset_no_cross_asset_sum,f75ce083069618577269df571b2ff053df5bc369a2cf5e9006043ae96b6eddb2,QUERY_ACCEPTED
controlled-v1/repeated_entries_timed_returns/00,controlled-v1/repeated_entries_timed_returns/00,SYNTHETIC_CONTROLLED_V1,controlled,SYNTHETIC,False,HAIRCUT,events,seed,COMPLETED,PROPORTIONAL_FEASIBLE_POINT,,,2,,2,ETH,[],raw_by_asset_no_cross_asset_sum,f75ce083069618577269df571b2ff053df5bc369a2cf5e9006043ae96b6eddb2,QUERY_ACCEPTED
controlled-v1/repeated_entries_timed_returns/00,controlled-v1/repeated_entries_timed_returns/00,SYNTHETIC_CONTROLLED_V1,controlled,SYNTHETIC,False,HAIRCUT,events,entry_first,COMPLETED,PROPORTIONAL_FEASIBLE_POINT,,,2/3,,1,ETH,[],raw_by_asset_no_cross_asset_sum,f75ce083069618577269df571b2ff053df5bc369a2cf5e9006043ae96b6eddb2,QUERY_ACCEPTED
controlled-v1/repeated_entries_timed_returns/00,controlled-v1/repeated_entries_timed_returns/00,SYNTHETIC_CONTROLLED_V1,controlled,SYNTHETIC,False,HAIRCUT,events,to_return_account,COMPLETED,PROPORTIONAL_FEASIBLE_POINT,,,2/3,,1,ETH,[],raw_by_asset_no_cross_asset_sum,f75ce083069618577269df571b2ff053df5bc369a2cf5e9006043ae96b6eddb2,QUERY_ACCEPTED
controlled-v1/repeated_entries_timed_returns/00,controlled-v1/repeated_entries_timed_returns/00,SYNTHETIC_CONTROLLED_V1,controlled,SYNTHETIC,False,HAIRCUT,events,timed_return,COMPLETED,PROPORTIONAL_FEASIBLE_POINT,,,1/3,,1,ETH,[],raw_by_asset_no_cross_asset_sum,f75ce083069618577269df571b2ff053df5bc369a2cf5e9006043ae96b6eddb2,QUERY_ACCEPTED
controlled-v1/repeated_entries_timed_returns/00,controlled-v1/repeated_entries_timed_returns/00,SYNTHETIC_CONTROLLED_V1,controlled,SYNTHETIC,False,HAIRCUT,events,entry_second,COMPLETED,PROPORTIONAL_FEASIBLE_POINT,,,1,,2,ETH,[],raw_by_asset_no_cross_asset_sum,f75ce083069618577269df571b2ff053df5bc369a2cf5e9006043ae96b6eddb2,QUERY_ACCEPTED
controlled-v1/repeated_entries_timed_returns/00,controlled-v1/repeated_entries_timed_returns/00,SYNTHETIC_CONTROLLED_V1,controlled,SYNTHETIC,False,HAIRCUT,events,other_target,COMPLETED,PROPORTIONAL_FEASIBLE_POINT,,,1/3,,1,ETH,[],raw_by_asset_no_cross_asset_sum,f75ce083069618577269df571b2ff053df5bc369a2cf5e9006043ae96b6eddb2,QUERY_ACCEPTED
controlled-v1/repeated_entries_timed_returns/00,controlled-v1/repeated_entries_timed_returns/00,SYNTHETIC_CONTROLLED_V1,controlled,SYNTHETIC,False,HAIRCUT,joint_by_asset,ETH,COMPLETED,PROPORTIONAL_FEASIBLE_POINT,,,2,,5,ETH,[],raw_by_asset_no_cross_asset_sum,f75ce083069618577269df571b2ff053df5bc369a2cf5e9006043ae96b6eddb2,QUERY_ACCEPTED
controlled-v1/repeated_entries_timed_returns/01,controlled-v1/repeated_entries_timed_returns/01,SYNTHETIC_CONTROLLED_V1,controlled,SYNTHETIC,False,FULL_INTERVAL,addresses,T|ETH,COMPLETED,feasible_interval,1,2,,,4,ETH,[],raw_by_asset_no_cross_asset_sum,5bfe30be16c7d5a2f4b874c77f1ddf5f141131c34b54b3ac516f3b6eda9bc0b8,QUERY_ACCEPTED
controlled-v1/repeated_entries_timed_returns/01,controlled-v1/repeated_entries_timed_returns/01,SYNTHETIC_CONTROLLED_V1,controlled,SYNTHETIC,False,FULL_INTERVAL,addresses,U|ETH,COMPLETED,feasible_interval,0,1,,,1,ETH,[],raw_by_asset_no_cross_asset_sum,5bfe30be16c7d5a2f4b874c77f1ddf5f141131c34b54b3ac516f3b6eda9bc0b8,QUERY_ACCEPTED
controlled-v1/repeated_entries_timed_returns/01,controlled-v1/repeated_entries_timed_returns/01,SYNTHETIC_CONTROLLED_V1,controlled,SYNTHETIC,False,FULL_INTERVAL,events,before_seed,COMPLETED,feasible_interval,0,0,,,1,ETH,[],raw_by_asset_no_cross_asset_sum,5bfe30be16c7d5a2f4b874c77f1ddf5f141131c34b54b3ac516f3b6eda9bc0b8,QUERY_ACCEPTED
controlled-v1/repeated_entries_timed_returns/01,controlled-v1/repeated_entries_timed_returns/01,SYNTHETIC_CONTROLLED_V1,controlled,SYNTHETIC,False,FULL_INTERVAL,events,entry_first,COMPLETED,feasible_interval,0,1,,,1,ETH,[],raw_by_asset_no_cross_asset_sum,5bfe30be16c7d5a2f4b874c77f1ddf5f141131c34b54b3ac516f3b6eda9bc0b8,QUERY_ACCEPTED
controlled-v1/repeated_entries_timed_returns/01,controlled-v1/repeated_entries_timed_returns/01,SYNTHETIC_CONTROLLED_V1,controlled,SYNTHETIC,False,FULL_INTERVAL,events,entry_second,COMPLETED,feasible_interval,0,2,,,2,ETH,[],raw_by_asset_no_cross_asset_sum,5bfe30be16c7d5a2f4b874c77f1ddf5f141131c34b54b3ac516f3b6eda9bc0b8,QUERY_ACCEPTED
controlled-v1/repeated_entries_timed_returns/01,controlled-v1/repeated_entries_timed_returns/01,SYNTHETIC_CONTROLLED_V1,controlled,SYNTHETIC,False,FULL_INTERVAL,events,other_target,COMPLETED,feasible_interval,0,1,,,1,ETH,[],raw_by_asset_no_cross_asset_sum,5bfe30be16c7d5a2f4b874c77f1ddf5f141131c34b54b3ac516f3b6eda9bc0b8,QUERY_ACCEPTED
controlled-v1/repeated_entries_timed_returns/01,controlled-v1/repeated_entries_timed_returns/01,SYNTHETIC_CONTROLLED_V1,controlled,SYNTHETIC,False,FULL_INTERVAL,joint_by_asset,ETH,COMPLETED,feasible_interval,2,2,,,5,ETH,[],raw_by_asset_no_cross_asset_sum,5bfe30be16c7d5a2f4b874c77f1ddf5f141131c34b54b3ac516f3b6eda9bc0b8,QUERY_ACCEPTED
controlled-v1/repeated_entries_timed_returns/01,controlled-v1/repeated_entries_timed_returns/01,SYNTHETIC_CONTROLLED_V1,controlled,SYNTHETIC,False,BOUNDED_REACHABILITY,addresses,T|ETH,COMPLETED,ADDRESS_EVENT_SET_NO_AMOUNT,,,,,4,ETH,[],raw_by_asset_no_cross_asset_sum,5bfe30be16c7d5a2f4b874c77f1ddf5f141131c34b54b3ac516f3b6eda9bc0b8,QUERY_ACCEPTED
controlled-v1/repeated_entries_timed_returns/01,controlled-v1/repeated_entries_timed_returns/01,SYNTHETIC_CONTROLLED_V1,controlled,SYNTHETIC,False,BOUNDED_REACHABILITY,addresses,U|ETH,COMPLETED,ADDRESS_EVENT_SET_NO_AMOUNT,,,,,1,ETH,[],raw_by_asset_no_cross_asset_sum,5bfe30be16c7d5a2f4b874c77f1ddf5f141131c34b54b3ac516f3b6eda9bc0b8,QUERY_ACCEPTED
controlled-v1/repeated_entries_timed_returns/01,controlled-v1/repeated_entries_timed_returns/01,SYNTHETIC_CONTROLLED_V1,controlled,SYNTHETIC,False,BOUNDED_REACHABILITY,events,before_seed,COMPLETED,ADDRESS_EVENT_SET_NO_AMOUNT,,,,,1,ETH,[],raw_by_asset_no_cross_asset_sum,5bfe30be16c7d5a2f4b874c77f1ddf5f141131c34b54b3ac516f3b6eda9bc0b8,QUERY_ACCEPTED
controlled-v1/repeated_entries_timed_returns/01,controlled-v1/repeated_entries_timed_returns/01,SYNTHETIC_CONTROLLED_V1,controlled,SYNTHETIC,False,BOUNDED_REACHABILITY,events,seed,COMPLETED,ADDRESS_EVENT_SET_NO_AMOUNT,,,,,2,ETH,[],raw_by_asset_no_cross_asset_sum,5bfe30be16c7d5a2f4b874c77f1ddf5f141131c34b54b3ac516f3b6eda9bc0b8,QUERY_ACCEPTED
controlled-v1/repeated_entries_timed_returns/01,controlled-v1/repeated_entries_timed_returns/01,SYNTHETIC_CONTROLLED_V1,controlled,SYNTHETIC,False,BOUNDED_REACHABILITY,events,entry_first,COMPLETED,ADDRESS_EVENT_SET_NO_AMOUNT,,,,,1,ETH,[],raw_by_asset_no_cross_asset_sum,5bfe30be16c7d5a2f4b874c77f1ddf5f141131c34b54b3ac516f3b6eda9bc0b8,QUERY_ACCEPTED
controlled-v1/repeated_entries_timed_returns/01,controlled-v1/repeated_entries_timed_returns/01,SYNTHETIC_CONTROLLED_V1,controlled,SYNTHETIC,False,BOUNDED_REACHABILITY,events,to_return_account,COMPLETED,ADDRESS_EVENT_SET_NO_AMOUNT,,,,,1,ETH,[],raw_by_asset_no_cross_asset_sum,5bfe30be16c7d5a2f4b874c77f1ddf5f141131c34b54b3ac516f3b6eda9bc0b8,QUERY_ACCEPTED
controlled-v1/repeated_entries_timed_returns/01,controlled-v1/repeated_entries_timed_returns/01,SYNTHETIC_CONTROLLED_V1,controlled,SYNTHETIC,False,BOUNDED_REACHABILITY,events,timed_return,COMPLETED,ADDRESS_EVENT_SET_NO_AMOUNT,,,,,1,ETH,[],raw_by_asset_no_cross_asset_sum,5bfe30be16c7d5a2f4b874c77f1ddf5f141131c34b54b3ac516f3b6eda9bc0b8,QUERY_ACCEPTED
controlled-v1/repeated_entries_timed_returns/01,controlled-v1/repeated_entries_timed_returns/01,SYNTHETIC_CONTROLLED_V1,controlled,SYNTHETIC,False,BOUNDED_REACHABILITY,events,entry_second,COMPLETED,ADDRESS_EVENT_SET_NO_AMOUNT,,,,,2,ETH,[],raw_by_asset_no_cross_asset_sum,5bfe30be16c7d5a2f4b874c77f1ddf5f141131c34b54b3ac516f3b6eda9bc0b8,QUERY_ACCEPTED
controlled-v1/repeated_entries_timed_returns/01,controlled-v1/repeated_entries_timed_returns/01,SYNTHETIC_CONTROLLED_V1,controlled,SYNTHETIC,False,BOUNDED_REACHABILITY,events,other_target,COMPLETED,ADDRESS_EVENT_SET_NO_AMOUNT,,,,,1,ETH,[],raw_by_asset_no_cross_asset_sum,5bfe30be16c7d5a2f4b874c77f1ddf5f141131c34b54b3ac516f3b6eda9bc0b8,QUERY_ACCEPTED
controlled-v1/repeated_entries_timed_returns/01,controlled-v1/repeated_entries_timed_returns/01,SYNTHETIC_CONTROLLED_V1,controlled,SYNTHETIC,False,BOUNDED_REACHABILITY,joint_by_asset,ETH,COMPLETED,ADDRESS_EVENT_SET_NO_AMOUNT,,,,,5,ETH,[],raw_by_asset_no_cross_asset_sum,5bfe30be16c7d5a2f4b874c77f1ddf5f141131c34b54b3ac516f3b6eda9bc0b8,QUERY_ACCEPTED
controlled-v1/repeated_entries_timed_returns/01,controlled-v1/repeated_entries_timed_returns/01,SYNTHETIC_CONTROLLED_V1,controlled,SYNTHETIC,False,POISON,addresses,T|ETH,COMPLETED,POISON_NOMINAL_RAW,,,,3,4,ETH,[],raw_by_asset_no_cross_asset_sum,5bfe30be16c7d5a2f4b874c77f1ddf5f141131c34b54b3ac516f3b6eda9bc0b8,QUERY_ACCEPTED
controlled-v1/repeated_entries_timed_returns/01,controlled-v1/repeated_entries_timed_returns/01,SYNTHETIC_CONTROLLED_V1,controlled,SYNTHETIC,False,POISON,addresses,U|ETH,COMPLETED,POISON_NOMINAL_RAW,,,,1,1,ETH,[],raw_by_asset_no_cross_asset_sum,5bfe30be16c7d5a2f4b874c77f1ddf5f141131c34b54b3ac516f3b6eda9bc0b8,QUERY_ACCEPTED
controlled-v1/repeated_entries_timed_returns/01,controlled-v1/repeated_entries_timed_returns/01,SYNTHETIC_CONTROLLED_V1,controlled,SYNTHETIC,False,POISON,events,before_seed,COMPLETED,POISON_NOMINAL_RAW,,,,0,1,ETH,[],raw_by_asset_no_cross_asset_sum,5bfe30be16c7d5a2f4b874c77f1ddf5f141131c34b54b3ac516f3b6eda9bc0b8,QUERY_ACCEPTED
controlled-v1/repeated_entries_timed_returns/01,controlled-v1/repeated_entries_timed_returns/01,SYNTHETIC_CONTROLLED_V1,controlled,SYNTHETIC,False,POISON,events,seed,COMPLETED,POISON_NOMINAL_RAW,,,,2,2,ETH,[],raw_by_asset_no_cross_asset_sum,5bfe30be16c7d5a2f4b874c77f1ddf5f141131c34b54b3ac516f3b6eda9bc0b8,QUERY_ACCEPTED
controlled-v1/repeated_entries_timed_returns/01,controlled-v1/repeated_entries_timed_returns/01,SYNTHETIC_CONTROLLED_V1,controlled,SYNTHETIC,False,POISON,events,entry_first,COMPLETED,POISON_NOMINAL_RAW,,,,1,1,ETH,[],raw_by_asset_no_cross_asset_sum,5bfe30be16c7d5a2f4b874c77f1ddf5f141131c34b54b3ac516f3b6eda9bc0b8,QUERY_ACCEPTED
controlled-v1/repeated_entries_timed_returns/01,controlled-v1/repeated_entries_timed_returns/01,SYNTHETIC_CONTROLLED_V1,controlled,SYNTHETIC,False,POISON,events,to_return_account,COMPLETED,POISON_NOMINAL_RAW,,,,1,1,ETH,[],raw_by_asset_no_cross_asset_sum,5bfe30be16c7d5a2f4b874c77f1ddf5f141131c34b54b3ac516f3b6eda9bc0b8,QUERY_ACCEPTED
controlled-v1/repeated_entries_timed_returns/01,controlled-v1/repeated_entries_timed_returns/01,SYNTHETIC_CONTROLLED_V1,controlled,SYNTHETIC,False,POISON,events,timed_return,COMPLETED,POISON_NOMINAL_RAW,,,,1,1,ETH,[],raw_by_asset_no_cross_asset_sum,5bfe30be16c7d5a2f4b874c77f1ddf5f141131c34b54b3ac516f3b6eda9bc0b8,QUERY_ACCEPTED
controlled-v1/repeated_entries_timed_returns/01,controlled-v1/repeated_entries_timed_returns/01,SYNTHETIC_CONTROLLED_V1,controlled,SYNTHETIC,False,POISON,events,entry_second,COMPLETED,POISON_NOMINAL_RAW,,,,2,2,ETH,[],raw_by_asset_no_cross_asset_sum,5bfe30be16c7d5a2f4b874c77f1ddf5f141131c34b54b3ac516f3b6eda9bc0b8,QUERY_ACCEPTED
controlled-v1/repeated_entries_timed_returns/01,controlled-v1/repeated_entries_timed_returns/01,SYNTHETIC_CONTROLLED_V1,controlled,SYNTHETIC,False,POISON,events,other_target,COMPLETED,POISON_NOMINAL_RAW,,,,1,1,ETH,[],raw_by_asset_no_cross_asset_sum,5bfe30be16c7d5a2f4b874c77f1ddf5f141131c34b54b3ac516f3b6eda9bc0b8,QUERY_ACCEPTED
controlled-v1/repeated_entries_timed_returns/01,controlled-v1/repeated_entries_timed_returns/01,SYNTHETIC_CONTROLLED_V1,controlled,SYNTHETIC,False,POISON,joint_by_asset,ETH,COMPLETED,POISON_NOMINAL_RAW,,,,4,5,ETH,[],raw_by_asset_no_cross_asset_sum,5bfe30be16c7d5a2f4b874c77f1ddf5f141131c34b54b3ac516f3b6eda9bc0b8,QUERY_ACCEPTED
controlled-v1/repeated_entries_timed_returns/01,controlled-v1/repeated_entries_timed_returns/01,SYNTHETIC_CONTROLLED_V1,controlled,SYNTHETIC,False,HAIRCUT,addresses,T|ETH,COMPLETED,PROPORTIONAL_FEASIBLE_POINT,,,5/3,,4,ETH,[],raw_by_asset_no_cross_asset_sum,5bfe30be16c7d5a2f4b874c77f1ddf5f141131c34b54b3ac516f3b6eda9bc0b8,QUERY_ACCEPTED
controlled-v1/repeated_entries_timed_returns/01,controlled-v1/repeated_entries_timed_returns/01,SYNTHETIC_CONTROLLED_V1,controlled,SYNTHETIC,False,HAIRCUT,addresses,U|ETH,COMPLETED,PROPORTIONAL_FEASIBLE_POINT,,,1/3,,1,ETH,[],raw_by_asset_no_cross_asset_sum,5bfe30be16c7d5a2f4b874c77f1ddf5f141131c34b54b3ac516f3b6eda9bc0b8,QUERY_ACCEPTED
controlled-v1/repeated_entries_timed_returns/01,controlled-v1/repeated_entries_timed_returns/01,SYNTHETIC_CONTROLLED_V1,controlled,SYNTHETIC,False,HAIRCUT,events,before_seed,COMPLETED,PROPORTIONAL_FEASIBLE_POINT,,,0,,1,ETH,[],raw_by_asset_no_cross_asset_sum,5bfe30be16c7d5a2f4b874c77f1ddf5f141131c34b54b3ac516f3b6eda9bc0b8,QUERY_ACCEPTED
controlled-v1/repeated_entries_timed_returns/01,controlled-v1/repeated_entries_timed_returns/01,SYNTHETIC_CONTROLLED_V1,controlled,SYNTHETIC,False,HAIRCUT,events,seed,COMPLETED,PROPORTIONAL_FEASIBLE_POINT,,,2,,2,ETH,[],raw_by_asset_no_cross_asset_sum,5bfe30be16c7d5a2f4b874c77f1ddf5f141131c34b54b3ac516f3b6eda9bc0b8,QUERY_ACCEPTED
controlled-v1/repeated_entries_timed_returns/01,controlled-v1/repeated_entries_timed_returns/01,SYNTHETIC_CONTROLLED_V1,controlled,SYNTHETIC,False,HAIRCUT,events,entry_first,COMPLETED,PROPORTIONAL_FEASIBLE_POINT,,,2/3,,1,ETH,[],raw_by_asset_no_cross_asset_sum,5bfe30be16c7d5a2f4b874c77f1ddf5f141131c34b54b3ac516f3b6eda9bc0b8,QUERY_ACCEPTED
controlled-v1/repeated_entries_timed_returns/01,controlled-v1/repeated_entries_timed_returns/01,SYNTHETIC_CONTROLLED_V1,controlled,SYNTHETIC,False,HAIRCUT,events,to_return_account,COMPLETED,PROPORTIONAL_FEASIBLE_POINT,,,2/3,,1,ETH,[],raw_by_asset_no_cross_asset_sum,5bfe30be16c7d5a2f4b874c77f1ddf5f141131c34b54b3ac516f3b6eda9bc0b8,QUERY_ACCEPTED
controlled-v1/repeated_entries_timed_returns/01,controlled-v1/repeated_entries_timed_returns/01,SYNTHETIC_CONTROLLED_V1,controlled,SYNTHETIC,False,HAIRCUT,events,timed_return,COMPLETED,PROPORTIONAL_FEASIBLE_POINT,,,1/3,,1,ETH,[],raw_by_asset_no_cross_asset_sum,5bfe30be16c7d5a2f4b874c77f1ddf5f141131c34b54b3ac516f3b6eda9bc0b8,QUERY_ACCEPTED
controlled-v1/repeated_entries_timed_returns/01,controlled-v1/repeated_entries_timed_returns/01,SYNTHETIC_CONTROLLED_V1,controlled,SYNTHETIC,False,HAIRCUT,events,entry_second,COMPLETED,PROPORTIONAL_FEASIBLE_POINT,,,1,,2,ETH,[],raw_by_asset_no_cross_asset_sum,5bfe30be16c7d5a2f4b874c77f1ddf5f141131c34b54b3ac516f3b6eda9bc0b8,QUERY_ACCEPTED
controlled-v1/repeated_entries_timed_returns/01,controlled-v1/repeated_entries_timed_returns/01,SYNTHETIC_CONTROLLED_V1,controlled,SYNTHETIC,False,HAIRCUT,events,other_target,COMPLETED,PROPORTIONAL_FEASIBLE_POINT,,,1/3,,1,ETH,[],raw_by_asset_no_cross_asset_sum,5bfe30be16c7d5a2f4b874c77f1ddf5f141131c34b54b3ac516f3b6eda9bc0b8,QUERY_ACCEPTED
controlled-v1/repeated_entries_timed_returns/01,controlled-v1/repeated_entries_timed_returns/01,SYNTHETIC_CONTROLLED_V1,controlled,SYNTHETIC,False,HAIRCUT,joint_by_asset,ETH,COMPLETED,PROPORTIONAL_FEASIBLE_POINT,,,2,,5,ETH,[],raw_by_asset_no_cross_asset_sum,5bfe30be16c7d5a2f4b874c77f1ddf5f141131c34b54b3ac516f3b6eda9bc0b8,QUERY_ACCEPTED
controlled-v1/repeated_entries_timed_returns/01,controlled-v1/repeated_entries_timed_returns/01,SYNTHETIC_CONTROLLED_V1,controlled,SYNTHETIC,False,NO_CROSS_TARGET_COUPLING,addresses,T|ETH,COMPLETED,product_of_target_specific_copies,1,2,,,4,ETH,[],raw_by_asset_no_cross_asset_sum,5bfe30be16c7d5a2f4b874c77f1ddf5f141131c34b54b3ac516f3b6eda9bc0b8,QUERY_ACCEPTED
controlled-v1/repeated_entries_timed_returns/01,controlled-v1/repeated_entries_timed_returns/01,SYNTHETIC_CONTROLLED_V1,controlled,SYNTHETIC,False,NO_CROSS_TARGET_COUPLING,addresses,U|ETH,COMPLETED,product_of_target_specific_copies,0,1,,,1,ETH,[],raw_by_asset_no_cross_asset_sum,5bfe30be16c7d5a2f4b874c77f1ddf5f141131c34b54b3ac516f3b6eda9bc0b8,QUERY_ACCEPTED
controlled-v1/repeated_entries_timed_returns/01,controlled-v1/repeated_entries_timed_returns/01,SYNTHETIC_CONTROLLED_V1,controlled,SYNTHETIC,False,NO_CROSS_TARGET_COUPLING,events,before_seed,COMPLETED,product_of_target_specific_copies,0,0,,,1,ETH,[],raw_by_asset_no_cross_asset_sum,5bfe30be16c7d5a2f4b874c77f1ddf5f141131c34b54b3ac516f3b6eda9bc0b8,QUERY_ACCEPTED
controlled-v1/repeated_entries_timed_returns/01,controlled-v1/repeated_entries_timed_returns/01,SYNTHETIC_CONTROLLED_V1,controlled,SYNTHETIC,False,NO_CROSS_TARGET_COUPLING,events,entry_first,COMPLETED,product_of_target_specific_copies,0,1,,,1,ETH,[],raw_by_asset_no_cross_asset_sum,5bfe30be16c7d5a2f4b874c77f1ddf5f141131c34b54b3ac516f3b6eda9bc0b8,QUERY_ACCEPTED
controlled-v1/repeated_entries_timed_returns/01,controlled-v1/repeated_entries_timed_returns/01,SYNTHETIC_CONTROLLED_V1,controlled,SYNTHETIC,False,NO_CROSS_TARGET_COUPLING,events,entry_second,COMPLETED,product_of_target_specific_copies,0,2,,,2,ETH,[],raw_by_asset_no_cross_asset_sum,5bfe30be16c7d5a2f4b874c77f1ddf5f141131c34b54b3ac516f3b6eda9bc0b8,QUERY_ACCEPTED
controlled-v1/repeated_entries_timed_returns/01,controlled-v1/repeated_entries_timed_returns/01,SYNTHETIC_CONTROLLED_V1,controlled,SYNTHETIC,False,NO_CROSS_TARGET_COUPLING,events,other_target,COMPLETED,product_of_target_specific_copies,0,1,,,1,ETH,[],raw_by_asset_no_cross_asset_sum,5bfe30be16c7d5a2f4b874c77f1ddf5f141131c34b54b3ac516f3b6eda9bc0b8,QUERY_ACCEPTED
controlled-v1/repeated_entries_timed_returns/01,controlled-v1/repeated_entries_timed_returns/01,SYNTHETIC_CONTROLLED_V1,controlled,SYNTHETIC,False,NO_CROSS_TARGET_COUPLING,joint_by_asset,ETH,COMPLETED,product_of_target_specific_copies,1,3,,,5,ETH,[],raw_by_asset_no_cross_asset_sum,5bfe30be16c7d5a2f4b874c77f1ddf5f141131c34b54b3ac516f3b6eda9bc0b8,QUERY_ACCEPTED
controlled-v1/repeated_entries_timed_returns/01,controlled-v1/repeated_entries_timed_returns/01,SYNTHETIC_CONTROLLED_V1,controlled,SYNTHETIC,False,NO_PROTOCOL_CONTINUATION,addresses,T|ETH,COMPLETED,feasible_interval,1,2,,,4,ETH,[],raw_by_asset_no_cross_asset_sum,5bfe30be16c7d5a2f4b874c77f1ddf5f141131c34b54b3ac516f3b6eda9bc0b8,QUERY_ACCEPTED
controlled-v1/repeated_entries_timed_returns/01,controlled-v1/repeated_entries_timed_returns/01,SYNTHETIC_CONTROLLED_V1,controlled,SYNTHETIC,False,NO_PROTOCOL_CONTINUATION,addresses,U|ETH,COMPLETED,feasible_interval,0,1,,,1,ETH,[],raw_by_asset_no_cross_asset_sum,5bfe30be16c7d5a2f4b874c77f1ddf5f141131c34b54b3ac516f3b6eda9bc0b8,QUERY_ACCEPTED
controlled-v1/repeated_entries_timed_returns/01,controlled-v1/repeated_entries_timed_returns/01,SYNTHETIC_CONTROLLED_V1,controlled,SYNTHETIC,False,NO_PROTOCOL_CONTINUATION,events,before_seed,COMPLETED,feasible_interval,0,0,,,1,ETH,[],raw_by_asset_no_cross_asset_sum,5bfe30be16c7d5a2f4b874c77f1ddf5f141131c34b54b3ac516f3b6eda9bc0b8,QUERY_ACCEPTED
controlled-v1/repeated_entries_timed_returns/01,controlled-v1/repeated_entries_timed_returns/01,SYNTHETIC_CONTROLLED_V1,controlled,SYNTHETIC,False,NO_PROTOCOL_CONTINUATION,events,entry_first,COMPLETED,feasible_interval,0,1,,,1,ETH,[],raw_by_asset_no_cross_asset_sum,5bfe30be16c7d5a2f4b874c77f1ddf5f141131c34b54b3ac516f3b6eda9bc0b8,QUERY_ACCEPTED
controlled-v1/repeated_entries_timed_returns/01,controlled-v1/repeated_entries_timed_returns/01,SYNTHETIC_CONTROLLED_V1,controlled,SYNTHETIC,False,NO_PROTOCOL_CONTINUATION,events,entry_second,COMPLETED,feasible_interval,0,2,,,2,ETH,[],raw_by_asset_no_cross_asset_sum,5bfe30be16c7d5a2f4b874c77f1ddf5f141131c34b54b3ac516f3b6eda9bc0b8,QUERY_ACCEPTED
controlled-v1/repeated_entries_timed_returns/01,controlled-v1/repeated_entries_timed_returns/01,SYNTHETIC_CONTROLLED_V1,controlled,SYNTHETIC,False,NO_PROTOCOL_CONTINUATION,events,other_target,COMPLETED,feasible_interval,0,1,,,1,ETH,[],raw_by_asset_no_cross_asset_sum,5bfe30be16c7d5a2f4b874c77f1ddf5f141131c34b54b3ac516f3b6eda9bc0b8,QUERY_ACCEPTED
controlled-v1/repeated_entries_timed_returns/01,controlled-v1/repeated_entries_timed_returns/01,SYNTHETIC_CONTROLLED_V1,controlled,SYNTHETIC,False,NO_PROTOCOL_CONTINUATION,joint_by_asset,ETH,COMPLETED,feasible_interval,2,2,,,5,ETH,[],raw_by_asset_no_cross_asset_sum,5bfe30be16c7d5a2f4b874c77f1ddf5f141131c34b54b3ac516f3b6eda9bc0b8,QUERY_ACCEPTED
controlled-v1/repeated_entries_timed_returns/01,controlled-v1/repeated_entries_timed_returns/01,SYNTHETIC_CONTROLLED_V1,controlled,SYNTHETIC,False,BALANCE_INFORMATION_REMOVED,addresses,T|ETH,COMPLETED,feasible_interval,0,2,,,4,ETH,[],raw_by_asset_no_cross_asset_sum,5bfe30be16c7d5a2f4b874c77f1ddf5f141131c34b54b3ac516f3b6eda9bc0b8,QUERY_ACCEPTED
controlled-v1/repeated_entries_timed_returns/01,controlled-v1/repeated_entries_timed_returns/01,SYNTHETIC_CONTROLLED_V1,controlled,SYNTHETIC,False,BALANCE_INFORMATION_REMOVED,addresses,U|ETH,COMPLETED,feasible_interval,0,1,,,1,ETH,[],raw_by_asset_no_cross_asset_sum,5bfe30be16c7d5a2f4b874c77f1ddf5f141131c34b54b3ac516f3b6eda9bc0b8,QUERY_ACCEPTED
controlled-v1/repeated_entries_timed_returns/01,controlled-v1/repeated_entries_timed_returns/01,SYNTHETIC_CONTROLLED_V1,controlled,SYNTHETIC,False,BALANCE_INFORMATION_REMOVED,events,before_seed,COMPLETED,feasible_interval,0,0,,,1,ETH,[],raw_by_asset_no_cross_asset_sum,5bfe30be16c7d5a2f4b874c77f1ddf5f141131c34b54b3ac516f3b6eda9bc0b8,QUERY_ACCEPTED
controlled-v1/repeated_entries_timed_returns/01,controlled-v1/repeated_entries_timed_returns/01,SYNTHETIC_CONTROLLED_V1,controlled,SYNTHETIC,False,BALANCE_INFORMATION_REMOVED,events,entry_first,COMPLETED,feasible_interval,0,1,,,1,ETH,[],raw_by_asset_no_cross_asset_sum,5bfe30be16c7d5a2f4b874c77f1ddf5f141131c34b54b3ac516f3b6eda9bc0b8,QUERY_ACCEPTED
controlled-v1/repeated_entries_timed_returns/01,controlled-v1/repeated_entries_timed_returns/01,SYNTHETIC_CONTROLLED_V1,controlled,SYNTHETIC,False,BALANCE_INFORMATION_REMOVED,events,entry_second,COMPLETED,feasible_interval,0,2,,,2,ETH,[],raw_by_asset_no_cross_asset_sum,5bfe30be16c7d5a2f4b874c77f1ddf5f141131c34b54b3ac516f3b6eda9bc0b8,QUERY_ACCEPTED
controlled-v1/repeated_entries_timed_returns/01,controlled-v1/repeated_entries_timed_returns/01,SYNTHETIC_CONTROLLED_V1,controlled,SYNTHETIC,False,BALANCE_INFORMATION_REMOVED,events,other_target,COMPLETED,feasible_interval,0,1,,,1,ETH,[],raw_by_asset_no_cross_asset_sum,5bfe30be16c7d5a2f4b874c77f1ddf5f141131c34b54b3ac516f3b6eda9bc0b8,QUERY_ACCEPTED
controlled-v1/repeated_entries_timed_returns/01,controlled-v1/repeated_entries_timed_returns/01,SYNTHETIC_CONTROLLED_V1,controlled,SYNTHETIC,False,BALANCE_INFORMATION_REMOVED,joint_by_asset,ETH,COMPLETED,feasible_interval,0,2,,,5,ETH,[],raw_by_asset_no_cross_asset_sum,5bfe30be16c7d5a2f4b874c77f1ddf5f141131c34b54b3ac516f3b6eda9bc0b8,QUERY_ACCEPTED
controlled-v1/repeated_entries_timed_returns/02,controlled-v1/repeated_entries_timed_returns/02,SYNTHETIC_CONTROLLED_V1,controlled,SYNTHETIC,False,FULL_INTERVAL,addresses,T|ETH,COMPLETED,feasible_interval,4,5,,,7,ETH,[],raw_by_asset_no_cross_asset_sum,dc807430520274e7299c7b9b3eba92d44d0409ca2f8023832d4f9ea013b18700,QUERY_ACCEPTED
controlled-v1/repeated_entries_timed_returns/02,controlled-v1/repeated_entries_timed_returns/02,SYNTHETIC_CONTROLLED_V1,controlled,SYNTHETIC,False,FULL_INTERVAL,addresses,U|ETH,COMPLETED,feasible_interval,0,1,,,1,ETH,[],raw_by_asset_no_cross_asset_sum,dc807430520274e7299c7b9b3eba92d44d0409ca2f8023832d4f9ea013b18700,QUERY_ACCEPTED
controlled-v1/repeated_entries_timed_returns/02,controlled-v1/repeated_entries_timed_returns/02,SYNTHETIC_CONTROLLED_V1,controlled,SYNTHETIC,False,FULL_INTERVAL,events,before_seed,COMPLETED,feasible_interval,0,0,,,1,ETH,[],raw_by_asset_no_cross_asset_sum,dc807430520274e7299c7b9b3eba92d44d0409ca2f8023832d4f9ea013b18700,QUERY_ACCEPTED
controlled-v1/repeated_entries_timed_returns/02,controlled-v1/repeated_entries_timed_returns/02,SYNTHETIC_CONTROLLED_V1,controlled,SYNTHETIC,False,FULL_INTERVAL,events,entry_first,COMPLETED,feasible_interval,0,1,,,1,ETH,[],raw_by_asset_no_cross_asset_sum,dc807430520274e7299c7b9b3eba92d44d0409ca2f8023832d4f9ea013b18700,QUERY_ACCEPTED
controlled-v1/repeated_entries_timed_returns/02,controlled-v1/repeated_entries_timed_returns/02,SYNTHETIC_CONTROLLED_V1,controlled,SYNTHETIC,False,FULL_INTERVAL,events,entry_second,COMPLETED,feasible_interval,3,5,,,5,ETH,[],raw_by_asset_no_cross_asset_sum,dc807430520274e7299c7b9b3eba92d44d0409ca2f8023832d4f9ea013b18700,QUERY_ACCEPTED
controlled-v1/repeated_entries_timed_returns/02,controlled-v1/repeated_entries_timed_returns/02,SYNTHETIC_CONTROLLED_V1,controlled,SYNTHETIC,False,FULL_INTERVAL,events,other_target,COMPLETED,feasible_interval,0,1,,,1,ETH,[],raw_by_asset_no_cross_asset_sum,dc807430520274e7299c7b9b3eba92d44d0409ca2f8023832d4f9ea013b18700,QUERY_ACCEPTED
controlled-v1/repeated_entries_timed_returns/02,controlled-v1/repeated_entries_timed_returns/02,SYNTHETIC_CONTROLLED_V1,controlled,SYNTHETIC,False,FULL_INTERVAL,joint_by_asset,ETH,COMPLETED,feasible_interval,5,5,,,8,ETH,[],raw_by_asset_no_cross_asset_sum,dc807430520274e7299c7b9b3eba92d44d0409ca2f8023832d4f9ea013b18700,QUERY_ACCEPTED
controlled-v1/repeated_entries_timed_returns/02,controlled-v1/repeated_entries_timed_returns/02,SYNTHETIC_CONTROLLED_V1,controlled,SYNTHETIC,False,BOUNDED_REACHABILITY,addresses,T|ETH,COMPLETED,ADDRESS_EVENT_SET_NO_AMOUNT,,,,,7,ETH,[],raw_by_asset_no_cross_asset_sum,dc807430520274e7299c7b9b3eba92d44d0409ca2f8023832d4f9ea013b18700,QUERY_ACCEPTED
controlled-v1/repeated_entries_timed_returns/02,controlled-v1/repeated_entries_timed_returns/02,SYNTHETIC_CONTROLLED_V1,controlled,SYNTHETIC,False,BOUNDED_REACHABILITY,addresses,U|ETH,COMPLETED,ADDRESS_EVENT_SET_NO_AMOUNT,,,,,1,ETH,[],raw_by_asset_no_cross_asset_sum,dc807430520274e7299c7b9b3eba92d44d0409ca2f8023832d4f9ea013b18700,QUERY_ACCEPTED
controlled-v1/repeated_entries_timed_returns/02,controlled-v1/repeated_entries_timed_returns/02,SYNTHETIC_CONTROLLED_V1,controlled,SYNTHETIC,False,BOUNDED_REACHABILITY,events,before_seed,COMPLETED,ADDRESS_EVENT_SET_NO_AMOUNT,,,,,1,ETH,[],raw_by_asset_no_cross_asset_sum,dc807430520274e7299c7b9b3eba92d44d0409ca2f8023832d4f9ea013b18700,QUERY_ACCEPTED
controlled-v1/repeated_entries_timed_returns/02,controlled-v1/repeated_entries_timed_returns/02,SYNTHETIC_CONTROLLED_V1,controlled,SYNTHETIC,False,BOUNDED_REACHABILITY,events,seed,COMPLETED,ADDRESS_EVENT_SET_NO_AMOUNT,,,,,5,ETH,[],raw_by_asset_no_cross_asset_sum,dc807430520274e7299c7b9b3eba92d44d0409ca2f8023832d4f9ea013b18700,QUERY_ACCEPTED
controlled-v1/repeated_entries_timed_returns/02,controlled-v1/repeated_entries_timed_returns/02,SYNTHETIC_CONTROLLED_V1,controlled,SYNTHETIC,False,BOUNDED_REACHABILITY,events,entry_first,COMPLETED,ADDRESS_EVENT_SET_NO_AMOUNT,,,,,1,ETH,[],raw_by_asset_no_cross_asset_sum,dc807430520274e7299c7b9b3eba92d44d0409ca2f8023832d4f9ea013b18700,QUERY_ACCEPTED
controlled-v1/repeated_entries_timed_returns/02,controlled-v1/repeated_entries_timed_returns/02,SYNTHETIC_CONTROLLED_V1,controlled,SYNTHETIC,False,BOUNDED_REACHABILITY,events,to_return_account,COMPLETED,ADDRESS_EVENT_SET_NO_AMOUNT,,,,,4,ETH,[],raw_by_asset_no_cross_asset_sum,dc807430520274e7299c7b9b3eba92d44d0409ca2f8023832d4f9ea013b18700,QUERY_ACCEPTED
controlled-v1/repeated_entries_timed_returns/02,controlled-v1/repeated_entries_timed_returns/02,SYNTHETIC_CONTROLLED_V1,controlled,SYNTHETIC,False,BOUNDED_REACHABILITY,events,timed_return,COMPLETED,ADDRESS_EVENT_SET_NO_AMOUNT,,,,,4,ETH,[],raw_by_asset_no_cross_asset_sum,dc807430520274e7299c7b9b3eba92d44d0409ca2f8023832d4f9ea013b18700,QUERY_ACCEPTED
controlled-v1/repeated_entries_timed_returns/02,controlled-v1/repeated_entries_timed_returns/02,SYNTHETIC_CONTROLLED_V1,controlled,SYNTHETIC,False,BOUNDED_REACHABILITY,events,entry_second,COMPLETED,ADDRESS_EVENT_SET_NO_AMOUNT,,,,,5,ETH,[],raw_by_asset_no_cross_asset_sum,dc807430520274e7299c7b9b3eba92d44d0409ca2f8023832d4f9ea013b18700,QUERY_ACCEPTED
controlled-v1/repeated_entries_timed_returns/02,controlled-v1/repeated_entries_timed_returns/02,SYNTHETIC_CONTROLLED_V1,controlled,SYNTHETIC,False,BOUNDED_REACHABILITY,events,other_target,COMPLETED,ADDRESS_EVENT_SET_NO_AMOUNT,,,,,1,ETH,[],raw_by_asset_no_cross_asset_sum,dc807430520274e7299c7b9b3eba92d44d0409ca2f8023832d4f9ea013b18700,QUERY_ACCEPTED
controlled-v1/repeated_entries_timed_returns/02,controlled-v1/repeated_entries_timed_returns/02,SYNTHETIC_CONTROLLED_V1,controlled,SYNTHETIC,False,BOUNDED_REACHABILITY,joint_by_asset,ETH,COMPLETED,ADDRESS_EVENT_SET_NO_AMOUNT,,,,,8,ETH,[],raw_by_asset_no_cross_asset_sum,dc807430520274e7299c7b9b3eba92d44d0409ca2f8023832d4f9ea013b18700,QUERY_ACCEPTED
controlled-v1/repeated_entries_timed_returns/02,controlled-v1/repeated_entries_timed_returns/02,SYNTHETIC_CONTROLLED_V1,controlled,SYNTHETIC,False,POISON,addresses,T|ETH,COMPLETED,POISON_NOMINAL_RAW,,,,6,7,ETH,[],raw_by_asset_no_cross_asset_sum,dc807430520274e7299c7b9b3eba92d44d0409ca2f8023832d4f9ea013b18700,QUERY_ACCEPTED
controlled-v1/repeated_entries_timed_returns/02,controlled-v1/repeated_entries_timed_returns/02,SYNTHETIC_CONTROLLED_V1,controlled,SYNTHETIC,False,POISON,addresses,U|ETH,COMPLETED,POISON_NOMINAL_RAW,,,,1,1,ETH,[],raw_by_asset_no_cross_asset_sum,dc807430520274e7299c7b9b3eba92d44d0409ca2f8023832d4f9ea013b18700,QUERY_ACCEPTED
controlled-v1/repeated_entries_timed_returns/02,controlled-v1/repeated_entries_timed_returns/02,SYNTHETIC_CONTROLLED_V1,controlled,SYNTHETIC,False,POISON,events,before_seed,COMPLETED,POISON_NOMINAL_RAW,,,,0,1,ETH,[],raw_by_asset_no_cross_asset_sum,dc807430520274e7299c7b9b3eba92d44d0409ca2f8023832d4f9ea013b18700,QUERY_ACCEPTED
controlled-v1/repeated_entries_timed_returns/02,controlled-v1/repeated_entries_timed_returns/02,SYNTHETIC_CONTROLLED_V1,controlled,SYNTHETIC,False,POISON,events,seed,COMPLETED,POISON_NOMINAL_RAW,,,,5,5,ETH,[],raw_by_asset_no_cross_asset_sum,dc807430520274e7299c7b9b3eba92d44d0409ca2f8023832d4f9ea013b18700,QUERY_ACCEPTED
controlled-v1/repeated_entries_timed_returns/02,controlled-v1/repeated_entries_timed_returns/02,SYNTHETIC_CONTROLLED_V1,controlled,SYNTHETIC,False,POISON,events,entry_first,COMPLETED,POISON_NOMINAL_RAW,,,,1,1,ETH,[],raw_by_asset_no_cross_asset_sum,dc807430520274e7299c7b9b3eba92d44d0409ca2f8023832d4f9ea013b18700,QUERY_ACCEPTED
controlled-v1/repeated_entries_timed_returns/02,controlled-v1/repeated_entries_timed_returns/02,SYNTHETIC_CONTROLLED_V1,controlled,SYNTHETIC,False,POISON,events,to_return_account,COMPLETED,POISON_NOMINAL_RAW,,,,4,4,ETH,[],raw_by_asset_no_cross_asset_sum,dc807430520274e7299c7b9b3eba92d44d0409ca2f8023832d4f9ea013b18700,QUERY_ACCEPTED
controlled-v1/repeated_entries_timed_returns/02,controlled-v1/repeated_entries_timed_returns/02,SYNTHETIC_CONTROLLED_V1,controlled,SYNTHETIC,False,POISON,events,timed_return,COMPLETED,POISON_NOMINAL_RAW,,,,4,4,ETH,[],raw_by_asset_no_cross_asset_sum,dc807430520274e7299c7b9b3eba92d44d0409ca2f8023832d4f9ea013b18700,QUERY_ACCEPTED
controlled-v1/repeated_entries_timed_returns/02,controlled-v1/repeated_entries_timed_returns/02,SYNTHETIC_CONTROLLED_V1,controlled,SYNTHETIC,False,POISON,events,entry_second,COMPLETED,POISON_NOMINAL_RAW,,,,5,5,ETH,[],raw_by_asset_no_cross_asset_sum,dc807430520274e7299c7b9b3eba92d44d0409ca2f8023832d4f9ea013b18700,QUERY_ACCEPTED
controlled-v1/repeated_entries_timed_returns/02,controlled-v1/repeated_entries_timed_returns/02,SYNTHETIC_CONTROLLED_V1,controlled,SYNTHETIC,False,POISON,events,other_target,COMPLETED,POISON_NOMINAL_RAW,,,,1,1,ETH,[],raw_by_asset_no_cross_asset_sum,dc807430520274e7299c7b9b3eba92d44d0409ca2f8023832d4f9ea013b18700,QUERY_ACCEPTED
controlled-v1/repeated_entries_timed_returns/02,controlled-v1/repeated_entries_timed_returns/02,SYNTHETIC_CONTROLLED_V1,controlled,SYNTHETIC,False,POISON,joint_by_asset,ETH,COMPLETED,POISON_NOMINAL_RAW,,,,7,8,ETH,[],raw_by_asset_no_cross_asset_sum,dc807430520274e7299c7b9b3eba92d44d0409ca2f8023832d4f9ea013b18700,QUERY_ACCEPTED
controlled-v1/repeated_entries_timed_returns/02,controlled-v1/repeated_entries_timed_returns/02,SYNTHETIC_CONTROLLED_V1,controlled,SYNTHETIC,False,HAIRCUT,addresses,T|ETH,COMPLETED,PROPORTIONAL_FEASIBLE_POINT,,,13/3,,7,ETH,[],raw_by_asset_no_cross_asset_sum,dc807430520274e7299c7b9b3eba92d44d0409ca2f8023832d4f9ea013b18700,QUERY_ACCEPTED
controlled-v1/repeated_entries_timed_returns/02,controlled-v1/repeated_entries_timed_returns/02,SYNTHETIC_CONTROLLED_V1,controlled,SYNTHETIC,False,HAIRCUT,addresses,U|ETH,COMPLETED,PROPORTIONAL_FEASIBLE_POINT,,,2/3,,1,ETH,[],raw_by_asset_no_cross_asset_sum,dc807430520274e7299c7b9b3eba92d44d0409ca2f8023832d4f9ea013b18700,QUERY_ACCEPTED
controlled-v1/repeated_entries_timed_returns/02,controlled-v1/repeated_entries_timed_returns/02,SYNTHETIC_CONTROLLED_V1,controlled,SYNTHETIC,False,HAIRCUT,events,before_seed,COMPLETED,PROPORTIONAL_FEASIBLE_POINT,,,0,,1,ETH,[],raw_by_asset_no_cross_asset_sum,dc807430520274e7299c7b9b3eba92d44d0409ca2f8023832d4f9ea013b18700,QUERY_ACCEPTED
controlled-v1/repeated_entries_timed_returns/02,controlled-v1/repeated_entries_timed_returns/02,SYNTHETIC_CONTROLLED_V1,controlled,SYNTHETIC,False,HAIRCUT,events,seed,COMPLETED,PROPORTIONAL_FEASIBLE_POINT,,,5,,5,ETH,[],raw_by_asset_no_cross_asset_sum,dc807430520274e7299c7b9b3eba92d44d0409ca2f8023832d4f9ea013b18700,QUERY_ACCEPTED
controlled-v1/repeated_entries_timed_returns/02,controlled-v1/repeated_entries_timed_returns/02,SYNTHETIC_CONTROLLED_V1,controlled,SYNTHETIC,False,HAIRCUT,events,entry_first,COMPLETED,PROPORTIONAL_FEASIBLE_POINT,,,5/6,,1,ETH,[],raw_by_asset_no_cross_asset_sum,dc807430520274e7299c7b9b3eba92d44d0409ca2f8023832d4f9ea013b18700,QUERY_ACCEPTED
controlled-v1/repeated_entries_timed_returns/02,controlled-v1/repeated_entries_timed_returns/02,SYNTHETIC_CONTROLLED_V1,controlled,SYNTHETIC,False,HAIRCUT,events,to_return_account,COMPLETED,PROPORTIONAL_FEASIBLE_POINT,,,10/3,,4,ETH,[],raw_by_asset_no_cross_asset_sum,dc807430520274e7299c7b9b3eba92d44d0409ca2f8023832d4f9ea013b18700,QUERY_ACCEPTED
controlled-v1/repeated_entries_timed_returns/02,controlled-v1/repeated_entries_timed_returns/02,SYNTHETIC_CONTROLLED_V1,controlled,SYNTHETIC,False,HAIRCUT,events,timed_return,COMPLETED,PROPORTIONAL_FEASIBLE_POINT,,,8/3,,4,ETH,[],raw_by_asset_no_cross_asset_sum,dc807430520274e7299c7b9b3eba92d44d0409ca2f8023832d4f9ea013b18700,QUERY_ACCEPTED
controlled-v1/repeated_entries_timed_returns/02,controlled-v1/repeated_entries_timed_returns/02,SYNTHETIC_CONTROLLED_V1,controlled,SYNTHETIC,False,HAIRCUT,events,entry_second,COMPLETED,PROPORTIONAL_FEASIBLE_POINT,,,7/2,,5,ETH,[],raw_by_asset_no_cross_asset_sum,dc807430520274e7299c7b9b3eba92d44d0409ca2f8023832d4f9ea013b18700,QUERY_ACCEPTED
controlled-v1/repeated_entries_timed_returns/02,controlled-v1/repeated_entries_timed_returns/02,SYNTHETIC_CONTROLLED_V1,controlled,SYNTHETIC,False,HAIRCUT,events,other_target,COMPLETED,PROPORTIONAL_FEASIBLE_POINT,,,2/3,,1,ETH,[],raw_by_asset_no_cross_asset_sum,dc807430520274e7299c7b9b3eba92d44d0409ca2f8023832d4f9ea013b18700,QUERY_ACCEPTED
controlled-v1/repeated_entries_timed_returns/02,controlled-v1/repeated_entries_timed_returns/02,SYNTHETIC_CONTROLLED_V1,controlled,SYNTHETIC,False,HAIRCUT,joint_by_asset,ETH,COMPLETED,PROPORTIONAL_FEASIBLE_POINT,,,5,,8,ETH,[],raw_by_asset_no_cross_asset_sum,dc807430520274e7299c7b9b3eba92d44d0409ca2f8023832d4f9ea013b18700,QUERY_ACCEPTED
controlled-v1/repeated_entries_timed_returns/02,controlled-v1/repeated_entries_timed_returns/02,SYNTHETIC_CONTROLLED_V1,controlled,SYNTHETIC,False,NO_CROSS_TARGET_COUPLING,addresses,T|ETH,COMPLETED,product_of_target_specific_copies,4,5,,,7,ETH,[],raw_by_asset_no_cross_asset_sum,dc807430520274e7299c7b9b3eba92d44d0409ca2f8023832d4f9ea013b18700,QUERY_ACCEPTED
controlled-v1/repeated_entries_timed_returns/02,controlled-v1/repeated_entries_timed_returns/02,SYNTHETIC_CONTROLLED_V1,controlled,SYNTHETIC,False,NO_CROSS_TARGET_COUPLING,addresses,U|ETH,COMPLETED,product_of_target_specific_copies,0,1,,,1,ETH,[],raw_by_asset_no_cross_asset_sum,dc807430520274e7299c7b9b3eba92d44d0409ca2f8023832d4f9ea013b18700,QUERY_ACCEPTED
controlled-v1/repeated_entries_timed_returns/02,controlled-v1/repeated_entries_timed_returns/02,SYNTHETIC_CONTROLLED_V1,controlled,SYNTHETIC,False,NO_CROSS_TARGET_COUPLING,events,before_seed,COMPLETED,product_of_target_specific_copies,0,0,,,1,ETH,[],raw_by_asset_no_cross_asset_sum,dc807430520274e7299c7b9b3eba92d44d0409ca2f8023832d4f9ea013b18700,QUERY_ACCEPTED
controlled-v1/repeated_entries_timed_returns/02,controlled-v1/repeated_entries_timed_returns/02,SYNTHETIC_CONTROLLED_V1,controlled,SYNTHETIC,False,NO_CROSS_TARGET_COUPLING,events,entry_first,COMPLETED,product_of_target_specific_copies,0,1,,,1,ETH,[],raw_by_asset_no_cross_asset_sum,dc807430520274e7299c7b9b3eba92d44d0409ca2f8023832d4f9ea013b18700,QUERY_ACCEPTED
controlled-v1/repeated_entries_timed_returns/02,controlled-v1/repeated_entries_timed_returns/02,SYNTHETIC_CONTROLLED_V1,controlled,SYNTHETIC,False,NO_CROSS_TARGET_COUPLING,events,entry_second,COMPLETED,product_of_target_specific_copies,3,5,,,5,ETH,[],raw_by_asset_no_cross_asset_sum,dc807430520274e7299c7b9b3eba92d44d0409ca2f8023832d4f9ea013b18700,QUERY_ACCEPTED
controlled-v1/repeated_entries_timed_returns/02,controlled-v1/repeated_entries_timed_returns/02,SYNTHETIC_CONTROLLED_V1,controlled,SYNTHETIC,False,NO_CROSS_TARGET_COUPLING,events,other_target,COMPLETED,product_of_target_specific_copies,0,1,,,1,ETH,[],raw_by_asset_no_cross_asset_sum,dc807430520274e7299c7b9b3eba92d44d0409ca2f8023832d4f9ea013b18700,QUERY_ACCEPTED
controlled-v1/repeated_entries_timed_returns/02,controlled-v1/repeated_entries_timed_returns/02,SYNTHETIC_CONTROLLED_V1,controlled,SYNTHETIC,False,NO_CROSS_TARGET_COUPLING,joint_by_asset,ETH,COMPLETED,product_of_target_specific_copies,4,6,,,8,ETH,[],raw_by_asset_no_cross_asset_sum,dc807430520274e7299c7b9b3eba92d44d0409ca2f8023832d4f9ea013b18700,QUERY_ACCEPTED
controlled-v1/repeated_entries_timed_returns/02,controlled-v1/repeated_entries_timed_returns/02,SYNTHETIC_CONTROLLED_V1,controlled,SYNTHETIC,False,NO_PROTOCOL_CONTINUATION,addresses,T|ETH,COMPLETED,feasible_interval,4,5,,,7,ETH,[],raw_by_asset_no_cross_asset_sum,dc807430520274e7299c7b9b3eba92d44d0409ca2f8023832d4f9ea013b18700,QUERY_ACCEPTED
controlled-v1/repeated_entries_timed_returns/02,controlled-v1/repeated_entries_timed_returns/02,SYNTHETIC_CONTROLLED_V1,controlled,SYNTHETIC,False,NO_PROTOCOL_CONTINUATION,addresses,U|ETH,COMPLETED,feasible_interval,0,1,,,1,ETH,[],raw_by_asset_no_cross_asset_sum,dc807430520274e7299c7b9b3eba92d44d0409ca2f8023832d4f9ea013b18700,QUERY_ACCEPTED
controlled-v1/repeated_entries_timed_returns/02,controlled-v1/repeated_entries_timed_returns/02,SYNTHETIC_CONTROLLED_V1,controlled,SYNTHETIC,False,NO_PROTOCOL_CONTINUATION,events,before_seed,COMPLETED,feasible_interval,0,0,,,1,ETH,[],raw_by_asset_no_cross_asset_sum,dc807430520274e7299c7b9b3eba92d44d0409ca2f8023832d4f9ea013b18700,QUERY_ACCEPTED
controlled-v1/repeated_entries_timed_returns/02,controlled-v1/repeated_entries_timed_returns/02,SYNTHETIC_CONTROLLED_V1,controlled,SYNTHETIC,False,NO_PROTOCOL_CONTINUATION,events,entry_first,COMPLETED,feasible_interval,0,1,,,1,ETH,[],raw_by_asset_no_cross_asset_sum,dc807430520274e7299c7b9b3eba92d44d0409ca2f8023832d4f9ea013b18700,QUERY_ACCEPTED
controlled-v1/repeated_entries_timed_returns/02,controlled-v1/repeated_entries_timed_returns/02,SYNTHETIC_CONTROLLED_V1,controlled,SYNTHETIC,False,NO_PROTOCOL_CONTINUATION,events,entry_second,COMPLETED,feasible_interval,3,5,,,5,ETH,[],raw_by_asset_no_cross_asset_sum,dc807430520274e7299c7b9b3eba92d44d0409ca2f8023832d4f9ea013b18700,QUERY_ACCEPTED
controlled-v1/repeated_entries_timed_returns/02,controlled-v1/repeated_entries_timed_returns/02,SYNTHETIC_CONTROLLED_V1,controlled,SYNTHETIC,False,NO_PROTOCOL_CONTINUATION,events,other_target,COMPLETED,feasible_interval,0,1,,,1,ETH,[],raw_by_asset_no_cross_asset_sum,dc807430520274e7299c7b9b3eba92d44d0409ca2f8023832d4f9ea013b18700,QUERY_ACCEPTED
controlled-v1/repeated_entries_timed_returns/02,controlled-v1/repeated_entries_timed_returns/02,SYNTHETIC_CONTROLLED_V1,controlled,SYNTHETIC,False,NO_PROTOCOL_CONTINUATION,joint_by_asset,ETH,COMPLETED,feasible_interval,5,5,,,8,ETH,[],raw_by_asset_no_cross_asset_sum,dc807430520274e7299c7b9b3eba92d44d0409ca2f8023832d4f9ea013b18700,QUERY_ACCEPTED
controlled-v1/repeated_entries_timed_returns/02,controlled-v1/repeated_entries_timed_returns/02,SYNTHETIC_CONTROLLED_V1,controlled,SYNTHETIC,False,BALANCE_INFORMATION_REMOVED,addresses,T|ETH,COMPLETED,feasible_interval,0,5,,,7,ETH,[],raw_by_asset_no_cross_asset_sum,dc807430520274e7299c7b9b3eba92d44d0409ca2f8023832d4f9ea013b18700,QUERY_ACCEPTED
controlled-v1/repeated_entries_timed_returns/02,controlled-v1/repeated_entries_timed_returns/02,SYNTHETIC_CONTROLLED_V1,controlled,SYNTHETIC,False,BALANCE_INFORMATION_REMOVED,addresses,U|ETH,COMPLETED,feasible_interval,0,1,,,1,ETH,[],raw_by_asset_no_cross_asset_sum,dc807430520274e7299c7b9b3eba92d44d0409ca2f8023832d4f9ea013b18700,QUERY_ACCEPTED
controlled-v1/repeated_entries_timed_returns/02,controlled-v1/repeated_entries_timed_returns/02,SYNTHETIC_CONTROLLED_V1,controlled,SYNTHETIC,False,BALANCE_INFORMATION_REMOVED,events,before_seed,COMPLETED,feasible_interval,0,0,,,1,ETH,[],raw_by_asset_no_cross_asset_sum,dc807430520274e7299c7b9b3eba92d44d0409ca2f8023832d4f9ea013b18700,QUERY_ACCEPTED
controlled-v1/repeated_entries_timed_returns/02,controlled-v1/repeated_entries_timed_returns/02,SYNTHETIC_CONTROLLED_V1,controlled,SYNTHETIC,False,BALANCE_INFORMATION_REMOVED,events,entry_first,COMPLETED,feasible_interval,0,1,,,1,ETH,[],raw_by_asset_no_cross_asset_sum,dc807430520274e7299c7b9b3eba92d44d0409ca2f8023832d4f9ea013b18700,QUERY_ACCEPTED
controlled-v1/repeated_entries_timed_returns/02,controlled-v1/repeated_entries_timed_returns/02,SYNTHETIC_CONTROLLED_V1,controlled,SYNTHETIC,False,BALANCE_INFORMATION_REMOVED,events,entry_second,COMPLETED,feasible_interval,0,5,,,5,ETH,[],raw_by_asset_no_cross_asset_sum,dc807430520274e7299c7b9b3eba92d44d0409ca2f8023832d4f9ea013b18700,QUERY_ACCEPTED
controlled-v1/repeated_entries_timed_returns/02,controlled-v1/repeated_entries_timed_returns/02,SYNTHETIC_CONTROLLED_V1,controlled,SYNTHETIC,False,BALANCE_INFORMATION_REMOVED,events,other_target,COMPLETED,feasible_interval,0,1,,,1,ETH,[],raw_by_asset_no_cross_asset_sum,dc807430520274e7299c7b9b3eba92d44d0409ca2f8023832d4f9ea013b18700,QUERY_ACCEPTED
controlled-v1/repeated_entries_timed_returns/02,controlled-v1/repeated_entries_timed_returns/02,SYNTHETIC_CONTROLLED_V1,controlled,SYNTHETIC,False,BALANCE_INFORMATION_REMOVED,joint_by_asset,ETH,COMPLETED,feasible_interval,0,5,,,8,ETH,[],raw_by_asset_no_cross_asset_sum,dc807430520274e7299c7b9b3eba92d44d0409ca2f8023832d4f9ea013b18700,QUERY_ACCEPTED
controlled-v1/repeated_entries_timed_returns/03,controlled-v1/repeated_entries_timed_returns/03,SYNTHETIC_CONTROLLED_V1,controlled,SYNTHETIC,False,NO_CROSS_TARGET_COUPLING,addresses,T|ETH,COMPLETED,product_of_target_specific_copies,2,3,,,10,ETH,[],raw_by_asset_no_cross_asset_sum,6e8c7041becf584e28635879d5a32b970e46aac07b7083bececc420e23a1206b,QUERY_ACCEPTED
controlled-v1/repeated_entries_timed_returns/03,controlled-v1/repeated_entries_timed_returns/03,SYNTHETIC_CONTROLLED_V1,controlled,SYNTHETIC,False,NO_CROSS_TARGET_COUPLING,addresses,U|ETH,COMPLETED,product_of_target_specific_copies,0,1,,,1,ETH,[],raw_by_asset_no_cross_asset_sum,6e8c7041becf584e28635879d5a32b970e46aac07b7083bececc420e23a1206b,QUERY_ACCEPTED
controlled-v1/repeated_entries_timed_returns/03,controlled-v1/repeated_entries_timed_returns/03,SYNTHETIC_CONTROLLED_V1,controlled,SYNTHETIC,False,NO_CROSS_TARGET_COUPLING,events,before_seed,COMPLETED,product_of_target_specific_copies,0,0,,,1,ETH,[],raw_by_asset_no_cross_asset_sum,6e8c7041becf584e28635879d5a32b970e46aac07b7083bececc420e23a1206b,QUERY_ACCEPTED
controlled-v1/repeated_entries_timed_returns/03,controlled-v1/repeated_entries_timed_returns/03,SYNTHETIC_CONTROLLED_V1,controlled,SYNTHETIC,False,NO_CROSS_TARGET_COUPLING,events,entry_first,COMPLETED,product_of_target_specific_copies,0,1,,,1,ETH,[],raw_by_asset_no_cross_asset_sum,6e8c7041becf584e28635879d5a32b970e46aac07b7083bececc420e23a1206b,QUERY_ACCEPTED
controlled-v1/repeated_entries_timed_returns/03,controlled-v1/repeated_entries_timed_returns/03,SYNTHETIC_CONTROLLED_V1,controlled,SYNTHETIC,False,NO_CROSS_TARGET_COUPLING,events,entry_second,COMPLETED,product_of_target_specific_copies,1,3,,,8,ETH,[],raw_by_asset_no_cross_asset_sum,6e8c7041becf584e28635879d5a32b970e46aac07b7083bececc420e23a1206b,QUERY_ACCEPTED
controlled-v1/repeated_entries_timed_returns/03,controlled-v1/repeated_entries_timed_returns/03,SYNTHETIC_CONTROLLED_V1,controlled,SYNTHETIC,False,NO_CROSS_TARGET_COUPLING,events,other_target,COMPLETED,product_of_target_specific_copies,0,1,,,1,ETH,[],raw_by_asset_no_cross_asset_sum,6e8c7041becf584e28635879d5a32b970e46aac07b7083bececc420e23a1206b,QUERY_ACCEPTED
controlled-v1/repeated_entries_timed_returns/03,controlled-v1/repeated_entries_timed_returns/03,SYNTHETIC_CONTROLLED_V1,controlled,SYNTHETIC,False,NO_CROSS_TARGET_COUPLING,joint_by_asset,ETH,COMPLETED,product_of_target_specific_copies,2,4,,,11,ETH,[],raw_by_asset_no_cross_asset_sum,6e8c7041becf584e28635879d5a32b970e46aac07b7083bececc420e23a1206b,QUERY_ACCEPTED
controlled-v1/repeated_entries_timed_returns/03,controlled-v1/repeated_entries_timed_returns/03,SYNTHETIC_CONTROLLED_V1,controlled,SYNTHETIC,False,NO_PROTOCOL_CONTINUATION,addresses,T|ETH,COMPLETED,feasible_interval,2,3,,,10,ETH,[],raw_by_asset_no_cross_asset_sum,6e8c7041becf584e28635879d5a32b970e46aac07b7083bececc420e23a1206b,QUERY_ACCEPTED
controlled-v1/repeated_entries_timed_returns/03,controlled-v1/repeated_entries_timed_returns/03,SYNTHETIC_CONTROLLED_V1,controlled,SYNTHETIC,False,NO_PROTOCOL_CONTINUATION,addresses,U|ETH,COMPLETED,feasible_interval,0,1,,,1,ETH,[],raw_by_asset_no_cross_asset_sum,6e8c7041becf584e28635879d5a32b970e46aac07b7083bececc420e23a1206b,QUERY_ACCEPTED
controlled-v1/repeated_entries_timed_returns/03,controlled-v1/repeated_entries_timed_returns/03,SYNTHETIC_CONTROLLED_V1,controlled,SYNTHETIC,False,NO_PROTOCOL_CONTINUATION,events,before_seed,COMPLETED,feasible_interval,0,0,,,1,ETH,[],raw_by_asset_no_cross_asset_sum,6e8c7041becf584e28635879d5a32b970e46aac07b7083bececc420e23a1206b,QUERY_ACCEPTED
controlled-v1/repeated_entries_timed_returns/03,controlled-v1/repeated_entries_timed_returns/03,SYNTHETIC_CONTROLLED_V1,controlled,SYNTHETIC,False,NO_PROTOCOL_CONTINUATION,events,entry_first,COMPLETED,feasible_interval,0,1,,,1,ETH,[],raw_by_asset_no_cross_asset_sum,6e8c7041becf584e28635879d5a32b970e46aac07b7083bececc420e23a1206b,QUERY_ACCEPTED
controlled-v1/repeated_entries_timed_returns/03,controlled-v1/repeated_entries_timed_returns/03,SYNTHETIC_CONTROLLED_V1,controlled,SYNTHETIC,False,NO_PROTOCOL_CONTINUATION,events,entry_second,COMPLETED,feasible_interval,1,3,,,8,ETH,[],raw_by_asset_no_cross_asset_sum,6e8c7041becf584e28635879d5a32b970e46aac07b7083bececc420e23a1206b,QUERY_ACCEPTED
controlled-v1/repeated_entries_timed_returns/03,controlled-v1/repeated_entries_timed_returns/03,SYNTHETIC_CONTROLLED_V1,controlled,SYNTHETIC,False,NO_PROTOCOL_CONTINUATION,events,other_target,COMPLETED,feasible_interval,0,1,,,1,ETH,[],raw_by_asset_no_cross_asset_sum,6e8c7041becf584e28635879d5a32b970e46aac07b7083bececc420e23a1206b,QUERY_ACCEPTED
controlled-v1/repeated_entries_timed_returns/03,controlled-v1/repeated_entries_timed_returns/03,SYNTHETIC_CONTROLLED_V1,controlled,SYNTHETIC,False,NO_PROTOCOL_CONTINUATION,joint_by_asset,ETH,COMPLETED,feasible_interval,3,3,,,11,ETH,[],raw_by_asset_no_cross_asset_sum,6e8c7041becf584e28635879d5a32b970e46aac07b7083bececc420e23a1206b,QUERY_ACCEPTED
controlled-v1/repeated_entries_timed_returns/03,controlled-v1/repeated_entries_timed_returns/03,SYNTHETIC_CONTROLLED_V1,controlled,SYNTHETIC,False,BALANCE_INFORMATION_REMOVED,addresses,T|ETH,COMPLETED,feasible_interval,0,3,,,10,ETH,[],raw_by_asset_no_cross_asset_sum,6e8c7041becf584e28635879d5a32b970e46aac07b7083bececc420e23a1206b,QUERY_ACCEPTED
controlled-v1/repeated_entries_timed_returns/03,controlled-v1/repeated_entries_timed_returns/03,SYNTHETIC_CONTROLLED_V1,controlled,SYNTHETIC,False,BALANCE_INFORMATION_REMOVED,addresses,U|ETH,COMPLETED,feasible_interval,0,1,,,1,ETH,[],raw_by_asset_no_cross_asset_sum,6e8c7041becf584e28635879d5a32b970e46aac07b7083bececc420e23a1206b,QUERY_ACCEPTED
controlled-v1/repeated_entries_timed_returns/03,controlled-v1/repeated_entries_timed_returns/03,SYNTHETIC_CONTROLLED_V1,controlled,SYNTHETIC,False,BALANCE_INFORMATION_REMOVED,events,before_seed,COMPLETED,feasible_interval,0,0,,,1,ETH,[],raw_by_asset_no_cross_asset_sum,6e8c7041becf584e28635879d5a32b970e46aac07b7083bececc420e23a1206b,QUERY_ACCEPTED
controlled-v1/repeated_entries_timed_returns/03,controlled-v1/repeated_entries_timed_returns/03,SYNTHETIC_CONTROLLED_V1,controlled,SYNTHETIC,False,BALANCE_INFORMATION_REMOVED,events,entry_first,COMPLETED,feasible_interval,0,1,,,1,ETH,[],raw_by_asset_no_cross_asset_sum,6e8c7041becf584e28635879d5a32b970e46aac07b7083bececc420e23a1206b,QUERY_ACCEPTED
controlled-v1/repeated_entries_timed_returns/03,controlled-v1/repeated_entries_timed_returns/03,SYNTHETIC_CONTROLLED_V1,controlled,SYNTHETIC,False,BALANCE_INFORMATION_REMOVED,events,entry_second,COMPLETED,feasible_interval,0,3,,,8,ETH,[],raw_by_asset_no_cross_asset_sum,6e8c7041becf584e28635879d5a32b970e46aac07b7083bececc420e23a1206b,QUERY_ACCEPTED
controlled-v1/repeated_entries_timed_returns/03,controlled-v1/repeated_entries_timed_returns/03,SYNTHETIC_CONTROLLED_V1,controlled,SYNTHETIC,False,BALANCE_INFORMATION_REMOVED,events,other_target,COMPLETED,feasible_interval,0,1,,,1,ETH,[],raw_by_asset_no_cross_asset_sum,6e8c7041becf584e28635879d5a32b970e46aac07b7083bececc420e23a1206b,QUERY_ACCEPTED
controlled-v1/repeated_entries_timed_returns/03,controlled-v1/repeated_entries_timed_returns/03,SYNTHETIC_CONTROLLED_V1,controlled,SYNTHETIC,False,BALANCE_INFORMATION_REMOVED,joint_by_asset,ETH,COMPLETED,feasible_interval,0,3,,,11,ETH,[],raw_by_asset_no_cross_asset_sum,6e8c7041becf584e28635879d5a32b970e46aac07b7083bececc420e23a1206b,QUERY_ACCEPTED
controlled-v1/repeated_entries_timed_returns/03,controlled-v1/repeated_entries_timed_returns/03,SYNTHETIC_CONTROLLED_V1,controlled,SYNTHETIC,False,FULL_INTERVAL,addresses,T|ETH,COMPLETED,feasible_interval,2,3,,,10,ETH,[],raw_by_asset_no_cross_asset_sum,6e8c7041becf584e28635879d5a32b970e46aac07b7083bececc420e23a1206b,QUERY_ACCEPTED
controlled-v1/repeated_entries_timed_returns/03,controlled-v1/repeated_entries_timed_returns/03,SYNTHETIC_CONTROLLED_V1,controlled,SYNTHETIC,False,FULL_INTERVAL,addresses,U|ETH,COMPLETED,feasible_interval,0,1,,,1,ETH,[],raw_by_asset_no_cross_asset_sum,6e8c7041becf584e28635879d5a32b970e46aac07b7083bececc420e23a1206b,QUERY_ACCEPTED
controlled-v1/repeated_entries_timed_returns/03,controlled-v1/repeated_entries_timed_returns/03,SYNTHETIC_CONTROLLED_V1,controlled,SYNTHETIC,False,FULL_INTERVAL,events,before_seed,COMPLETED,feasible_interval,0,0,,,1,ETH,[],raw_by_asset_no_cross_asset_sum,6e8c7041becf584e28635879d5a32b970e46aac07b7083bececc420e23a1206b,QUERY_ACCEPTED
controlled-v1/repeated_entries_timed_returns/03,controlled-v1/repeated_entries_timed_returns/03,SYNTHETIC_CONTROLLED_V1,controlled,SYNTHETIC,False,FULL_INTERVAL,events,entry_first,COMPLETED,feasible_interval,0,1,,,1,ETH,[],raw_by_asset_no_cross_asset_sum,6e8c7041becf584e28635879d5a32b970e46aac07b7083bececc420e23a1206b,QUERY_ACCEPTED
controlled-v1/repeated_entries_timed_returns/03,controlled-v1/repeated_entries_timed_returns/03,SYNTHETIC_CONTROLLED_V1,controlled,SYNTHETIC,False,FULL_INTERVAL,events,entry_second,COMPLETED,feasible_interval,1,3,,,8,ETH,[],raw_by_asset_no_cross_asset_sum,6e8c7041becf584e28635879d5a32b970e46aac07b7083bececc420e23a1206b,QUERY_ACCEPTED
controlled-v1/repeated_entries_timed_returns/03,controlled-v1/repeated_entries_timed_returns/03,SYNTHETIC_CONTROLLED_V1,controlled,SYNTHETIC,False,FULL_INTERVAL,events,other_target,COMPLETED,feasible_interval,0,1,,,1,ETH,[],raw_by_asset_no_cross_asset_sum,6e8c7041becf584e28635879d5a32b970e46aac07b7083bececc420e23a1206b,QUERY_ACCEPTED
controlled-v1/repeated_entries_timed_returns/03,controlled-v1/repeated_entries_timed_returns/03,SYNTHETIC_CONTROLLED_V1,controlled,SYNTHETIC,False,FULL_INTERVAL,joint_by_asset,ETH,COMPLETED,feasible_interval,3,3,,,11,ETH,[],raw_by_asset_no_cross_asset_sum,6e8c7041becf584e28635879d5a32b970e46aac07b7083bececc420e23a1206b,QUERY_ACCEPTED
controlled-v1/repeated_entries_timed_returns/03,controlled-v1/repeated_entries_timed_returns/03,SYNTHETIC_CONTROLLED_V1,controlled,SYNTHETIC,False,BOUNDED_REACHABILITY,addresses,T|ETH,COMPLETED,ADDRESS_EVENT_SET_NO_AMOUNT,,,,,10,ETH,[],raw_by_asset_no_cross_asset_sum,6e8c7041becf584e28635879d5a32b970e46aac07b7083bececc420e23a1206b,QUERY_ACCEPTED
controlled-v1/repeated_entries_timed_returns/03,controlled-v1/repeated_entries_timed_returns/03,SYNTHETIC_CONTROLLED_V1,controlled,SYNTHETIC,False,BOUNDED_REACHABILITY,addresses,U|ETH,COMPLETED,ADDRESS_EVENT_SET_NO_AMOUNT,,,,,1,ETH,[],raw_by_asset_no_cross_asset_sum,6e8c7041becf584e28635879d5a32b970e46aac07b7083bececc420e23a1206b,QUERY_ACCEPTED
controlled-v1/repeated_entries_timed_returns/03,controlled-v1/repeated_entries_timed_returns/03,SYNTHETIC_CONTROLLED_V1,controlled,SYNTHETIC,False,BOUNDED_REACHABILITY,events,before_seed,COMPLETED,ADDRESS_EVENT_SET_NO_AMOUNT,,,,,1,ETH,[],raw_by_asset_no_cross_asset_sum,6e8c7041becf584e28635879d5a32b970e46aac07b7083bececc420e23a1206b,QUERY_ACCEPTED
controlled-v1/repeated_entries_timed_returns/03,controlled-v1/repeated_entries_timed_returns/03,SYNTHETIC_CONTROLLED_V1,controlled,SYNTHETIC,False,BOUNDED_REACHABILITY,events,seed,COMPLETED,ADDRESS_EVENT_SET_NO_AMOUNT,,,,,3,ETH,[],raw_by_asset_no_cross_asset_sum,6e8c7041becf584e28635879d5a32b970e46aac07b7083bececc420e23a1206b,QUERY_ACCEPTED
controlled-v1/repeated_entries_timed_returns/03,controlled-v1/repeated_entries_timed_returns/03,SYNTHETIC_CONTROLLED_V1,controlled,SYNTHETIC,False,BOUNDED_REACHABILITY,events,entry_first,COMPLETED,ADDRESS_EVENT_SET_NO_AMOUNT,,,,,1,ETH,[],raw_by_asset_no_cross_asset_sum,6e8c7041becf584e28635879d5a32b970e46aac07b7083bececc420e23a1206b,QUERY_ACCEPTED
controlled-v1/repeated_entries_timed_returns/03,controlled-v1/repeated_entries_timed_returns/03,SYNTHETIC_CONTROLLED_V1,controlled,SYNTHETIC,False,BOUNDED_REACHABILITY,events,to_return_account,COMPLETED,ADDRESS_EVENT_SET_NO_AMOUNT,,,,,7,ETH,[],raw_by_asset_no_cross_asset_sum,6e8c7041becf584e28635879d5a32b970e46aac07b7083bececc420e23a1206b,QUERY_ACCEPTED
controlled-v1/repeated_entries_timed_returns/03,controlled-v1/repeated_entries_timed_returns/03,SYNTHETIC_CONTROLLED_V1,controlled,SYNTHETIC,False,BOUNDED_REACHABILITY,events,timed_return,COMPLETED,ADDRESS_EVENT_SET_NO_AMOUNT,,,,,7,ETH,[],raw_by_asset_no_cross_asset_sum,6e8c7041becf584e28635879d5a32b970e46aac07b7083bececc420e23a1206b,QUERY_ACCEPTED
controlled-v1/repeated_entries_timed_returns/03,controlled-v1/repeated_entries_timed_returns/03,SYNTHETIC_CONTROLLED_V1,controlled,SYNTHETIC,False,BOUNDED_REACHABILITY,events,entry_second,COMPLETED,ADDRESS_EVENT_SET_NO_AMOUNT,,,,,8,ETH,[],raw_by_asset_no_cross_asset_sum,6e8c7041becf584e28635879d5a32b970e46aac07b7083bececc420e23a1206b,QUERY_ACCEPTED
controlled-v1/repeated_entries_timed_returns/03,controlled-v1/repeated_entries_timed_returns/03,SYNTHETIC_CONTROLLED_V1,controlled,SYNTHETIC,False,BOUNDED_REACHABILITY,events,other_target,COMPLETED,ADDRESS_EVENT_SET_NO_AMOUNT,,,,,1,ETH,[],raw_by_asset_no_cross_asset_sum,6e8c7041becf584e28635879d5a32b970e46aac07b7083bececc420e23a1206b,QUERY_ACCEPTED
controlled-v1/repeated_entries_timed_returns/03,controlled-v1/repeated_entries_timed_returns/03,SYNTHETIC_CONTROLLED_V1,controlled,SYNTHETIC,False,BOUNDED_REACHABILITY,joint_by_asset,ETH,COMPLETED,ADDRESS_EVENT_SET_NO_AMOUNT,,,,,11,ETH,[],raw_by_asset_no_cross_asset_sum,6e8c7041becf584e28635879d5a32b970e46aac07b7083bececc420e23a1206b,QUERY_ACCEPTED
controlled-v1/repeated_entries_timed_returns/03,controlled-v1/repeated_entries_timed_returns/03,SYNTHETIC_CONTROLLED_V1,controlled,SYNTHETIC,False,POISON,addresses,T|ETH,COMPLETED,POISON_NOMINAL_RAW,,,,9,10,ETH,[],raw_by_asset_no_cross_asset_sum,6e8c7041becf584e28635879d5a32b970e46aac07b7083bececc420e23a1206b,QUERY_ACCEPTED
controlled-v1/repeated_entries_timed_returns/03,controlled-v1/repeated_entries_timed_returns/03,SYNTHETIC_CONTROLLED_V1,controlled,SYNTHETIC,False,POISON,addresses,U|ETH,COMPLETED,POISON_NOMINAL_RAW,,,,1,1,ETH,[],raw_by_asset_no_cross_asset_sum,6e8c7041becf584e28635879d5a32b970e46aac07b7083bececc420e23a1206b,QUERY_ACCEPTED
controlled-v1/repeated_entries_timed_returns/03,controlled-v1/repeated_entries_timed_returns/03,SYNTHETIC_CONTROLLED_V1,controlled,SYNTHETIC,False,POISON,events,before_seed,COMPLETED,POISON_NOMINAL_RAW,,,,0,1,ETH,[],raw_by_asset_no_cross_asset_sum,6e8c7041becf584e28635879d5a32b970e46aac07b7083bececc420e23a1206b,QUERY_ACCEPTED
controlled-v1/repeated_entries_timed_returns/03,controlled-v1/repeated_entries_timed_returns/03,SYNTHETIC_CONTROLLED_V1,controlled,SYNTHETIC,False,POISON,events,seed,COMPLETED,POISON_NOMINAL_RAW,,,,3,3,ETH,[],raw_by_asset_no_cross_asset_sum,6e8c7041becf584e28635879d5a32b970e46aac07b7083bececc420e23a1206b,QUERY_ACCEPTED
controlled-v1/repeated_entries_timed_returns/03,controlled-v1/repeated_entries_timed_returns/03,SYNTHETIC_CONTROLLED_V1,controlled,SYNTHETIC,False,POISON,events,entry_first,COMPLETED,POISON_NOMINAL_RAW,,,,1,1,ETH,[],raw_by_asset_no_cross_asset_sum,6e8c7041becf584e28635879d5a32b970e46aac07b7083bececc420e23a1206b,QUERY_ACCEPTED
controlled-v1/repeated_entries_timed_returns/03,controlled-v1/repeated_entries_timed_returns/03,SYNTHETIC_CONTROLLED_V1,controlled,SYNTHETIC,False,POISON,events,to_return_account,COMPLETED,POISON_NOMINAL_RAW,,,,7,7,ETH,[],raw_by_asset_no_cross_asset_sum,6e8c7041becf584e28635879d5a32b970e46aac07b7083bececc420e23a1206b,QUERY_ACCEPTED
controlled-v1/repeated_entries_timed_returns/03,controlled-v1/repeated_entries_timed_returns/03,SYNTHETIC_CONTROLLED_V1,controlled,SYNTHETIC,False,POISON,events,timed_return,COMPLETED,POISON_NOMINAL_RAW,,,,7,7,ETH,[],raw_by_asset_no_cross_asset_sum,6e8c7041becf584e28635879d5a32b970e46aac07b7083bececc420e23a1206b,QUERY_ACCEPTED
controlled-v1/repeated_entries_timed_returns/03,controlled-v1/repeated_entries_timed_returns/03,SYNTHETIC_CONTROLLED_V1,controlled,SYNTHETIC,False,POISON,events,entry_second,COMPLETED,POISON_NOMINAL_RAW,,,,8,8,ETH,[],raw_by_asset_no_cross_asset_sum,6e8c7041becf584e28635879d5a32b970e46aac07b7083bececc420e23a1206b,QUERY_ACCEPTED
controlled-v1/repeated_entries_timed_returns/03,controlled-v1/repeated_entries_timed_returns/03,SYNTHETIC_CONTROLLED_V1,controlled,SYNTHETIC,False,POISON,events,other_target,COMPLETED,POISON_NOMINAL_RAW,,,,1,1,ETH,[],raw_by_asset_no_cross_asset_sum,6e8c7041becf584e28635879d5a32b970e46aac07b7083bececc420e23a1206b,QUERY_ACCEPTED
controlled-v1/repeated_entries_timed_returns/03,controlled-v1/repeated_entries_timed_returns/03,SYNTHETIC_CONTROLLED_V1,controlled,SYNTHETIC,False,POISON,joint_by_asset,ETH,COMPLETED,POISON_NOMINAL_RAW,,,,10,11,ETH,[],raw_by_asset_no_cross_asset_sum,6e8c7041becf584e28635879d5a32b970e46aac07b7083bececc420e23a1206b,QUERY_ACCEPTED
controlled-v1/repeated_entries_timed_returns/03,controlled-v1/repeated_entries_timed_returns/03,SYNTHETIC_CONTROLLED_V1,controlled,SYNTHETIC,False,HAIRCUT,addresses,T|ETH,COMPLETED,PROPORTIONAL_FEASIBLE_POINT,,,65/24,,10,ETH,[],raw_by_asset_no_cross_asset_sum,6e8c7041becf584e28635879d5a32b970e46aac07b7083bececc420e23a1206b,QUERY_ACCEPTED
controlled-v1/repeated_entries_timed_returns/03,controlled-v1/repeated_entries_timed_returns/03,SYNTHETIC_CONTROLLED_V1,controlled,SYNTHETIC,False,HAIRCUT,addresses,U|ETH,COMPLETED,PROPORTIONAL_FEASIBLE_POINT,,,7/24,,1,ETH,[],raw_by_asset_no_cross_asset_sum,6e8c7041becf584e28635879d5a32b970e46aac07b7083bececc420e23a1206b,QUERY_ACCEPTED
controlled-v1/repeated_entries_timed_returns/03,controlled-v1/repeated_entries_timed_returns/03,SYNTHETIC_CONTROLLED_V1,controlled,SYNTHETIC,False,HAIRCUT,events,before_seed,COMPLETED,PROPORTIONAL_FEASIBLE_POINT,,,0,,1,ETH,[],raw_by_asset_no_cross_asset_sum,6e8c7041becf584e28635879d5a32b970e46aac07b7083bececc420e23a1206b,QUERY_ACCEPTED
controlled-v1/repeated_entries_timed_returns/03,controlled-v1/repeated_entries_timed_returns/03,SYNTHETIC_CONTROLLED_V1,controlled,SYNTHETIC,False,HAIRCUT,events,seed,COMPLETED,PROPORTIONAL_FEASIBLE_POINT,,,3,,3,ETH,[],raw_by_asset_no_cross_asset_sum,6e8c7041becf584e28635879d5a32b970e46aac07b7083bececc420e23a1206b,QUERY_ACCEPTED
controlled-v1/repeated_entries_timed_returns/03,controlled-v1/repeated_entries_timed_returns/03,SYNTHETIC_CONTROLLED_V1,controlled,SYNTHETIC,False,HAIRCUT,events,entry_first,COMPLETED,PROPORTIONAL_FEASIBLE_POINT,,,1/3,,1,ETH,[],raw_by_asset_no_cross_asset_sum,6e8c7041becf584e28635879d5a32b970e46aac07b7083bececc420e23a1206b,QUERY_ACCEPTED
controlled-v1/repeated_entries_timed_returns/03,controlled-v1/repeated_entries_timed_returns/03,SYNTHETIC_CONTROLLED_V1,controlled,SYNTHETIC,False,HAIRCUT,events,to_return_account,COMPLETED,PROPORTIONAL_FEASIBLE_POINT,,,7/3,,7,ETH,[],raw_by_asset_no_cross_asset_sum,6e8c7041becf584e28635879d5a32b970e46aac07b7083bececc420e23a1206b,QUERY_ACCEPTED
controlled-v1/repeated_entries_timed_returns/03,controlled-v1/repeated_entries_timed_returns/03,SYNTHETIC_CONTROLLED_V1,controlled,SYNTHETIC,False,HAIRCUT,events,timed_return,COMPLETED,PROPORTIONAL_FEASIBLE_POINT,,,49/24,,7,ETH,[],raw_by_asset_no_cross_asset_sum,6e8c7041becf584e28635879d5a32b970e46aac07b7083bececc420e23a1206b,QUERY_ACCEPTED
controlled-v1/repeated_entries_timed_returns/03,controlled-v1/repeated_entries_timed_returns/03,SYNTHETIC_CONTROLLED_V1,controlled,SYNTHETIC,False,HAIRCUT,events,entry_second,COMPLETED,PROPORTIONAL_FEASIBLE_POINT,,,19/8,,8,ETH,[],raw_by_asset_no_cross_asset_sum,6e8c7041becf584e28635879d5a32b970e46aac07b7083bececc420e23a1206b,QUERY_ACCEPTED
controlled-v1/repeated_entries_timed_returns/03,controlled-v1/repeated_entries_timed_returns/03,SYNTHETIC_CONTROLLED_V1,controlled,SYNTHETIC,False,HAIRCUT,events,other_target,COMPLETED,PROPORTIONAL_FEASIBLE_POINT,,,7/24,,1,ETH,[],raw_by_asset_no_cross_asset_sum,6e8c7041becf584e28635879d5a32b970e46aac07b7083bececc420e23a1206b,QUERY_ACCEPTED
controlled-v1/repeated_entries_timed_returns/03,controlled-v1/repeated_entries_timed_returns/03,SYNTHETIC_CONTROLLED_V1,controlled,SYNTHETIC,False,HAIRCUT,joint_by_asset,ETH,COMPLETED,PROPORTIONAL_FEASIBLE_POINT,,,3,,11,ETH,[],raw_by_asset_no_cross_asset_sum,6e8c7041becf584e28635879d5a32b970e46aac07b7083bececc420e23a1206b,QUERY_ACCEPTED
controlled-v1/repeated_entries_timed_returns/04,controlled-v1/repeated_entries_timed_returns/04,SYNTHETIC_CONTROLLED_V1,controlled,SYNTHETIC,False,POISON,addresses,T|ETH,COMPLETED,POISON_NOMINAL_RAW,,,,9,10,ETH,[],raw_by_asset_no_cross_asset_sum,9a066512af3fe36f7474081da0fb9b8047f8014b031748e4bc4803e28042ec31,QUERY_ACCEPTED
controlled-v1/repeated_entries_timed_returns/04,controlled-v1/repeated_entries_timed_returns/04,SYNTHETIC_CONTROLLED_V1,controlled,SYNTHETIC,False,POISON,addresses,U|ETH,COMPLETED,POISON_NOMINAL_RAW,,,,1,1,ETH,[],raw_by_asset_no_cross_asset_sum,9a066512af3fe36f7474081da0fb9b8047f8014b031748e4bc4803e28042ec31,QUERY_ACCEPTED
controlled-v1/repeated_entries_timed_returns/04,controlled-v1/repeated_entries_timed_returns/04,SYNTHETIC_CONTROLLED_V1,controlled,SYNTHETIC,False,POISON,events,before_seed,COMPLETED,POISON_NOMINAL_RAW,,,,0,1,ETH,[],raw_by_asset_no_cross_asset_sum,9a066512af3fe36f7474081da0fb9b8047f8014b031748e4bc4803e28042ec31,QUERY_ACCEPTED
controlled-v1/repeated_entries_timed_returns/04,controlled-v1/repeated_entries_timed_returns/04,SYNTHETIC_CONTROLLED_V1,controlled,SYNTHETIC,False,POISON,events,seed,COMPLETED,POISON_NOMINAL_RAW,,,,7,7,ETH,[],raw_by_asset_no_cross_asset_sum,9a066512af3fe36f7474081da0fb9b8047f8014b031748e4bc4803e28042ec31,QUERY_ACCEPTED
controlled-v1/repeated_entries_timed_returns/04,controlled-v1/repeated_entries_timed_returns/04,SYNTHETIC_CONTROLLED_V1,controlled,SYNTHETIC,False,POISON,events,entry_first,COMPLETED,POISON_NOMINAL_RAW,,,,1,1,ETH,[],raw_by_asset_no_cross_asset_sum,9a066512af3fe36f7474081da0fb9b8047f8014b031748e4bc4803e28042ec31,QUERY_ACCEPTED
controlled-v1/repeated_entries_timed_returns/04,controlled-v1/repeated_entries_timed_returns/04,SYNTHETIC_CONTROLLED_V1,controlled,SYNTHETIC,False,POISON,events,to_return_account,COMPLETED,POISON_NOMINAL_RAW,,,,7,7,ETH,[],raw_by_asset_no_cross_asset_sum,9a066512af3fe36f7474081da0fb9b8047f8014b031748e4bc4803e28042ec31,QUERY_ACCEPTED
controlled-v1/repeated_entries_timed_returns/04,controlled-v1/repeated_entries_timed_returns/04,SYNTHETIC_CONTROLLED_V1,controlled,SYNTHETIC,False,POISON,events,timed_return,COMPLETED,POISON_NOMINAL_RAW,,,,7,7,ETH,[],raw_by_asset_no_cross_asset_sum,9a066512af3fe36f7474081da0fb9b8047f8014b031748e4bc4803e28042ec31,QUERY_ACCEPTED
controlled-v1/repeated_entries_timed_returns/04,controlled-v1/repeated_entries_timed_returns/04,SYNTHETIC_CONTROLLED_V1,controlled,SYNTHETIC,False,POISON,events,entry_second,COMPLETED,POISON_NOMINAL_RAW,,,,8,8,ETH,[],raw_by_asset_no_cross_asset_sum,9a066512af3fe36f7474081da0fb9b8047f8014b031748e4bc4803e28042ec31,QUERY_ACCEPTED
controlled-v1/repeated_entries_timed_returns/04,controlled-v1/repeated_entries_timed_returns/04,SYNTHETIC_CONTROLLED_V1,controlled,SYNTHETIC,False,POISON,events,other_target,COMPLETED,POISON_NOMINAL_RAW,,,,1,1,ETH,[],raw_by_asset_no_cross_asset_sum,9a066512af3fe36f7474081da0fb9b8047f8014b031748e4bc4803e28042ec31,QUERY_ACCEPTED
controlled-v1/repeated_entries_timed_returns/04,controlled-v1/repeated_entries_timed_returns/04,SYNTHETIC_CONTROLLED_V1,controlled,SYNTHETIC,False,POISON,joint_by_asset,ETH,COMPLETED,POISON_NOMINAL_RAW,,,,10,11,ETH,[],raw_by_asset_no_cross_asset_sum,9a066512af3fe36f7474081da0fb9b8047f8014b031748e4bc4803e28042ec31,QUERY_ACCEPTED
controlled-v1/repeated_entries_timed_returns/04,controlled-v1/repeated_entries_timed_returns/04,SYNTHETIC_CONTROLLED_V1,controlled,SYNTHETIC,False,HAIRCUT,addresses,T|ETH,COMPLETED,PROPORTIONAL_FEASIBLE_POINT,,,455/72,,10,ETH,[],raw_by_asset_no_cross_asset_sum,9a066512af3fe36f7474081da0fb9b8047f8014b031748e4bc4803e28042ec31,QUERY_ACCEPTED
controlled-v1/repeated_entries_timed_returns/04,controlled-v1/repeated_entries_timed_returns/04,SYNTHETIC_CONTROLLED_V1,controlled,SYNTHETIC,False,HAIRCUT,addresses,U|ETH,COMPLETED,PROPORTIONAL_FEASIBLE_POINT,,,49/72,,1,ETH,[],raw_by_asset_no_cross_asset_sum,9a066512af3fe36f7474081da0fb9b8047f8014b031748e4bc4803e28042ec31,QUERY_ACCEPTED
controlled-v1/repeated_entries_timed_returns/04,controlled-v1/repeated_entries_timed_returns/04,SYNTHETIC_CONTROLLED_V1,controlled,SYNTHETIC,False,HAIRCUT,events,before_seed,COMPLETED,PROPORTIONAL_FEASIBLE_POINT,,,0,,1,ETH,[],raw_by_asset_no_cross_asset_sum,9a066512af3fe36f7474081da0fb9b8047f8014b031748e4bc4803e28042ec31,QUERY_ACCEPTED
controlled-v1/repeated_entries_timed_returns/04,controlled-v1/repeated_entries_timed_returns/04,SYNTHETIC_CONTROLLED_V1,controlled,SYNTHETIC,False,HAIRCUT,events,seed,COMPLETED,PROPORTIONAL_FEASIBLE_POINT,,,7,,7,ETH,[],raw_by_asset_no_cross_asset_sum,9a066512af3fe36f7474081da0fb9b8047f8014b031748e4bc4803e28042ec31,QUERY_ACCEPTED
controlled-v1/repeated_entries_timed_returns/04,controlled-v1/repeated_entries_timed_returns/04,SYNTHETIC_CONTROLLED_V1,controlled,SYNTHETIC,False,HAIRCUT,events,entry_first,COMPLETED,PROPORTIONAL_FEASIBLE_POINT,,,7/9,,1,ETH,[],raw_by_asset_no_cross_asset_sum,9a066512af3fe36f7474081da0fb9b8047f8014b031748e4bc4803e28042ec31,QUERY_ACCEPTED
controlled-v1/repeated_entries_timed_returns/04,controlled-v1/repeated_entries_timed_returns/04,SYNTHETIC_CONTROLLED_V1,controlled,SYNTHETIC,False,HAIRCUT,events,to_return_account,COMPLETED,PROPORTIONAL_FEASIBLE_POINT,,,49/9,,7,ETH,[],raw_by_asset_no_cross_asset_sum,9a066512af3fe36f7474081da0fb9b8047f8014b031748e4bc4803e28042ec31,QUERY_ACCEPTED
controlled-v1/repeated_entries_timed_returns/04,controlled-v1/repeated_entries_timed_returns/04,SYNTHETIC_CONTROLLED_V1,controlled,SYNTHETIC,False,HAIRCUT,events,timed_return,COMPLETED,PROPORTIONAL_FEASIBLE_POINT,,,343/72,,7,ETH,[],raw_by_asset_no_cross_asset_sum,9a066512af3fe36f7474081da0fb9b8047f8014b031748e4bc4803e28042ec31,QUERY_ACCEPTED
controlled-v1/repeated_entries_timed_returns/04,controlled-v1/repeated_entries_timed_returns/04,SYNTHETIC_CONTROLLED_V1,controlled,SYNTHETIC,False,HAIRCUT,events,entry_second,COMPLETED,PROPORTIONAL_FEASIBLE_POINT,,,133/24,,8,ETH,[],raw_by_asset_no_cross_asset_sum,9a066512af3fe36f7474081da0fb9b8047f8014b031748e4bc4803e28042ec31,QUERY_ACCEPTED
controlled-v1/repeated_entries_timed_returns/04,controlled-v1/repeated_entries_timed_returns/04,SYNTHETIC_CONTROLLED_V1,controlled,SYNTHETIC,False,HAIRCUT,events,other_target,COMPLETED,PROPORTIONAL_FEASIBLE_POINT,,,49/72,,1,ETH,[],raw_by_asset_no_cross_asset_sum,9a066512af3fe36f7474081da0fb9b8047f8014b031748e4bc4803e28042ec31,QUERY_ACCEPTED
controlled-v1/repeated_entries_timed_returns/04,controlled-v1/repeated_entries_timed_returns/04,SYNTHETIC_CONTROLLED_V1,controlled,SYNTHETIC,False,HAIRCUT,joint_by_asset,ETH,COMPLETED,PROPORTIONAL_FEASIBLE_POINT,,,7,,11,ETH,[],raw_by_asset_no_cross_asset_sum,9a066512af3fe36f7474081da0fb9b8047f8014b031748e4bc4803e28042ec31,QUERY_ACCEPTED
controlled-v1/repeated_entries_timed_returns/04,controlled-v1/repeated_entries_timed_returns/04,SYNTHETIC_CONTROLLED_V1,controlled,SYNTHETIC,False,NO_CROSS_TARGET_COUPLING,addresses,T|ETH,COMPLETED,product_of_target_specific_copies,6,7,,,10,ETH,[],raw_by_asset_no_cross_asset_sum,9a066512af3fe36f7474081da0fb9b8047f8014b031748e4bc4803e28042ec31,QUERY_ACCEPTED
controlled-v1/repeated_entries_timed_returns/04,controlled-v1/repeated_entries_timed_returns/04,SYNTHETIC_CONTROLLED_V1,controlled,SYNTHETIC,False,NO_CROSS_TARGET_COUPLING,addresses,U|ETH,COMPLETED,product_of_target_specific_copies,0,1,,,1,ETH,[],raw_by_asset_no_cross_asset_sum,9a066512af3fe36f7474081da0fb9b8047f8014b031748e4bc4803e28042ec31,QUERY_ACCEPTED
controlled-v1/repeated_entries_timed_returns/04,controlled-v1/repeated_entries_timed_returns/04,SYNTHETIC_CONTROLLED_V1,controlled,SYNTHETIC,False,NO_CROSS_TARGET_COUPLING,events,before_seed,COMPLETED,product_of_target_specific_copies,0,0,,,1,ETH,[],raw_by_asset_no_cross_asset_sum,9a066512af3fe36f7474081da0fb9b8047f8014b031748e4bc4803e28042ec31,QUERY_ACCEPTED
controlled-v1/repeated_entries_timed_returns/04,controlled-v1/repeated_entries_timed_returns/04,SYNTHETIC_CONTROLLED_V1,controlled,SYNTHETIC,False,NO_CROSS_TARGET_COUPLING,events,entry_first,COMPLETED,product_of_target_specific_copies,0,1,,,1,ETH,[],raw_by_asset_no_cross_asset_sum,9a066512af3fe36f7474081da0fb9b8047f8014b031748e4bc4803e28042ec31,QUERY_ACCEPTED
controlled-v1/repeated_entries_timed_returns/04,controlled-v1/repeated_entries_timed_returns/04,SYNTHETIC_CONTROLLED_V1,controlled,SYNTHETIC,False,NO_CROSS_TARGET_COUPLING,events,entry_second,COMPLETED,product_of_target_specific_copies,5,7,,,8,ETH,[],raw_by_asset_no_cross_asset_sum,9a066512af3fe36f7474081da0fb9b8047f8014b031748e4bc4803e28042ec31,QUERY_ACCEPTED
controlled-v1/repeated_entries_timed_returns/04,controlled-v1/repeated_entries_timed_returns/04,SYNTHETIC_CONTROLLED_V1,controlled,SYNTHETIC,False,NO_CROSS_TARGET_COUPLING,events,other_target,COMPLETED,product_of_target_specific_copies,0,1,,,1,ETH,[],raw_by_asset_no_cross_asset_sum,9a066512af3fe36f7474081da0fb9b8047f8014b031748e4bc4803e28042ec31,QUERY_ACCEPTED
controlled-v1/repeated_entries_timed_returns/04,controlled-v1/repeated_entries_timed_returns/04,SYNTHETIC_CONTROLLED_V1,controlled,SYNTHETIC,False,NO_CROSS_TARGET_COUPLING,joint_by_asset,ETH,COMPLETED,product_of_target_specific_copies,6,8,,,11,ETH,[],raw_by_asset_no_cross_asset_sum,9a066512af3fe36f7474081da0fb9b8047f8014b031748e4bc4803e28042ec31,QUERY_ACCEPTED
controlled-v1/repeated_entries_timed_returns/04,controlled-v1/repeated_entries_timed_returns/04,SYNTHETIC_CONTROLLED_V1,controlled,SYNTHETIC,False,NO_PROTOCOL_CONTINUATION,addresses,T|ETH,COMPLETED,feasible_interval,6,7,,,10,ETH,[],raw_by_asset_no_cross_asset_sum,9a066512af3fe36f7474081da0fb9b8047f8014b031748e4bc4803e28042ec31,QUERY_ACCEPTED
controlled-v1/repeated_entries_timed_returns/04,controlled-v1/repeated_entries_timed_returns/04,SYNTHETIC_CONTROLLED_V1,controlled,SYNTHETIC,False,NO_PROTOCOL_CONTINUATION,addresses,U|ETH,COMPLETED,feasible_interval,0,1,,,1,ETH,[],raw_by_asset_no_cross_asset_sum,9a066512af3fe36f7474081da0fb9b8047f8014b031748e4bc4803e28042ec31,QUERY_ACCEPTED
controlled-v1/repeated_entries_timed_returns/04,controlled-v1/repeated_entries_timed_returns/04,SYNTHETIC_CONTROLLED_V1,controlled,SYNTHETIC,False,NO_PROTOCOL_CONTINUATION,events,before_seed,COMPLETED,feasible_interval,0,0,,,1,ETH,[],raw_by_asset_no_cross_asset_sum,9a066512af3fe36f7474081da0fb9b8047f8014b031748e4bc4803e28042ec31,QUERY_ACCEPTED
controlled-v1/repeated_entries_timed_returns/04,controlled-v1/repeated_entries_timed_returns/04,SYNTHETIC_CONTROLLED_V1,controlled,SYNTHETIC,False,NO_PROTOCOL_CONTINUATION,events,entry_first,COMPLETED,feasible_interval,0,1,,,1,ETH,[],raw_by_asset_no_cross_asset_sum,9a066512af3fe36f7474081da0fb9b8047f8014b031748e4bc4803e28042ec31,QUERY_ACCEPTED
controlled-v1/repeated_entries_timed_returns/04,controlled-v1/repeated_entries_timed_returns/04,SYNTHETIC_CONTROLLED_V1,controlled,SYNTHETIC,False,NO_PROTOCOL_CONTINUATION,events,entry_second,COMPLETED,feasible_interval,5,7,,,8,ETH,[],raw_by_asset_no_cross_asset_sum,9a066512af3fe36f7474081da0fb9b8047f8014b031748e4bc4803e28042ec31,QUERY_ACCEPTED
controlled-v1/repeated_entries_timed_returns/04,controlled-v1/repeated_entries_timed_returns/04,SYNTHETIC_CONTROLLED_V1,controlled,SYNTHETIC,False,NO_PROTOCOL_CONTINUATION,events,other_target,COMPLETED,feasible_interval,0,1,,,1,ETH,[],raw_by_asset_no_cross_asset_sum,9a066512af3fe36f7474081da0fb9b8047f8014b031748e4bc4803e28042ec31,QUERY_ACCEPTED
controlled-v1/repeated_entries_timed_returns/04,controlled-v1/repeated_entries_timed_returns/04,SYNTHETIC_CONTROLLED_V1,controlled,SYNTHETIC,False,NO_PROTOCOL_CONTINUATION,joint_by_asset,ETH,COMPLETED,feasible_interval,7,7,,,11,ETH,[],raw_by_asset_no_cross_asset_sum,9a066512af3fe36f7474081da0fb9b8047f8014b031748e4bc4803e28042ec31,QUERY_ACCEPTED
controlled-v1/repeated_entries_timed_returns/04,controlled-v1/repeated_entries_timed_returns/04,SYNTHETIC_CONTROLLED_V1,controlled,SYNTHETIC,False,BALANCE_INFORMATION_REMOVED,addresses,T|ETH,COMPLETED,feasible_interval,0,7,,,10,ETH,[],raw_by_asset_no_cross_asset_sum,9a066512af3fe36f7474081da0fb9b8047f8014b031748e4bc4803e28042ec31,QUERY_ACCEPTED
controlled-v1/repeated_entries_timed_returns/04,controlled-v1/repeated_entries_timed_returns/04,SYNTHETIC_CONTROLLED_V1,controlled,SYNTHETIC,False,BALANCE_INFORMATION_REMOVED,addresses,U|ETH,COMPLETED,feasible_interval,0,1,,,1,ETH,[],raw_by_asset_no_cross_asset_sum,9a066512af3fe36f7474081da0fb9b8047f8014b031748e4bc4803e28042ec31,QUERY_ACCEPTED
controlled-v1/repeated_entries_timed_returns/04,controlled-v1/repeated_entries_timed_returns/04,SYNTHETIC_CONTROLLED_V1,controlled,SYNTHETIC,False,BALANCE_INFORMATION_REMOVED,events,before_seed,COMPLETED,feasible_interval,0,0,,,1,ETH,[],raw_by_asset_no_cross_asset_sum,9a066512af3fe36f7474081da0fb9b8047f8014b031748e4bc4803e28042ec31,QUERY_ACCEPTED
controlled-v1/repeated_entries_timed_returns/04,controlled-v1/repeated_entries_timed_returns/04,SYNTHETIC_CONTROLLED_V1,controlled,SYNTHETIC,False,BALANCE_INFORMATION_REMOVED,events,entry_first,COMPLETED,feasible_interval,0,1,,,1,ETH,[],raw_by_asset_no_cross_asset_sum,9a066512af3fe36f7474081da0fb9b8047f8014b031748e4bc4803e28042ec31,QUERY_ACCEPTED
controlled-v1/repeated_entries_timed_returns/04,controlled-v1/repeated_entries_timed_returns/04,SYNTHETIC_CONTROLLED_V1,controlled,SYNTHETIC,False,BALANCE_INFORMATION_REMOVED,events,entry_second,COMPLETED,feasible_interval,0,7,,,8,ETH,[],raw_by_asset_no_cross_asset_sum,9a066512af3fe36f7474081da0fb9b8047f8014b031748e4bc4803e28042ec31,QUERY_ACCEPTED
controlled-v1/repeated_entries_timed_returns/04,controlled-v1/repeated_entries_timed_returns/04,SYNTHETIC_CONTROLLED_V1,controlled,SYNTHETIC,False,BALANCE_INFORMATION_REMOVED,events,other_target,COMPLETED,feasible_interval,0,1,,,1,ETH,[],raw_by_asset_no_cross_asset_sum,9a066512af3fe36f7474081da0fb9b8047f8014b031748e4bc4803e28042ec31,QUERY_ACCEPTED
controlled-v1/repeated_entries_timed_returns/04,controlled-v1/repeated_entries_timed_returns/04,SYNTHETIC_CONTROLLED_V1,controlled,SYNTHETIC,False,BALANCE_INFORMATION_REMOVED,joint_by_asset,ETH,COMPLETED,feasible_interval,0,7,,,11,ETH,[],raw_by_asset_no_cross_asset_sum,9a066512af3fe36f7474081da0fb9b8047f8014b031748e4bc4803e28042ec31,QUERY_ACCEPTED
controlled-v1/repeated_entries_timed_returns/04,controlled-v1/repeated_entries_timed_returns/04,SYNTHETIC_CONTROLLED_V1,controlled,SYNTHETIC,False,FULL_INTERVAL,addresses,T|ETH,COMPLETED,feasible_interval,6,7,,,10,ETH,[],raw_by_asset_no_cross_asset_sum,9a066512af3fe36f7474081da0fb9b8047f8014b031748e4bc4803e28042ec31,QUERY_ACCEPTED
controlled-v1/repeated_entries_timed_returns/04,controlled-v1/repeated_entries_timed_returns/04,SYNTHETIC_CONTROLLED_V1,controlled,SYNTHETIC,False,FULL_INTERVAL,addresses,U|ETH,COMPLETED,feasible_interval,0,1,,,1,ETH,[],raw_by_asset_no_cross_asset_sum,9a066512af3fe36f7474081da0fb9b8047f8014b031748e4bc4803e28042ec31,QUERY_ACCEPTED
controlled-v1/repeated_entries_timed_returns/04,controlled-v1/repeated_entries_timed_returns/04,SYNTHETIC_CONTROLLED_V1,controlled,SYNTHETIC,False,FULL_INTERVAL,events,before_seed,COMPLETED,feasible_interval,0,0,,,1,ETH,[],raw_by_asset_no_cross_asset_sum,9a066512af3fe36f7474081da0fb9b8047f8014b031748e4bc4803e28042ec31,QUERY_ACCEPTED
controlled-v1/repeated_entries_timed_returns/04,controlled-v1/repeated_entries_timed_returns/04,SYNTHETIC_CONTROLLED_V1,controlled,SYNTHETIC,False,FULL_INTERVAL,events,entry_first,COMPLETED,feasible_interval,0,1,,,1,ETH,[],raw_by_asset_no_cross_asset_sum,9a066512af3fe36f7474081da0fb9b8047f8014b031748e4bc4803e28042ec31,QUERY_ACCEPTED
controlled-v1/repeated_entries_timed_returns/04,controlled-v1/repeated_entries_timed_returns/04,SYNTHETIC_CONTROLLED_V1,controlled,SYNTHETIC,False,FULL_INTERVAL,events,entry_second,COMPLETED,feasible_interval,5,7,,,8,ETH,[],raw_by_asset_no_cross_asset_sum,9a066512af3fe36f7474081da0fb9b8047f8014b031748e4bc4803e28042ec31,QUERY_ACCEPTED
controlled-v1/repeated_entries_timed_returns/04,controlled-v1/repeated_entries_timed_returns/04,SYNTHETIC_CONTROLLED_V1,controlled,SYNTHETIC,False,FULL_INTERVAL,events,other_target,COMPLETED,feasible_interval,0,1,,,1,ETH,[],raw_by_asset_no_cross_asset_sum,9a066512af3fe36f7474081da0fb9b8047f8014b031748e4bc4803e28042ec31,QUERY_ACCEPTED
controlled-v1/repeated_entries_timed_returns/04,controlled-v1/repeated_entries_timed_returns/04,SYNTHETIC_CONTROLLED_V1,controlled,SYNTHETIC,False,FULL_INTERVAL,joint_by_asset,ETH,COMPLETED,feasible_interval,7,7,,,11,ETH,[],raw_by_asset_no_cross_asset_sum,9a066512af3fe36f7474081da0fb9b8047f8014b031748e4bc4803e28042ec31,QUERY_ACCEPTED
controlled-v1/repeated_entries_timed_returns/04,controlled-v1/repeated_entries_timed_returns/04,SYNTHETIC_CONTROLLED_V1,controlled,SYNTHETIC,False,BOUNDED_REACHABILITY,addresses,T|ETH,COMPLETED,ADDRESS_EVENT_SET_NO_AMOUNT,,,,,10,ETH,[],raw_by_asset_no_cross_asset_sum,9a066512af3fe36f7474081da0fb9b8047f8014b031748e4bc4803e28042ec31,QUERY_ACCEPTED
controlled-v1/repeated_entries_timed_returns/04,controlled-v1/repeated_entries_timed_returns/04,SYNTHETIC_CONTROLLED_V1,controlled,SYNTHETIC,False,BOUNDED_REACHABILITY,addresses,U|ETH,COMPLETED,ADDRESS_EVENT_SET_NO_AMOUNT,,,,,1,ETH,[],raw_by_asset_no_cross_asset_sum,9a066512af3fe36f7474081da0fb9b8047f8014b031748e4bc4803e28042ec31,QUERY_ACCEPTED
controlled-v1/repeated_entries_timed_returns/04,controlled-v1/repeated_entries_timed_returns/04,SYNTHETIC_CONTROLLED_V1,controlled,SYNTHETIC,False,BOUNDED_REACHABILITY,events,before_seed,COMPLETED,ADDRESS_EVENT_SET_NO_AMOUNT,,,,,1,ETH,[],raw_by_asset_no_cross_asset_sum,9a066512af3fe36f7474081da0fb9b8047f8014b031748e4bc4803e28042ec31,QUERY_ACCEPTED
controlled-v1/repeated_entries_timed_returns/04,controlled-v1/repeated_entries_timed_returns/04,SYNTHETIC_CONTROLLED_V1,controlled,SYNTHETIC,False,BOUNDED_REACHABILITY,events,seed,COMPLETED,ADDRESS_EVENT_SET_NO_AMOUNT,,,,,7,ETH,[],raw_by_asset_no_cross_asset_sum,9a066512af3fe36f7474081da0fb9b8047f8014b031748e4bc4803e28042ec31,QUERY_ACCEPTED
controlled-v1/repeated_entries_timed_returns/04,controlled-v1/repeated_entries_timed_returns/04,SYNTHETIC_CONTROLLED_V1,controlled,SYNTHETIC,False,BOUNDED_REACHABILITY,events,entry_first,COMPLETED,ADDRESS_EVENT_SET_NO_AMOUNT,,,,,1,ETH,[],raw_by_asset_no_cross_asset_sum,9a066512af3fe36f7474081da0fb9b8047f8014b031748e4bc4803e28042ec31,QUERY_ACCEPTED
controlled-v1/repeated_entries_timed_returns/04,controlled-v1/repeated_entries_timed_returns/04,SYNTHETIC_CONTROLLED_V1,controlled,SYNTHETIC,False,BOUNDED_REACHABILITY,events,to_return_account,COMPLETED,ADDRESS_EVENT_SET_NO_AMOUNT,,,,,7,ETH,[],raw_by_asset_no_cross_asset_sum,9a066512af3fe36f7474081da0fb9b8047f8014b031748e4bc4803e28042ec31,QUERY_ACCEPTED
controlled-v1/repeated_entries_timed_returns/04,controlled-v1/repeated_entries_timed_returns/04,SYNTHETIC_CONTROLLED_V1,controlled,SYNTHETIC,False,BOUNDED_REACHABILITY,events,timed_return,COMPLETED,ADDRESS_EVENT_SET_NO_AMOUNT,,,,,7,ETH,[],raw_by_asset_no_cross_asset_sum,9a066512af3fe36f7474081da0fb9b8047f8014b031748e4bc4803e28042ec31,QUERY_ACCEPTED
controlled-v1/repeated_entries_timed_returns/04,controlled-v1/repeated_entries_timed_returns/04,SYNTHETIC_CONTROLLED_V1,controlled,SYNTHETIC,False,BOUNDED_REACHABILITY,events,entry_second,COMPLETED,ADDRESS_EVENT_SET_NO_AMOUNT,,,,,8,ETH,[],raw_by_asset_no_cross_asset_sum,9a066512af3fe36f7474081da0fb9b8047f8014b031748e4bc4803e28042ec31,QUERY_ACCEPTED
controlled-v1/repeated_entries_timed_returns/04,controlled-v1/repeated_entries_timed_returns/04,SYNTHETIC_CONTROLLED_V1,controlled,SYNTHETIC,False,BOUNDED_REACHABILITY,events,other_target,COMPLETED,ADDRESS_EVENT_SET_NO_AMOUNT,,,,,1,ETH,[],raw_by_asset_no_cross_asset_sum,9a066512af3fe36f7474081da0fb9b8047f8014b031748e4bc4803e28042ec31,QUERY_ACCEPTED
controlled-v1/repeated_entries_timed_returns/04,controlled-v1/repeated_entries_timed_returns/04,SYNTHETIC_CONTROLLED_V1,controlled,SYNTHETIC,False,BOUNDED_REACHABILITY,joint_by_asset,ETH,COMPLETED,ADDRESS_EVENT_SET_NO_AMOUNT,,,,,11,ETH,[],raw_by_asset_no_cross_asset_sum,9a066512af3fe36f7474081da0fb9b8047f8014b031748e4bc4803e28042ec31,QUERY_ACCEPTED
controlled-v1/repeated_entries_timed_returns/05,controlled-v1/repeated_entries_timed_returns/05,SYNTHETIC_CONTROLLED_V1,controlled,SYNTHETIC,False,BALANCE_INFORMATION_REMOVED,addresses,T|ETH,COMPLETED,feasible_interval,0,4,,,7,ETH,[],raw_by_asset_no_cross_asset_sum,926ed1aba51f5dfebfa7ba14066bd32c1e30a312794adb68b14003df0bf7508b,QUERY_ACCEPTED
controlled-v1/repeated_entries_timed_returns/05,controlled-v1/repeated_entries_timed_returns/05,SYNTHETIC_CONTROLLED_V1,controlled,SYNTHETIC,False,BALANCE_INFORMATION_REMOVED,addresses,U|ETH,COMPLETED,feasible_interval,0,1,,,1,ETH,[],raw_by_asset_no_cross_asset_sum,926ed1aba51f5dfebfa7ba14066bd32c1e30a312794adb68b14003df0bf7508b,QUERY_ACCEPTED
controlled-v1/repeated_entries_timed_returns/05,controlled-v1/repeated_entries_timed_returns/05,SYNTHETIC_CONTROLLED_V1,controlled,SYNTHETIC,False,BALANCE_INFORMATION_REMOVED,events,before_seed,COMPLETED,feasible_interval,0,0,,,1,ETH,[],raw_by_asset_no_cross_asset_sum,926ed1aba51f5dfebfa7ba14066bd32c1e30a312794adb68b14003df0bf7508b,QUERY_ACCEPTED
controlled-v1/repeated_entries_timed_returns/05,controlled-v1/repeated_entries_timed_returns/05,SYNTHETIC_CONTROLLED_V1,controlled,SYNTHETIC,False,BALANCE_INFORMATION_REMOVED,events,entry_first,COMPLETED,feasible_interval,0,1,,,1,ETH,[],raw_by_asset_no_cross_asset_sum,926ed1aba51f5dfebfa7ba14066bd32c1e30a312794adb68b14003df0bf7508b,QUERY_ACCEPTED
controlled-v1/repeated_entries_timed_returns/05,controlled-v1/repeated_entries_timed_returns/05,SYNTHETIC_CONTROLLED_V1,controlled,SYNTHETIC,False,BALANCE_INFORMATION_REMOVED,events,entry_second,COMPLETED,feasible_interval,0,4,,,5,ETH,[],raw_by_asset_no_cross_asset_sum,926ed1aba51f5dfebfa7ba14066bd32c1e30a312794adb68b14003df0bf7508b,QUERY_ACCEPTED
controlled-v1/repeated_entries_timed_returns/05,controlled-v1/repeated_entries_timed_returns/05,SYNTHETIC_CONTROLLED_V1,controlled,SYNTHETIC,False,BALANCE_INFORMATION_REMOVED,events,other_target,COMPLETED,feasible_interval,0,1,,,1,ETH,[],raw_by_asset_no_cross_asset_sum,926ed1aba51f5dfebfa7ba14066bd32c1e30a312794adb68b14003df0bf7508b,QUERY_ACCEPTED
controlled-v1/repeated_entries_timed_returns/05,controlled-v1/repeated_entries_timed_returns/05,SYNTHETIC_CONTROLLED_V1,controlled,SYNTHETIC,False,BALANCE_INFORMATION_REMOVED,joint_by_asset,ETH,COMPLETED,feasible_interval,0,4,,,8,ETH,[],raw_by_asset_no_cross_asset_sum,926ed1aba51f5dfebfa7ba14066bd32c1e30a312794adb68b14003df0bf7508b,QUERY_ACCEPTED
controlled-v1/repeated_entries_timed_returns/05,controlled-v1/repeated_entries_timed_returns/05,SYNTHETIC_CONTROLLED_V1,controlled,SYNTHETIC,False,FULL_INTERVAL,addresses,T|ETH,COMPLETED,feasible_interval,3,4,,,7,ETH,[],raw_by_asset_no_cross_asset_sum,926ed1aba51f5dfebfa7ba14066bd32c1e30a312794adb68b14003df0bf7508b,QUERY_ACCEPTED
controlled-v1/repeated_entries_timed_returns/05,controlled-v1/repeated_entries_timed_returns/05,SYNTHETIC_CONTROLLED_V1,controlled,SYNTHETIC,False,FULL_INTERVAL,addresses,U|ETH,COMPLETED,feasible_interval,0,1,,,1,ETH,[],raw_by_asset_no_cross_asset_sum,926ed1aba51f5dfebfa7ba14066bd32c1e30a312794adb68b14003df0bf7508b,QUERY_ACCEPTED
controlled-v1/repeated_entries_timed_returns/05,controlled-v1/repeated_entries_timed_returns/05,SYNTHETIC_CONTROLLED_V1,controlled,SYNTHETIC,False,FULL_INTERVAL,events,before_seed,COMPLETED,feasible_interval,0,0,,,1,ETH,[],raw_by_asset_no_cross_asset_sum,926ed1aba51f5dfebfa7ba14066bd32c1e30a312794adb68b14003df0bf7508b,QUERY_ACCEPTED
controlled-v1/repeated_entries_timed_returns/05,controlled-v1/repeated_entries_timed_returns/05,SYNTHETIC_CONTROLLED_V1,controlled,SYNTHETIC,False,FULL_INTERVAL,events,entry_first,COMPLETED,feasible_interval,0,1,,,1,ETH,[],raw_by_asset_no_cross_asset_sum,926ed1aba51f5dfebfa7ba14066bd32c1e30a312794adb68b14003df0bf7508b,QUERY_ACCEPTED
controlled-v1/repeated_entries_timed_returns/05,controlled-v1/repeated_entries_timed_returns/05,SYNTHETIC_CONTROLLED_V1,controlled,SYNTHETIC,False,FULL_INTERVAL,events,entry_second,COMPLETED,feasible_interval,2,4,,,5,ETH,[],raw_by_asset_no_cross_asset_sum,926ed1aba51f5dfebfa7ba14066bd32c1e30a312794adb68b14003df0bf7508b,QUERY_ACCEPTED
controlled-v1/repeated_entries_timed_returns/05,controlled-v1/repeated_entries_timed_returns/05,SYNTHETIC_CONTROLLED_V1,controlled,SYNTHETIC,False,FULL_INTERVAL,events,other_target,COMPLETED,feasible_interval,0,1,,,1,ETH,[],raw_by_asset_no_cross_asset_sum,926ed1aba51f5dfebfa7ba14066bd32c1e30a312794adb68b14003df0bf7508b,QUERY_ACCEPTED
controlled-v1/repeated_entries_timed_returns/05,controlled-v1/repeated_entries_timed_returns/05,SYNTHETIC_CONTROLLED_V1,controlled,SYNTHETIC,False,FULL_INTERVAL,joint_by_asset,ETH,COMPLETED,feasible_interval,4,4,,,8,ETH,[],raw_by_asset_no_cross_asset_sum,926ed1aba51f5dfebfa7ba14066bd32c1e30a312794adb68b14003df0bf7508b,QUERY_ACCEPTED
controlled-v1/repeated_entries_timed_returns/05,controlled-v1/repeated_entries_timed_returns/05,SYNTHETIC_CONTROLLED_V1,controlled,SYNTHETIC,False,BOUNDED_REACHABILITY,addresses,T|ETH,COMPLETED,ADDRESS_EVENT_SET_NO_AMOUNT,,,,,7,ETH,[],raw_by_asset_no_cross_asset_sum,926ed1aba51f5dfebfa7ba14066bd32c1e30a312794adb68b14003df0bf7508b,QUERY_ACCEPTED
controlled-v1/repeated_entries_timed_returns/05,controlled-v1/repeated_entries_timed_returns/05,SYNTHETIC_CONTROLLED_V1,controlled,SYNTHETIC,False,BOUNDED_REACHABILITY,addresses,U|ETH,COMPLETED,ADDRESS_EVENT_SET_NO_AMOUNT,,,,,1,ETH,[],raw_by_asset_no_cross_asset_sum,926ed1aba51f5dfebfa7ba14066bd32c1e30a312794adb68b14003df0bf7508b,QUERY_ACCEPTED
controlled-v1/repeated_entries_timed_returns/05,controlled-v1/repeated_entries_timed_returns/05,SYNTHETIC_CONTROLLED_V1,controlled,SYNTHETIC,False,BOUNDED_REACHABILITY,events,before_seed,COMPLETED,ADDRESS_EVENT_SET_NO_AMOUNT,,,,,1,ETH,[],raw_by_asset_no_cross_asset_sum,926ed1aba51f5dfebfa7ba14066bd32c1e30a312794adb68b14003df0bf7508b,QUERY_ACCEPTED
controlled-v1/repeated_entries_timed_returns/05,controlled-v1/repeated_entries_timed_returns/05,SYNTHETIC_CONTROLLED_V1,controlled,SYNTHETIC,False,BOUNDED_REACHABILITY,events,seed,COMPLETED,ADDRESS_EVENT_SET_NO_AMOUNT,,,,,4,ETH,[],raw_by_asset_no_cross_asset_sum,926ed1aba51f5dfebfa7ba14066bd32c1e30a312794adb68b14003df0bf7508b,QUERY_ACCEPTED
controlled-v1/repeated_entries_timed_returns/05,controlled-v1/repeated_entries_timed_returns/05,SYNTHETIC_CONTROLLED_V1,controlled,SYNTHETIC,False,BOUNDED_REACHABILITY,events,entry_first,COMPLETED,ADDRESS_EVENT_SET_NO_AMOUNT,,,,,1,ETH,[],raw_by_asset_no_cross_asset_sum,926ed1aba51f5dfebfa7ba14066bd32c1e30a312794adb68b14003df0bf7508b,QUERY_ACCEPTED
controlled-v1/repeated_entries_timed_returns/05,controlled-v1/repeated_entries_timed_returns/05,SYNTHETIC_CONTROLLED_V1,controlled,SYNTHETIC,False,BOUNDED_REACHABILITY,events,to_return_account,COMPLETED,ADDRESS_EVENT_SET_NO_AMOUNT,,,,,4,ETH,[],raw_by_asset_no_cross_asset_sum,926ed1aba51f5dfebfa7ba14066bd32c1e30a312794adb68b14003df0bf7508b,QUERY_ACCEPTED
controlled-v1/repeated_entries_timed_returns/05,controlled-v1/repeated_entries_timed_returns/05,SYNTHETIC_CONTROLLED_V1,controlled,SYNTHETIC,False,BOUNDED_REACHABILITY,events,timed_return,COMPLETED,ADDRESS_EVENT_SET_NO_AMOUNT,,,,,4,ETH,[],raw_by_asset_no_cross_asset_sum,926ed1aba51f5dfebfa7ba14066bd32c1e30a312794adb68b14003df0bf7508b,QUERY_ACCEPTED
controlled-v1/repeated_entries_timed_returns/05,controlled-v1/repeated_entries_timed_returns/05,SYNTHETIC_CONTROLLED_V1,controlled,SYNTHETIC,False,BOUNDED_REACHABILITY,events,entry_second,COMPLETED,ADDRESS_EVENT_SET_NO_AMOUNT,,,,,5,ETH,[],raw_by_asset_no_cross_asset_sum,926ed1aba51f5dfebfa7ba14066bd32c1e30a312794adb68b14003df0bf7508b,QUERY_ACCEPTED
controlled-v1/repeated_entries_timed_returns/05,controlled-v1/repeated_entries_timed_returns/05,SYNTHETIC_CONTROLLED_V1,controlled,SYNTHETIC,False,BOUNDED_REACHABILITY,events,other_target,COMPLETED,ADDRESS_EVENT_SET_NO_AMOUNT,,,,,1,ETH,[],raw_by_asset_no_cross_asset_sum,926ed1aba51f5dfebfa7ba14066bd32c1e30a312794adb68b14003df0bf7508b,QUERY_ACCEPTED
controlled-v1/repeated_entries_timed_returns/05,controlled-v1/repeated_entries_timed_returns/05,SYNTHETIC_CONTROLLED_V1,controlled,SYNTHETIC,False,BOUNDED_REACHABILITY,joint_by_asset,ETH,COMPLETED,ADDRESS_EVENT_SET_NO_AMOUNT,,,,,8,ETH,[],raw_by_asset_no_cross_asset_sum,926ed1aba51f5dfebfa7ba14066bd32c1e30a312794adb68b14003df0bf7508b,QUERY_ACCEPTED
controlled-v1/repeated_entries_timed_returns/05,controlled-v1/repeated_entries_timed_returns/05,SYNTHETIC_CONTROLLED_V1,controlled,SYNTHETIC,False,POISON,addresses,T|ETH,COMPLETED,POISON_NOMINAL_RAW,,,,6,7,ETH,[],raw_by_asset_no_cross_asset_sum,926ed1aba51f5dfebfa7ba14066bd32c1e30a312794adb68b14003df0bf7508b,QUERY_ACCEPTED
controlled-v1/repeated_entries_timed_returns/05,controlled-v1/repeated_entries_timed_returns/05,SYNTHETIC_CONTROLLED_V1,controlled,SYNTHETIC,False,POISON,addresses,U|ETH,COMPLETED,POISON_NOMINAL_RAW,,,,1,1,ETH,[],raw_by_asset_no_cross_asset_sum,926ed1aba51f5dfebfa7ba14066bd32c1e30a312794adb68b14003df0bf7508b,QUERY_ACCEPTED
controlled-v1/repeated_entries_timed_returns/05,controlled-v1/repeated_entries_timed_returns/05,SYNTHETIC_CONTROLLED_V1,controlled,SYNTHETIC,False,POISON,events,before_seed,COMPLETED,POISON_NOMINAL_RAW,,,,0,1,ETH,[],raw_by_asset_no_cross_asset_sum,926ed1aba51f5dfebfa7ba14066bd32c1e30a312794adb68b14003df0bf7508b,QUERY_ACCEPTED
controlled-v1/repeated_entries_timed_returns/05,controlled-v1/repeated_entries_timed_returns/05,SYNTHETIC_CONTROLLED_V1,controlled,SYNTHETIC,False,POISON,events,seed,COMPLETED,POISON_NOMINAL_RAW,,,,4,4,ETH,[],raw_by_asset_no_cross_asset_sum,926ed1aba51f5dfebfa7ba14066bd32c1e30a312794adb68b14003df0bf7508b,QUERY_ACCEPTED
controlled-v1/repeated_entries_timed_returns/05,controlled-v1/repeated_entries_timed_returns/05,SYNTHETIC_CONTROLLED_V1,controlled,SYNTHETIC,False,POISON,events,entry_first,COMPLETED,POISON_NOMINAL_RAW,,,,1,1,ETH,[],raw_by_asset_no_cross_asset_sum,926ed1aba51f5dfebfa7ba14066bd32c1e30a312794adb68b14003df0bf7508b,QUERY_ACCEPTED
controlled-v1/repeated_entries_timed_returns/05,controlled-v1/repeated_entries_timed_returns/05,SYNTHETIC_CONTROLLED_V1,controlled,SYNTHETIC,False,POISON,events,to_return_account,COMPLETED,POISON_NOMINAL_RAW,,,,4,4,ETH,[],raw_by_asset_no_cross_asset_sum,926ed1aba51f5dfebfa7ba14066bd32c1e30a312794adb68b14003df0bf7508b,QUERY_ACCEPTED
controlled-v1/repeated_entries_timed_returns/05,controlled-v1/repeated_entries_timed_returns/05,SYNTHETIC_CONTROLLED_V1,controlled,SYNTHETIC,False,POISON,events,timed_return,COMPLETED,POISON_NOMINAL_RAW,,,,4,4,ETH,[],raw_by_asset_no_cross_asset_sum,926ed1aba51f5dfebfa7ba14066bd32c1e30a312794adb68b14003df0bf7508b,QUERY_ACCEPTED
controlled-v1/repeated_entries_timed_returns/05,controlled-v1/repeated_entries_timed_returns/05,SYNTHETIC_CONTROLLED_V1,controlled,SYNTHETIC,False,POISON,events,entry_second,COMPLETED,POISON_NOMINAL_RAW,,,,5,5,ETH,[],raw_by_asset_no_cross_asset_sum,926ed1aba51f5dfebfa7ba14066bd32c1e30a312794adb68b14003df0bf7508b,QUERY_ACCEPTED
controlled-v1/repeated_entries_timed_returns/05,controlled-v1/repeated_entries_timed_returns/05,SYNTHETIC_CONTROLLED_V1,controlled,SYNTHETIC,False,POISON,events,other_target,COMPLETED,POISON_NOMINAL_RAW,,,,1,1,ETH,[],raw_by_asset_no_cross_asset_sum,926ed1aba51f5dfebfa7ba14066bd32c1e30a312794adb68b14003df0bf7508b,QUERY_ACCEPTED
controlled-v1/repeated_entries_timed_returns/05,controlled-v1/repeated_entries_timed_returns/05,SYNTHETIC_CONTROLLED_V1,controlled,SYNTHETIC,False,POISON,joint_by_asset,ETH,COMPLETED,POISON_NOMINAL_RAW,,,,7,8,ETH,[],raw_by_asset_no_cross_asset_sum,926ed1aba51f5dfebfa7ba14066bd32c1e30a312794adb68b14003df0bf7508b,QUERY_ACCEPTED
controlled-v1/repeated_entries_timed_returns/05,controlled-v1/repeated_entries_timed_returns/05,SYNTHETIC_CONTROLLED_V1,controlled,SYNTHETIC,False,HAIRCUT,addresses,T|ETH,COMPLETED,PROPORTIONAL_FEASIBLE_POINT,,,52/15,,7,ETH,[],raw_by_asset_no_cross_asset_sum,926ed1aba51f5dfebfa7ba14066bd32c1e30a312794adb68b14003df0bf7508b,QUERY_ACCEPTED
controlled-v1/repeated_entries_timed_returns/05,controlled-v1/repeated_entries_timed_returns/05,SYNTHETIC_CONTROLLED_V1,controlled,SYNTHETIC,False,HAIRCUT,addresses,U|ETH,COMPLETED,PROPORTIONAL_FEASIBLE_POINT,,,8/15,,1,ETH,[],raw_by_asset_no_cross_asset_sum,926ed1aba51f5dfebfa7ba14066bd32c1e30a312794adb68b14003df0bf7508b,QUERY_ACCEPTED
controlled-v1/repeated_entries_timed_returns/05,controlled-v1/repeated_entries_timed_returns/05,SYNTHETIC_CONTROLLED_V1,controlled,SYNTHETIC,False,HAIRCUT,events,before_seed,COMPLETED,PROPORTIONAL_FEASIBLE_POINT,,,0,,1,ETH,[],raw_by_asset_no_cross_asset_sum,926ed1aba51f5dfebfa7ba14066bd32c1e30a312794adb68b14003df0bf7508b,QUERY_ACCEPTED
controlled-v1/repeated_entries_timed_returns/05,controlled-v1/repeated_entries_timed_returns/05,SYNTHETIC_CONTROLLED_V1,controlled,SYNTHETIC,False,HAIRCUT,events,seed,COMPLETED,PROPORTIONAL_FEASIBLE_POINT,,,4,,4,ETH,[],raw_by_asset_no_cross_asset_sum,926ed1aba51f5dfebfa7ba14066bd32c1e30a312794adb68b14003df0bf7508b,QUERY_ACCEPTED
controlled-v1/repeated_entries_timed_returns/05,controlled-v1/repeated_entries_timed_returns/05,SYNTHETIC_CONTROLLED_V1,controlled,SYNTHETIC,False,HAIRCUT,events,entry_first,COMPLETED,PROPORTIONAL_FEASIBLE_POINT,,,2/3,,1,ETH,[],raw_by_asset_no_cross_asset_sum,926ed1aba51f5dfebfa7ba14066bd32c1e30a312794adb68b14003df0bf7508b,QUERY_ACCEPTED
controlled-v1/repeated_entries_timed_returns/05,controlled-v1/repeated_entries_timed_returns/05,SYNTHETIC_CONTROLLED_V1,controlled,SYNTHETIC,False,HAIRCUT,events,to_return_account,COMPLETED,PROPORTIONAL_FEASIBLE_POINT,,,8/3,,4,ETH,[],raw_by_asset_no_cross_asset_sum,926ed1aba51f5dfebfa7ba14066bd32c1e30a312794adb68b14003df0bf7508b,QUERY_ACCEPTED
controlled-v1/repeated_entries_timed_returns/05,controlled-v1/repeated_entries_timed_returns/05,SYNTHETIC_CONTROLLED_V1,controlled,SYNTHETIC,False,HAIRCUT,events,timed_return,COMPLETED,PROPORTIONAL_FEASIBLE_POINT,,,32/15,,4,ETH,[],raw_by_asset_no_cross_asset_sum,926ed1aba51f5dfebfa7ba14066bd32c1e30a312794adb68b14003df0bf7508b,QUERY_ACCEPTED
controlled-v1/repeated_entries_timed_returns/05,controlled-v1/repeated_entries_timed_returns/05,SYNTHETIC_CONTROLLED_V1,controlled,SYNTHETIC,False,HAIRCUT,events,entry_second,COMPLETED,PROPORTIONAL_FEASIBLE_POINT,,,14/5,,5,ETH,[],raw_by_asset_no_cross_asset_sum,926ed1aba51f5dfebfa7ba14066bd32c1e30a312794adb68b14003df0bf7508b,QUERY_ACCEPTED
controlled-v1/repeated_entries_timed_returns/05,controlled-v1/repeated_entries_timed_returns/05,SYNTHETIC_CONTROLLED_V1,controlled,SYNTHETIC,False,HAIRCUT,events,other_target,COMPLETED,PROPORTIONAL_FEASIBLE_POINT,,,8/15,,1,ETH,[],raw_by_asset_no_cross_asset_sum,926ed1aba51f5dfebfa7ba14066bd32c1e30a312794adb68b14003df0bf7508b,QUERY_ACCEPTED
controlled-v1/repeated_entries_timed_returns/05,controlled-v1/repeated_entries_timed_returns/05,SYNTHETIC_CONTROLLED_V1,controlled,SYNTHETIC,False,HAIRCUT,joint_by_asset,ETH,COMPLETED,PROPORTIONAL_FEASIBLE_POINT,,,4,,8,ETH,[],raw_by_asset_no_cross_asset_sum,926ed1aba51f5dfebfa7ba14066bd32c1e30a312794adb68b14003df0bf7508b,QUERY_ACCEPTED
controlled-v1/repeated_entries_timed_returns/05,controlled-v1/repeated_entries_timed_returns/05,SYNTHETIC_CONTROLLED_V1,controlled,SYNTHETIC,False,NO_CROSS_TARGET_COUPLING,addresses,T|ETH,COMPLETED,product_of_target_specific_copies,3,4,,,7,ETH,[],raw_by_asset_no_cross_asset_sum,926ed1aba51f5dfebfa7ba14066bd32c1e30a312794adb68b14003df0bf7508b,QUERY_ACCEPTED
controlled-v1/repeated_entries_timed_returns/05,controlled-v1/repeated_entries_timed_returns/05,SYNTHETIC_CONTROLLED_V1,controlled,SYNTHETIC,False,NO_CROSS_TARGET_COUPLING,addresses,U|ETH,COMPLETED,product_of_target_specific_copies,0,1,,,1,ETH,[],raw_by_asset_no_cross_asset_sum,926ed1aba51f5dfebfa7ba14066bd32c1e30a312794adb68b14003df0bf7508b,QUERY_ACCEPTED
controlled-v1/repeated_entries_timed_returns/05,controlled-v1/repeated_entries_timed_returns/05,SYNTHETIC_CONTROLLED_V1,controlled,SYNTHETIC,False,NO_CROSS_TARGET_COUPLING,events,before_seed,COMPLETED,product_of_target_specific_copies,0,0,,,1,ETH,[],raw_by_asset_no_cross_asset_sum,926ed1aba51f5dfebfa7ba14066bd32c1e30a312794adb68b14003df0bf7508b,QUERY_ACCEPTED
controlled-v1/repeated_entries_timed_returns/05,controlled-v1/repeated_entries_timed_returns/05,SYNTHETIC_CONTROLLED_V1,controlled,SYNTHETIC,False,NO_CROSS_TARGET_COUPLING,events,entry_first,COMPLETED,product_of_target_specific_copies,0,1,,,1,ETH,[],raw_by_asset_no_cross_asset_sum,926ed1aba51f5dfebfa7ba14066bd32c1e30a312794adb68b14003df0bf7508b,QUERY_ACCEPTED
controlled-v1/repeated_entries_timed_returns/05,controlled-v1/repeated_entries_timed_returns/05,SYNTHETIC_CONTROLLED_V1,controlled,SYNTHETIC,False,NO_CROSS_TARGET_COUPLING,events,entry_second,COMPLETED,product_of_target_specific_copies,2,4,,,5,ETH,[],raw_by_asset_no_cross_asset_sum,926ed1aba51f5dfebfa7ba14066bd32c1e30a312794adb68b14003df0bf7508b,QUERY_ACCEPTED
controlled-v1/repeated_entries_timed_returns/05,controlled-v1/repeated_entries_timed_returns/05,SYNTHETIC_CONTROLLED_V1,controlled,SYNTHETIC,False,NO_CROSS_TARGET_COUPLING,events,other_target,COMPLETED,product_of_target_specific_copies,0,1,,,1,ETH,[],raw_by_asset_no_cross_asset_sum,926ed1aba51f5dfebfa7ba14066bd32c1e30a312794adb68b14003df0bf7508b,QUERY_ACCEPTED
controlled-v1/repeated_entries_timed_returns/05,controlled-v1/repeated_entries_timed_returns/05,SYNTHETIC_CONTROLLED_V1,controlled,SYNTHETIC,False,NO_CROSS_TARGET_COUPLING,joint_by_asset,ETH,COMPLETED,product_of_target_specific_copies,3,5,,,8,ETH,[],raw_by_asset_no_cross_asset_sum,926ed1aba51f5dfebfa7ba14066bd32c1e30a312794adb68b14003df0bf7508b,QUERY_ACCEPTED
controlled-v1/repeated_entries_timed_returns/05,controlled-v1/repeated_entries_timed_returns/05,SYNTHETIC_CONTROLLED_V1,controlled,SYNTHETIC,False,NO_PROTOCOL_CONTINUATION,addresses,T|ETH,COMPLETED,feasible_interval,3,4,,,7,ETH,[],raw_by_asset_no_cross_asset_sum,926ed1aba51f5dfebfa7ba14066bd32c1e30a312794adb68b14003df0bf7508b,QUERY_ACCEPTED
controlled-v1/repeated_entries_timed_returns/05,controlled-v1/repeated_entries_timed_returns/05,SYNTHETIC_CONTROLLED_V1,controlled,SYNTHETIC,False,NO_PROTOCOL_CONTINUATION,addresses,U|ETH,COMPLETED,feasible_interval,0,1,,,1,ETH,[],raw_by_asset_no_cross_asset_sum,926ed1aba51f5dfebfa7ba14066bd32c1e30a312794adb68b14003df0bf7508b,QUERY_ACCEPTED
controlled-v1/repeated_entries_timed_returns/05,controlled-v1/repeated_entries_timed_returns/05,SYNTHETIC_CONTROLLED_V1,controlled,SYNTHETIC,False,NO_PROTOCOL_CONTINUATION,events,before_seed,COMPLETED,feasible_interval,0,0,,,1,ETH,[],raw_by_asset_no_cross_asset_sum,926ed1aba51f5dfebfa7ba14066bd32c1e30a312794adb68b14003df0bf7508b,QUERY_ACCEPTED
controlled-v1/repeated_entries_timed_returns/05,controlled-v1/repeated_entries_timed_returns/05,SYNTHETIC_CONTROLLED_V1,controlled,SYNTHETIC,False,NO_PROTOCOL_CONTINUATION,events,entry_first,COMPLETED,feasible_interval,0,1,,,1,ETH,[],raw_by_asset_no_cross_asset_sum,926ed1aba51f5dfebfa7ba14066bd32c1e30a312794adb68b14003df0bf7508b,QUERY_ACCEPTED
controlled-v1/repeated_entries_timed_returns/05,controlled-v1/repeated_entries_timed_returns/05,SYNTHETIC_CONTROLLED_V1,controlled,SYNTHETIC,False,NO_PROTOCOL_CONTINUATION,events,entry_second,COMPLETED,feasible_interval,2,4,,,5,ETH,[],raw_by_asset_no_cross_asset_sum,926ed1aba51f5dfebfa7ba14066bd32c1e30a312794adb68b14003df0bf7508b,QUERY_ACCEPTED
controlled-v1/repeated_entries_timed_returns/05,controlled-v1/repeated_entries_timed_returns/05,SYNTHETIC_CONTROLLED_V1,controlled,SYNTHETIC,False,NO_PROTOCOL_CONTINUATION,events,other_target,COMPLETED,feasible_interval,0,1,,,1,ETH,[],raw_by_asset_no_cross_asset_sum,926ed1aba51f5dfebfa7ba14066bd32c1e30a312794adb68b14003df0bf7508b,QUERY_ACCEPTED
controlled-v1/repeated_entries_timed_returns/05,controlled-v1/repeated_entries_timed_returns/05,SYNTHETIC_CONTROLLED_V1,controlled,SYNTHETIC,False,NO_PROTOCOL_CONTINUATION,joint_by_asset,ETH,COMPLETED,feasible_interval,4,4,,,8,ETH,[],raw_by_asset_no_cross_asset_sum,926ed1aba51f5dfebfa7ba14066bd32c1e30a312794adb68b14003df0bf7508b,QUERY_ACCEPTED
controlled-v1/repeated_entries_timed_returns/06,controlled-v1/repeated_entries_timed_returns/06,SYNTHETIC_CONTROLLED_V1,controlled,SYNTHETIC,False,BOUNDED_REACHABILITY,addresses,T|ETH,COMPLETED,ADDRESS_EVENT_SET_NO_AMOUNT,,,,,14,ETH,[],raw_by_asset_no_cross_asset_sum,edd92918d0cb5a99c3b9f4de33d889855a143b450496db0ffdd3ed0e317712bf,QUERY_ACCEPTED
controlled-v1/repeated_entries_timed_returns/06,controlled-v1/repeated_entries_timed_returns/06,SYNTHETIC_CONTROLLED_V1,controlled,SYNTHETIC,False,BOUNDED_REACHABILITY,addresses,U|ETH,COMPLETED,ADDRESS_EVENT_SET_NO_AMOUNT,,,,,1,ETH,[],raw_by_asset_no_cross_asset_sum,edd92918d0cb5a99c3b9f4de33d889855a143b450496db0ffdd3ed0e317712bf,QUERY_ACCEPTED
controlled-v1/repeated_entries_timed_returns/06,controlled-v1/repeated_entries_timed_returns/06,SYNTHETIC_CONTROLLED_V1,controlled,SYNTHETIC,False,BOUNDED_REACHABILITY,events,before_seed,COMPLETED,ADDRESS_EVENT_SET_NO_AMOUNT,,,,,1,ETH,[],raw_by_asset_no_cross_asset_sum,edd92918d0cb5a99c3b9f4de33d889855a143b450496db0ffdd3ed0e317712bf,QUERY_ACCEPTED
controlled-v1/repeated_entries_timed_returns/06,controlled-v1/repeated_entries_timed_returns/06,SYNTHETIC_CONTROLLED_V1,controlled,SYNTHETIC,False,BOUNDED_REACHABILITY,events,seed,COMPLETED,ADDRESS_EVENT_SET_NO_AMOUNT,,,,,8,ETH,[],raw_by_asset_no_cross_asset_sum,edd92918d0cb5a99c3b9f4de33d889855a143b450496db0ffdd3ed0e317712bf,QUERY_ACCEPTED
controlled-v1/repeated_entries_timed_returns/06,controlled-v1/repeated_entries_timed_returns/06,SYNTHETIC_CONTROLLED_V1,controlled,SYNTHETIC,False,BOUNDED_REACHABILITY,events,entry_first,COMPLETED,ADDRESS_EVENT_SET_NO_AMOUNT,,,,,1,ETH,[],raw_by_asset_no_cross_asset_sum,edd92918d0cb5a99c3b9f4de33d889855a143b450496db0ffdd3ed0e317712bf,QUERY_ACCEPTED
controlled-v1/repeated_entries_timed_returns/06,controlled-v1/repeated_entries_timed_returns/06,SYNTHETIC_CONTROLLED_V1,controlled,SYNTHETIC,False,BOUNDED_REACHABILITY,events,to_return_account,COMPLETED,ADDRESS_EVENT_SET_NO_AMOUNT,,,,,11,ETH,[],raw_by_asset_no_cross_asset_sum,edd92918d0cb5a99c3b9f4de33d889855a143b450496db0ffdd3ed0e317712bf,QUERY_ACCEPTED
controlled-v1/repeated_entries_timed_returns/06,controlled-v1/repeated_entries_timed_returns/06,SYNTHETIC_CONTROLLED_V1,controlled,SYNTHETIC,False,BOUNDED_REACHABILITY,events,timed_return,COMPLETED,ADDRESS_EVENT_SET_NO_AMOUNT,,,,,11,ETH,[],raw_by_asset_no_cross_asset_sum,edd92918d0cb5a99c3b9f4de33d889855a143b450496db0ffdd3ed0e317712bf,QUERY_ACCEPTED
controlled-v1/repeated_entries_timed_returns/06,controlled-v1/repeated_entries_timed_returns/06,SYNTHETIC_CONTROLLED_V1,controlled,SYNTHETIC,False,BOUNDED_REACHABILITY,events,entry_second,COMPLETED,ADDRESS_EVENT_SET_NO_AMOUNT,,,,,12,ETH,[],raw_by_asset_no_cross_asset_sum,edd92918d0cb5a99c3b9f4de33d889855a143b450496db0ffdd3ed0e317712bf,QUERY_ACCEPTED
controlled-v1/repeated_entries_timed_returns/06,controlled-v1/repeated_entries_timed_returns/06,SYNTHETIC_CONTROLLED_V1,controlled,SYNTHETIC,False,BOUNDED_REACHABILITY,events,other_target,COMPLETED,ADDRESS_EVENT_SET_NO_AMOUNT,,,,,1,ETH,[],raw_by_asset_no_cross_asset_sum,edd92918d0cb5a99c3b9f4de33d889855a143b450496db0ffdd3ed0e317712bf,QUERY_ACCEPTED
controlled-v1/repeated_entries_timed_returns/06,controlled-v1/repeated_entries_timed_returns/06,SYNTHETIC_CONTROLLED_V1,controlled,SYNTHETIC,False,BOUNDED_REACHABILITY,joint_by_asset,ETH,COMPLETED,ADDRESS_EVENT_SET_NO_AMOUNT,,,,,15,ETH,[],raw_by_asset_no_cross_asset_sum,edd92918d0cb5a99c3b9f4de33d889855a143b450496db0ffdd3ed0e317712bf,QUERY_ACCEPTED
controlled-v1/repeated_entries_timed_returns/06,controlled-v1/repeated_entries_timed_returns/06,SYNTHETIC_CONTROLLED_V1,controlled,SYNTHETIC,False,POISON,addresses,T|ETH,COMPLETED,POISON_NOMINAL_RAW,,,,13,14,ETH,[],raw_by_asset_no_cross_asset_sum,edd92918d0cb5a99c3b9f4de33d889855a143b450496db0ffdd3ed0e317712bf,QUERY_ACCEPTED
controlled-v1/repeated_entries_timed_returns/06,controlled-v1/repeated_entries_timed_returns/06,SYNTHETIC_CONTROLLED_V1,controlled,SYNTHETIC,False,POISON,addresses,U|ETH,COMPLETED,POISON_NOMINAL_RAW,,,,1,1,ETH,[],raw_by_asset_no_cross_asset_sum,edd92918d0cb5a99c3b9f4de33d889855a143b450496db0ffdd3ed0e317712bf,QUERY_ACCEPTED
controlled-v1/repeated_entries_timed_returns/06,controlled-v1/repeated_entries_timed_returns/06,SYNTHETIC_CONTROLLED_V1,controlled,SYNTHETIC,False,POISON,events,before_seed,COMPLETED,POISON_NOMINAL_RAW,,,,0,1,ETH,[],raw_by_asset_no_cross_asset_sum,edd92918d0cb5a99c3b9f4de33d889855a143b450496db0ffdd3ed0e317712bf,QUERY_ACCEPTED
controlled-v1/repeated_entries_timed_returns/06,controlled-v1/repeated_entries_timed_returns/06,SYNTHETIC_CONTROLLED_V1,controlled,SYNTHETIC,False,POISON,events,seed,COMPLETED,POISON_NOMINAL_RAW,,,,8,8,ETH,[],raw_by_asset_no_cross_asset_sum,edd92918d0cb5a99c3b9f4de33d889855a143b450496db0ffdd3ed0e317712bf,QUERY_ACCEPTED
controlled-v1/repeated_entries_timed_returns/06,controlled-v1/repeated_entries_timed_returns/06,SYNTHETIC_CONTROLLED_V1,controlled,SYNTHETIC,False,POISON,events,entry_first,COMPLETED,POISON_NOMINAL_RAW,,,,1,1,ETH,[],raw_by_asset_no_cross_asset_sum,edd92918d0cb5a99c3b9f4de33d889855a143b450496db0ffdd3ed0e317712bf,QUERY_ACCEPTED
controlled-v1/repeated_entries_timed_returns/06,controlled-v1/repeated_entries_timed_returns/06,SYNTHETIC_CONTROLLED_V1,controlled,SYNTHETIC,False,POISON,events,to_return_account,COMPLETED,POISON_NOMINAL_RAW,,,,11,11,ETH,[],raw_by_asset_no_cross_asset_sum,edd92918d0cb5a99c3b9f4de33d889855a143b450496db0ffdd3ed0e317712bf,QUERY_ACCEPTED
controlled-v1/repeated_entries_timed_returns/06,controlled-v1/repeated_entries_timed_returns/06,SYNTHETIC_CONTROLLED_V1,controlled,SYNTHETIC,False,POISON,events,timed_return,COMPLETED,POISON_NOMINAL_RAW,,,,11,11,ETH,[],raw_by_asset_no_cross_asset_sum,edd92918d0cb5a99c3b9f4de33d889855a143b450496db0ffdd3ed0e317712bf,QUERY_ACCEPTED
controlled-v1/repeated_entries_timed_returns/06,controlled-v1/repeated_entries_timed_returns/06,SYNTHETIC_CONTROLLED_V1,controlled,SYNTHETIC,False,POISON,events,entry_second,COMPLETED,POISON_NOMINAL_RAW,,,,12,12,ETH,[],raw_by_asset_no_cross_asset_sum,edd92918d0cb5a99c3b9f4de33d889855a143b450496db0ffdd3ed0e317712bf,QUERY_ACCEPTED
controlled-v1/repeated_entries_timed_returns/06,controlled-v1/repeated_entries_timed_returns/06,SYNTHETIC_CONTROLLED_V1,controlled,SYNTHETIC,False,POISON,events,other_target,COMPLETED,POISON_NOMINAL_RAW,,,,1,1,ETH,[],raw_by_asset_no_cross_asset_sum,edd92918d0cb5a99c3b9f4de33d889855a143b450496db0ffdd3ed0e317712bf,QUERY_ACCEPTED
controlled-v1/repeated_entries_timed_returns/06,controlled-v1/repeated_entries_timed_returns/06,SYNTHETIC_CONTROLLED_V1,controlled,SYNTHETIC,False,POISON,joint_by_asset,ETH,COMPLETED,POISON_NOMINAL_RAW,,,,14,15,ETH,[],raw_by_asset_no_cross_asset_sum,edd92918d0cb5a99c3b9f4de33d889855a143b450496db0ffdd3ed0e317712bf,QUERY_ACCEPTED
controlled-v1/repeated_entries_timed_returns/06,controlled-v1/repeated_entries_timed_returns/06,SYNTHETIC_CONTROLLED_V1,controlled,SYNTHETIC,False,HAIRCUT,addresses,T|ETH,COMPLETED,PROPORTIONAL_FEASIBLE_POINT,,,290/39,,14,ETH,[],raw_by_asset_no_cross_asset_sum,edd92918d0cb5a99c3b9f4de33d889855a143b450496db0ffdd3ed0e317712bf,QUERY_ACCEPTED
controlled-v1/repeated_entries_timed_returns/06,controlled-v1/repeated_entries_timed_returns/06,SYNTHETIC_CONTROLLED_V1,controlled,SYNTHETIC,False,HAIRCUT,addresses,U|ETH,COMPLETED,PROPORTIONAL_FEASIBLE_POINT,,,22/39,,1,ETH,[],raw_by_asset_no_cross_asset_sum,edd92918d0cb5a99c3b9f4de33d889855a143b450496db0ffdd3ed0e317712bf,QUERY_ACCEPTED
controlled-v1/repeated_entries_timed_returns/06,controlled-v1/repeated_entries_timed_returns/06,SYNTHETIC_CONTROLLED_V1,controlled,SYNTHETIC,False,HAIRCUT,events,before_seed,COMPLETED,PROPORTIONAL_FEASIBLE_POINT,,,0,,1,ETH,[],raw_by_asset_no_cross_asset_sum,edd92918d0cb5a99c3b9f4de33d889855a143b450496db0ffdd3ed0e317712bf,QUERY_ACCEPTED
controlled-v1/repeated_entries_timed_returns/06,controlled-v1/repeated_entries_timed_returns/06,SYNTHETIC_CONTROLLED_V1,controlled,SYNTHETIC,False,HAIRCUT,events,seed,COMPLETED,PROPORTIONAL_FEASIBLE_POINT,,,8,,8,ETH,[],raw_by_asset_no_cross_asset_sum,edd92918d0cb5a99c3b9f4de33d889855a143b450496db0ffdd3ed0e317712bf,QUERY_ACCEPTED
controlled-v1/repeated_entries_timed_returns/06,controlled-v1/repeated_entries_timed_returns/06,SYNTHETIC_CONTROLLED_V1,controlled,SYNTHETIC,False,HAIRCUT,events,entry_first,COMPLETED,PROPORTIONAL_FEASIBLE_POINT,,,8/13,,1,ETH,[],raw_by_asset_no_cross_asset_sum,edd92918d0cb5a99c3b9f4de33d889855a143b450496db0ffdd3ed0e317712bf,QUERY_ACCEPTED
controlled-v1/repeated_entries_timed_returns/06,controlled-v1/repeated_entries_timed_returns/06,SYNTHETIC_CONTROLLED_V1,controlled,SYNTHETIC,False,HAIRCUT,events,to_return_account,COMPLETED,PROPORTIONAL_FEASIBLE_POINT,,,88/13,,11,ETH,[],raw_by_asset_no_cross_asset_sum,edd92918d0cb5a99c3b9f4de33d889855a143b450496db0ffdd3ed0e317712bf,QUERY_ACCEPTED
controlled-v1/repeated_entries_timed_returns/06,controlled-v1/repeated_entries_timed_returns/06,SYNTHETIC_CONTROLLED_V1,controlled,SYNTHETIC,False,HAIRCUT,events,timed_return,COMPLETED,PROPORTIONAL_FEASIBLE_POINT,,,242/39,,11,ETH,[],raw_by_asset_no_cross_asset_sum,edd92918d0cb5a99c3b9f4de33d889855a143b450496db0ffdd3ed0e317712bf,QUERY_ACCEPTED
controlled-v1/repeated_entries_timed_returns/06,controlled-v1/repeated_entries_timed_returns/06,SYNTHETIC_CONTROLLED_V1,controlled,SYNTHETIC,False,HAIRCUT,events,entry_second,COMPLETED,PROPORTIONAL_FEASIBLE_POINT,,,266/39,,12,ETH,[],raw_by_asset_no_cross_asset_sum,edd92918d0cb5a99c3b9f4de33d889855a143b450496db0ffdd3ed0e317712bf,QUERY_ACCEPTED
controlled-v1/repeated_entries_timed_returns/06,controlled-v1/repeated_entries_timed_returns/06,SYNTHETIC_CONTROLLED_V1,controlled,SYNTHETIC,False,HAIRCUT,events,other_target,COMPLETED,PROPORTIONAL_FEASIBLE_POINT,,,22/39,,1,ETH,[],raw_by_asset_no_cross_asset_sum,edd92918d0cb5a99c3b9f4de33d889855a143b450496db0ffdd3ed0e317712bf,QUERY_ACCEPTED
controlled-v1/repeated_entries_timed_returns/06,controlled-v1/repeated_entries_timed_returns/06,SYNTHETIC_CONTROLLED_V1,controlled,SYNTHETIC,False,HAIRCUT,joint_by_asset,ETH,COMPLETED,PROPORTIONAL_FEASIBLE_POINT,,,8,,15,ETH,[],raw_by_asset_no_cross_asset_sum,edd92918d0cb5a99c3b9f4de33d889855a143b450496db0ffdd3ed0e317712bf,QUERY_ACCEPTED
controlled-v1/repeated_entries_timed_returns/06,controlled-v1/repeated_entries_timed_returns/06,SYNTHETIC_CONTROLLED_V1,controlled,SYNTHETIC,False,NO_CROSS_TARGET_COUPLING,addresses,T|ETH,COMPLETED,product_of_target_specific_copies,7,8,,,14,ETH,[],raw_by_asset_no_cross_asset_sum,edd92918d0cb5a99c3b9f4de33d889855a143b450496db0ffdd3ed0e317712bf,QUERY_ACCEPTED
controlled-v1/repeated_entries_timed_returns/06,controlled-v1/repeated_entries_timed_returns/06,SYNTHETIC_CONTROLLED_V1,controlled,SYNTHETIC,False,NO_CROSS_TARGET_COUPLING,addresses,U|ETH,COMPLETED,product_of_target_specific_copies,0,1,,,1,ETH,[],raw_by_asset_no_cross_asset_sum,edd92918d0cb5a99c3b9f4de33d889855a143b450496db0ffdd3ed0e317712bf,QUERY_ACCEPTED
controlled-v1/repeated_entries_timed_returns/06,controlled-v1/repeated_entries_timed_returns/06,SYNTHETIC_CONTROLLED_V1,controlled,SYNTHETIC,False,NO_CROSS_TARGET_COUPLING,events,before_seed,COMPLETED,product_of_target_specific_copies,0,0,,,1,ETH,[],raw_by_asset_no_cross_asset_sum,edd92918d0cb5a99c3b9f4de33d889855a143b450496db0ffdd3ed0e317712bf,QUERY_ACCEPTED
controlled-v1/repeated_entries_timed_returns/06,controlled-v1/repeated_entries_timed_returns/06,SYNTHETIC_CONTROLLED_V1,controlled,SYNTHETIC,False,NO_CROSS_TARGET_COUPLING,events,entry_first,COMPLETED,product_of_target_specific_copies,0,1,,,1,ETH,[],raw_by_asset_no_cross_asset_sum,edd92918d0cb5a99c3b9f4de33d889855a143b450496db0ffdd3ed0e317712bf,QUERY_ACCEPTED
controlled-v1/repeated_entries_timed_returns/06,controlled-v1/repeated_entries_timed_returns/06,SYNTHETIC_CONTROLLED_V1,controlled,SYNTHETIC,False,NO_CROSS_TARGET_COUPLING,events,entry_second,COMPLETED,product_of_target_specific_copies,6,8,,,12,ETH,[],raw_by_asset_no_cross_asset_sum,edd92918d0cb5a99c3b9f4de33d889855a143b450496db0ffdd3ed0e317712bf,QUERY_ACCEPTED
controlled-v1/repeated_entries_timed_returns/06,controlled-v1/repeated_entries_timed_returns/06,SYNTHETIC_CONTROLLED_V1,controlled,SYNTHETIC,False,NO_CROSS_TARGET_COUPLING,events,other_target,COMPLETED,product_of_target_specific_copies,0,1,,,1,ETH,[],raw_by_asset_no_cross_asset_sum,edd92918d0cb5a99c3b9f4de33d889855a143b450496db0ffdd3ed0e317712bf,QUERY_ACCEPTED
controlled-v1/repeated_entries_timed_returns/06,controlled-v1/repeated_entries_timed_returns/06,SYNTHETIC_CONTROLLED_V1,controlled,SYNTHETIC,False,NO_CROSS_TARGET_COUPLING,joint_by_asset,ETH,COMPLETED,product_of_target_specific_copies,7,9,,,15,ETH,[],raw_by_asset_no_cross_asset_sum,edd92918d0cb5a99c3b9f4de33d889855a143b450496db0ffdd3ed0e317712bf,QUERY_ACCEPTED
controlled-v1/repeated_entries_timed_returns/06,controlled-v1/repeated_entries_timed_returns/06,SYNTHETIC_CONTROLLED_V1,controlled,SYNTHETIC,False,NO_PROTOCOL_CONTINUATION,addresses,T|ETH,COMPLETED,feasible_interval,7,8,,,14,ETH,[],raw_by_asset_no_cross_asset_sum,edd92918d0cb5a99c3b9f4de33d889855a143b450496db0ffdd3ed0e317712bf,QUERY_ACCEPTED
controlled-v1/repeated_entries_timed_returns/06,controlled-v1/repeated_entries_timed_returns/06,SYNTHETIC_CONTROLLED_V1,controlled,SYNTHETIC,False,NO_PROTOCOL_CONTINUATION,addresses,U|ETH,COMPLETED,feasible_interval,0,1,,,1,ETH,[],raw_by_asset_no_cross_asset_sum,edd92918d0cb5a99c3b9f4de33d889855a143b450496db0ffdd3ed0e317712bf,QUERY_ACCEPTED
controlled-v1/repeated_entries_timed_returns/06,controlled-v1/repeated_entries_timed_returns/06,SYNTHETIC_CONTROLLED_V1,controlled,SYNTHETIC,False,NO_PROTOCOL_CONTINUATION,events,before_seed,COMPLETED,feasible_interval,0,0,,,1,ETH,[],raw_by_asset_no_cross_asset_sum,edd92918d0cb5a99c3b9f4de33d889855a143b450496db0ffdd3ed0e317712bf,QUERY_ACCEPTED
controlled-v1/repeated_entries_timed_returns/06,controlled-v1/repeated_entries_timed_returns/06,SYNTHETIC_CONTROLLED_V1,controlled,SYNTHETIC,False,NO_PROTOCOL_CONTINUATION,events,entry_first,COMPLETED,feasible_interval,0,1,,,1,ETH,[],raw_by_asset_no_cross_asset_sum,edd92918d0cb5a99c3b9f4de33d889855a143b450496db0ffdd3ed0e317712bf,QUERY_ACCEPTED
controlled-v1/repeated_entries_timed_returns/06,controlled-v1/repeated_entries_timed_returns/06,SYNTHETIC_CONTROLLED_V1,controlled,SYNTHETIC,False,NO_PROTOCOL_CONTINUATION,events,entry_second,COMPLETED,feasible_interval,6,8,,,12,ETH,[],raw_by_asset_no_cross_asset_sum,edd92918d0cb5a99c3b9f4de33d889855a143b450496db0ffdd3ed0e317712bf,QUERY_ACCEPTED
controlled-v1/repeated_entries_timed_returns/06,controlled-v1/repeated_entries_timed_returns/06,SYNTHETIC_CONTROLLED_V1,controlled,SYNTHETIC,False,NO_PROTOCOL_CONTINUATION,events,other_target,COMPLETED,feasible_interval,0,1,,,1,ETH,[],raw_by_asset_no_cross_asset_sum,edd92918d0cb5a99c3b9f4de33d889855a143b450496db0ffdd3ed0e317712bf,QUERY_ACCEPTED
controlled-v1/repeated_entries_timed_returns/06,controlled-v1/repeated_entries_timed_returns/06,SYNTHETIC_CONTROLLED_V1,controlled,SYNTHETIC,False,NO_PROTOCOL_CONTINUATION,joint_by_asset,ETH,COMPLETED,feasible_interval,8,8,,,15,ETH,[],raw_by_asset_no_cross_asset_sum,edd92918d0cb5a99c3b9f4de33d889855a143b450496db0ffdd3ed0e317712bf,QUERY_ACCEPTED
controlled-v1/repeated_entries_timed_returns/06,controlled-v1/repeated_entries_timed_returns/06,SYNTHETIC_CONTROLLED_V1,controlled,SYNTHETIC,False,BALANCE_INFORMATION_REMOVED,addresses,T|ETH,COMPLETED,feasible_interval,0,8,,,14,ETH,[],raw_by_asset_no_cross_asset_sum,edd92918d0cb5a99c3b9f4de33d889855a143b450496db0ffdd3ed0e317712bf,QUERY_ACCEPTED
controlled-v1/repeated_entries_timed_returns/06,controlled-v1/repeated_entries_timed_returns/06,SYNTHETIC_CONTROLLED_V1,controlled,SYNTHETIC,False,BALANCE_INFORMATION_REMOVED,addresses,U|ETH,COMPLETED,feasible_interval,0,1,,,1,ETH,[],raw_by_asset_no_cross_asset_sum,edd92918d0cb5a99c3b9f4de33d889855a143b450496db0ffdd3ed0e317712bf,QUERY_ACCEPTED
controlled-v1/repeated_entries_timed_returns/06,controlled-v1/repeated_entries_timed_returns/06,SYNTHETIC_CONTROLLED_V1,controlled,SYNTHETIC,False,BALANCE_INFORMATION_REMOVED,events,before_seed,COMPLETED,feasible_interval,0,0,,,1,ETH,[],raw_by_asset_no_cross_asset_sum,edd92918d0cb5a99c3b9f4de33d889855a143b450496db0ffdd3ed0e317712bf,QUERY_ACCEPTED
controlled-v1/repeated_entries_timed_returns/06,controlled-v1/repeated_entries_timed_returns/06,SYNTHETIC_CONTROLLED_V1,controlled,SYNTHETIC,False,BALANCE_INFORMATION_REMOVED,events,entry_first,COMPLETED,feasible_interval,0,1,,,1,ETH,[],raw_by_asset_no_cross_asset_sum,edd92918d0cb5a99c3b9f4de33d889855a143b450496db0ffdd3ed0e317712bf,QUERY_ACCEPTED
controlled-v1/repeated_entries_timed_returns/06,controlled-v1/repeated_entries_timed_returns/06,SYNTHETIC_CONTROLLED_V1,controlled,SYNTHETIC,False,BALANCE_INFORMATION_REMOVED,events,entry_second,COMPLETED,feasible_interval,0,8,,,12,ETH,[],raw_by_asset_no_cross_asset_sum,edd92918d0cb5a99c3b9f4de33d889855a143b450496db0ffdd3ed0e317712bf,QUERY_ACCEPTED
controlled-v1/repeated_entries_timed_returns/06,controlled-v1/repeated_entries_timed_returns/06,SYNTHETIC_CONTROLLED_V1,controlled,SYNTHETIC,False,BALANCE_INFORMATION_REMOVED,events,other_target,COMPLETED,feasible_interval,0,1,,,1,ETH,[],raw_by_asset_no_cross_asset_sum,edd92918d0cb5a99c3b9f4de33d889855a143b450496db0ffdd3ed0e317712bf,QUERY_ACCEPTED
controlled-v1/repeated_entries_timed_returns/06,controlled-v1/repeated_entries_timed_returns/06,SYNTHETIC_CONTROLLED_V1,controlled,SYNTHETIC,False,BALANCE_INFORMATION_REMOVED,joint_by_asset,ETH,COMPLETED,feasible_interval,0,8,,,15,ETH,[],raw_by_asset_no_cross_asset_sum,edd92918d0cb5a99c3b9f4de33d889855a143b450496db0ffdd3ed0e317712bf,QUERY_ACCEPTED
controlled-v1/repeated_entries_timed_returns/06,controlled-v1/repeated_entries_timed_returns/06,SYNTHETIC_CONTROLLED_V1,controlled,SYNTHETIC,False,FULL_INTERVAL,addresses,T|ETH,COMPLETED,feasible_interval,7,8,,,14,ETH,[],raw_by_asset_no_cross_asset_sum,edd92918d0cb5a99c3b9f4de33d889855a143b450496db0ffdd3ed0e317712bf,QUERY_ACCEPTED
controlled-v1/repeated_entries_timed_returns/06,controlled-v1/repeated_entries_timed_returns/06,SYNTHETIC_CONTROLLED_V1,controlled,SYNTHETIC,False,FULL_INTERVAL,addresses,U|ETH,COMPLETED,feasible_interval,0,1,,,1,ETH,[],raw_by_asset_no_cross_asset_sum,edd92918d0cb5a99c3b9f4de33d889855a143b450496db0ffdd3ed0e317712bf,QUERY_ACCEPTED
controlled-v1/repeated_entries_timed_returns/06,controlled-v1/repeated_entries_timed_returns/06,SYNTHETIC_CONTROLLED_V1,controlled,SYNTHETIC,False,FULL_INTERVAL,events,before_seed,COMPLETED,feasible_interval,0,0,,,1,ETH,[],raw_by_asset_no_cross_asset_sum,edd92918d0cb5a99c3b9f4de33d889855a143b450496db0ffdd3ed0e317712bf,QUERY_ACCEPTED
controlled-v1/repeated_entries_timed_returns/06,controlled-v1/repeated_entries_timed_returns/06,SYNTHETIC_CONTROLLED_V1,controlled,SYNTHETIC,False,FULL_INTERVAL,events,entry_first,COMPLETED,feasible_interval,0,1,,,1,ETH,[],raw_by_asset_no_cross_asset_sum,edd92918d0cb5a99c3b9f4de33d889855a143b450496db0ffdd3ed0e317712bf,QUERY_ACCEPTED
controlled-v1/repeated_entries_timed_returns/06,controlled-v1/repeated_entries_timed_returns/06,SYNTHETIC_CONTROLLED_V1,controlled,SYNTHETIC,False,FULL_INTERVAL,events,entry_second,COMPLETED,feasible_interval,6,8,,,12,ETH,[],raw_by_asset_no_cross_asset_sum,edd92918d0cb5a99c3b9f4de33d889855a143b450496db0ffdd3ed0e317712bf,QUERY_ACCEPTED
controlled-v1/repeated_entries_timed_returns/06,controlled-v1/repeated_entries_timed_returns/06,SYNTHETIC_CONTROLLED_V1,controlled,SYNTHETIC,False,FULL_INTERVAL,events,other_target,COMPLETED,feasible_interval,0,1,,,1,ETH,[],raw_by_asset_no_cross_asset_sum,edd92918d0cb5a99c3b9f4de33d889855a143b450496db0ffdd3ed0e317712bf,QUERY_ACCEPTED
controlled-v1/repeated_entries_timed_returns/06,controlled-v1/repeated_entries_timed_returns/06,SYNTHETIC_CONTROLLED_V1,controlled,SYNTHETIC,False,FULL_INTERVAL,joint_by_asset,ETH,COMPLETED,feasible_interval,8,8,,,15,ETH,[],raw_by_asset_no_cross_asset_sum,edd92918d0cb5a99c3b9f4de33d889855a143b450496db0ffdd3ed0e317712bf,QUERY_ACCEPTED
controlled-v1/repeated_entries_timed_returns/07,controlled-v1/repeated_entries_timed_returns/07,SYNTHETIC_CONTROLLED_V1,controlled,SYNTHETIC,False,FULL_INTERVAL,addresses,T|ETH,COMPLETED,feasible_interval,3,4,,,9,ETH,[],raw_by_asset_no_cross_asset_sum,32f0b2651ab7364985f72392aab0a4a1b5552493656a371082d6e07cfb8b02a3,QUERY_ACCEPTED
controlled-v1/repeated_entries_timed_returns/07,controlled-v1/repeated_entries_timed_returns/07,SYNTHETIC_CONTROLLED_V1,controlled,SYNTHETIC,False,FULL_INTERVAL,addresses,U|ETH,COMPLETED,feasible_interval,0,1,,,1,ETH,[],raw_by_asset_no_cross_asset_sum,32f0b2651ab7364985f72392aab0a4a1b5552493656a371082d6e07cfb8b02a3,QUERY_ACCEPTED
controlled-v1/repeated_entries_timed_returns/07,controlled-v1/repeated_entries_timed_returns/07,SYNTHETIC_CONTROLLED_V1,controlled,SYNTHETIC,False,FULL_INTERVAL,events,before_seed,COMPLETED,feasible_interval,0,0,,,1,ETH,[],raw_by_asset_no_cross_asset_sum,32f0b2651ab7364985f72392aab0a4a1b5552493656a371082d6e07cfb8b02a3,QUERY_ACCEPTED
controlled-v1/repeated_entries_timed_returns/07,controlled-v1/repeated_entries_timed_returns/07,SYNTHETIC_CONTROLLED_V1,controlled,SYNTHETIC,False,FULL_INTERVAL,events,entry_first,COMPLETED,feasible_interval,0,1,,,1,ETH,[],raw_by_asset_no_cross_asset_sum,32f0b2651ab7364985f72392aab0a4a1b5552493656a371082d6e07cfb8b02a3,QUERY_ACCEPTED
controlled-v1/repeated_entries_timed_returns/07,controlled-v1/repeated_entries_timed_returns/07,SYNTHETIC_CONTROLLED_V1,controlled,SYNTHETIC,False,FULL_INTERVAL,events,entry_second,COMPLETED,feasible_interval,2,4,,,7,ETH,[],raw_by_asset_no_cross_asset_sum,32f0b2651ab7364985f72392aab0a4a1b5552493656a371082d6e07cfb8b02a3,QUERY_ACCEPTED
controlled-v1/repeated_entries_timed_returns/07,controlled-v1/repeated_entries_timed_returns/07,SYNTHETIC_CONTROLLED_V1,controlled,SYNTHETIC,False,FULL_INTERVAL,events,other_target,COMPLETED,feasible_interval,0,1,,,1,ETH,[],raw_by_asset_no_cross_asset_sum,32f0b2651ab7364985f72392aab0a4a1b5552493656a371082d6e07cfb8b02a3,QUERY_ACCEPTED
controlled-v1/repeated_entries_timed_returns/07,controlled-v1/repeated_entries_timed_returns/07,SYNTHETIC_CONTROLLED_V1,controlled,SYNTHETIC,False,FULL_INTERVAL,joint_by_asset,ETH,COMPLETED,feasible_interval,4,4,,,10,ETH,[],raw_by_asset_no_cross_asset_sum,32f0b2651ab7364985f72392aab0a4a1b5552493656a371082d6e07cfb8b02a3,QUERY_ACCEPTED
controlled-v1/repeated_entries_timed_returns/07,controlled-v1/repeated_entries_timed_returns/07,SYNTHETIC_CONTROLLED_V1,controlled,SYNTHETIC,False,BOUNDED_REACHABILITY,addresses,T|ETH,COMPLETED,ADDRESS_EVENT_SET_NO_AMOUNT,,,,,9,ETH,[],raw_by_asset_no_cross_asset_sum,32f0b2651ab7364985f72392aab0a4a1b5552493656a371082d6e07cfb8b02a3,QUERY_ACCEPTED
controlled-v1/repeated_entries_timed_returns/07,controlled-v1/repeated_entries_timed_returns/07,SYNTHETIC_CONTROLLED_V1,controlled,SYNTHETIC,False,BOUNDED_REACHABILITY,addresses,U|ETH,COMPLETED,ADDRESS_EVENT_SET_NO_AMOUNT,,,,,1,ETH,[],raw_by_asset_no_cross_asset_sum,32f0b2651ab7364985f72392aab0a4a1b5552493656a371082d6e07cfb8b02a3,QUERY_ACCEPTED
controlled-v1/repeated_entries_timed_returns/07,controlled-v1/repeated_entries_timed_returns/07,SYNTHETIC_CONTROLLED_V1,controlled,SYNTHETIC,False,BOUNDED_REACHABILITY,events,before_seed,COMPLETED,ADDRESS_EVENT_SET_NO_AMOUNT,,,,,1,ETH,[],raw_by_asset_no_cross_asset_sum,32f0b2651ab7364985f72392aab0a4a1b5552493656a371082d6e07cfb8b02a3,QUERY_ACCEPTED
controlled-v1/repeated_entries_timed_returns/07,controlled-v1/repeated_entries_timed_returns/07,SYNTHETIC_CONTROLLED_V1,controlled,SYNTHETIC,False,BOUNDED_REACHABILITY,events,seed,COMPLETED,ADDRESS_EVENT_SET_NO_AMOUNT,,,,,4,ETH,[],raw_by_asset_no_cross_asset_sum,32f0b2651ab7364985f72392aab0a4a1b5552493656a371082d6e07cfb8b02a3,QUERY_ACCEPTED
controlled-v1/repeated_entries_timed_returns/07,controlled-v1/repeated_entries_timed_returns/07,SYNTHETIC_CONTROLLED_V1,controlled,SYNTHETIC,False,BOUNDED_REACHABILITY,events,entry_first,COMPLETED,ADDRESS_EVENT_SET_NO_AMOUNT,,,,,1,ETH,[],raw_by_asset_no_cross_asset_sum,32f0b2651ab7364985f72392aab0a4a1b5552493656a371082d6e07cfb8b02a3,QUERY_ACCEPTED
controlled-v1/repeated_entries_timed_returns/07,controlled-v1/repeated_entries_timed_returns/07,SYNTHETIC_CONTROLLED_V1,controlled,SYNTHETIC,False,BOUNDED_REACHABILITY,events,to_return_account,COMPLETED,ADDRESS_EVENT_SET_NO_AMOUNT,,,,,6,ETH,[],raw_by_asset_no_cross_asset_sum,32f0b2651ab7364985f72392aab0a4a1b5552493656a371082d6e07cfb8b02a3,QUERY_ACCEPTED
controlled-v1/repeated_entries_timed_returns/07,controlled-v1/repeated_entries_timed_returns/07,SYNTHETIC_CONTROLLED_V1,controlled,SYNTHETIC,False,BOUNDED_REACHABILITY,events,timed_return,COMPLETED,ADDRESS_EVENT_SET_NO_AMOUNT,,,,,6,ETH,[],raw_by_asset_no_cross_asset_sum,32f0b2651ab7364985f72392aab0a4a1b5552493656a371082d6e07cfb8b02a3,QUERY_ACCEPTED
controlled-v1/repeated_entries_timed_returns/07,controlled-v1/repeated_entries_timed_returns/07,SYNTHETIC_CONTROLLED_V1,controlled,SYNTHETIC,False,BOUNDED_REACHABILITY,events,entry_second,COMPLETED,ADDRESS_EVENT_SET_NO_AMOUNT,,,,,7,ETH,[],raw_by_asset_no_cross_asset_sum,32f0b2651ab7364985f72392aab0a4a1b5552493656a371082d6e07cfb8b02a3,QUERY_ACCEPTED
controlled-v1/repeated_entries_timed_returns/07,controlled-v1/repeated_entries_timed_returns/07,SYNTHETIC_CONTROLLED_V1,controlled,SYNTHETIC,False,BOUNDED_REACHABILITY,events,other_target,COMPLETED,ADDRESS_EVENT_SET_NO_AMOUNT,,,,,1,ETH,[],raw_by_asset_no_cross_asset_sum,32f0b2651ab7364985f72392aab0a4a1b5552493656a371082d6e07cfb8b02a3,QUERY_ACCEPTED
controlled-v1/repeated_entries_timed_returns/07,controlled-v1/repeated_entries_timed_returns/07,SYNTHETIC_CONTROLLED_V1,controlled,SYNTHETIC,False,BOUNDED_REACHABILITY,joint_by_asset,ETH,COMPLETED,ADDRESS_EVENT_SET_NO_AMOUNT,,,,,10,ETH,[],raw_by_asset_no_cross_asset_sum,32f0b2651ab7364985f72392aab0a4a1b5552493656a371082d6e07cfb8b02a3,QUERY_ACCEPTED
controlled-v1/repeated_entries_timed_returns/07,controlled-v1/repeated_entries_timed_returns/07,SYNTHETIC_CONTROLLED_V1,controlled,SYNTHETIC,False,POISON,addresses,T|ETH,COMPLETED,POISON_NOMINAL_RAW,,,,8,9,ETH,[],raw_by_asset_no_cross_asset_sum,32f0b2651ab7364985f72392aab0a4a1b5552493656a371082d6e07cfb8b02a3,QUERY_ACCEPTED
controlled-v1/repeated_entries_timed_returns/07,controlled-v1/repeated_entries_timed_returns/07,SYNTHETIC_CONTROLLED_V1,controlled,SYNTHETIC,False,POISON,addresses,U|ETH,COMPLETED,POISON_NOMINAL_RAW,,,,1,1,ETH,[],raw_by_asset_no_cross_asset_sum,32f0b2651ab7364985f72392aab0a4a1b5552493656a371082d6e07cfb8b02a3,QUERY_ACCEPTED
controlled-v1/repeated_entries_timed_returns/07,controlled-v1/repeated_entries_timed_returns/07,SYNTHETIC_CONTROLLED_V1,controlled,SYNTHETIC,False,POISON,events,before_seed,COMPLETED,POISON_NOMINAL_RAW,,,,0,1,ETH,[],raw_by_asset_no_cross_asset_sum,32f0b2651ab7364985f72392aab0a4a1b5552493656a371082d6e07cfb8b02a3,QUERY_ACCEPTED
controlled-v1/repeated_entries_timed_returns/07,controlled-v1/repeated_entries_timed_returns/07,SYNTHETIC_CONTROLLED_V1,controlled,SYNTHETIC,False,POISON,events,seed,COMPLETED,POISON_NOMINAL_RAW,,,,4,4,ETH,[],raw_by_asset_no_cross_asset_sum,32f0b2651ab7364985f72392aab0a4a1b5552493656a371082d6e07cfb8b02a3,QUERY_ACCEPTED
controlled-v1/repeated_entries_timed_returns/07,controlled-v1/repeated_entries_timed_returns/07,SYNTHETIC_CONTROLLED_V1,controlled,SYNTHETIC,False,POISON,events,entry_first,COMPLETED,POISON_NOMINAL_RAW,,,,1,1,ETH,[],raw_by_asset_no_cross_asset_sum,32f0b2651ab7364985f72392aab0a4a1b5552493656a371082d6e07cfb8b02a3,QUERY_ACCEPTED
controlled-v1/repeated_entries_timed_returns/07,controlled-v1/repeated_entries_timed_returns/07,SYNTHETIC_CONTROLLED_V1,controlled,SYNTHETIC,False,POISON,events,to_return_account,COMPLETED,POISON_NOMINAL_RAW,,,,6,6,ETH,[],raw_by_asset_no_cross_asset_sum,32f0b2651ab7364985f72392aab0a4a1b5552493656a371082d6e07cfb8b02a3,QUERY_ACCEPTED
controlled-v1/repeated_entries_timed_returns/07,controlled-v1/repeated_entries_timed_returns/07,SYNTHETIC_CONTROLLED_V1,controlled,SYNTHETIC,False,POISON,events,timed_return,COMPLETED,POISON_NOMINAL_RAW,,,,6,6,ETH,[],raw_by_asset_no_cross_asset_sum,32f0b2651ab7364985f72392aab0a4a1b5552493656a371082d6e07cfb8b02a3,QUERY_ACCEPTED
controlled-v1/repeated_entries_timed_returns/07,controlled-v1/repeated_entries_timed_returns/07,SYNTHETIC_CONTROLLED_V1,controlled,SYNTHETIC,False,POISON,events,entry_second,COMPLETED,POISON_NOMINAL_RAW,,,,7,7,ETH,[],raw_by_asset_no_cross_asset_sum,32f0b2651ab7364985f72392aab0a4a1b5552493656a371082d6e07cfb8b02a3,QUERY_ACCEPTED
controlled-v1/repeated_entries_timed_returns/07,controlled-v1/repeated_entries_timed_returns/07,SYNTHETIC_CONTROLLED_V1,controlled,SYNTHETIC,False,POISON,events,other_target,COMPLETED,POISON_NOMINAL_RAW,,,,1,1,ETH,[],raw_by_asset_no_cross_asset_sum,32f0b2651ab7364985f72392aab0a4a1b5552493656a371082d6e07cfb8b02a3,QUERY_ACCEPTED
controlled-v1/repeated_entries_timed_returns/07,controlled-v1/repeated_entries_timed_returns/07,SYNTHETIC_CONTROLLED_V1,controlled,SYNTHETIC,False,POISON,joint_by_asset,ETH,COMPLETED,POISON_NOMINAL_RAW,,,,9,10,ETH,[],raw_by_asset_no_cross_asset_sum,32f0b2651ab7364985f72392aab0a4a1b5552493656a371082d6e07cfb8b02a3,QUERY_ACCEPTED
controlled-v1/repeated_entries_timed_returns/07,controlled-v1/repeated_entries_timed_returns/07,SYNTHETIC_CONTROLLED_V1,controlled,SYNTHETIC,False,HAIRCUT,addresses,T|ETH,COMPLETED,PROPORTIONAL_FEASIBLE_POINT,,,25/7,,9,ETH,[],raw_by_asset_no_cross_asset_sum,32f0b2651ab7364985f72392aab0a4a1b5552493656a371082d6e07cfb8b02a3,QUERY_ACCEPTED
controlled-v1/repeated_entries_timed_returns/07,controlled-v1/repeated_entries_timed_returns/07,SYNTHETIC_CONTROLLED_V1,controlled,SYNTHETIC,False,HAIRCUT,addresses,U|ETH,COMPLETED,PROPORTIONAL_FEASIBLE_POINT,,,3/7,,1,ETH,[],raw_by_asset_no_cross_asset_sum,32f0b2651ab7364985f72392aab0a4a1b5552493656a371082d6e07cfb8b02a3,QUERY_ACCEPTED
controlled-v1/repeated_entries_timed_returns/07,controlled-v1/repeated_entries_timed_returns/07,SYNTHETIC_CONTROLLED_V1,controlled,SYNTHETIC,False,HAIRCUT,events,before_seed,COMPLETED,PROPORTIONAL_FEASIBLE_POINT,,,0,,1,ETH,[],raw_by_asset_no_cross_asset_sum,32f0b2651ab7364985f72392aab0a4a1b5552493656a371082d6e07cfb8b02a3,QUERY_ACCEPTED
controlled-v1/repeated_entries_timed_returns/07,controlled-v1/repeated_entries_timed_returns/07,SYNTHETIC_CONTROLLED_V1,controlled,SYNTHETIC,False,HAIRCUT,events,seed,COMPLETED,PROPORTIONAL_FEASIBLE_POINT,,,4,,4,ETH,[],raw_by_asset_no_cross_asset_sum,32f0b2651ab7364985f72392aab0a4a1b5552493656a371082d6e07cfb8b02a3,QUERY_ACCEPTED
controlled-v1/repeated_entries_timed_returns/07,controlled-v1/repeated_entries_timed_returns/07,SYNTHETIC_CONTROLLED_V1,controlled,SYNTHETIC,False,HAIRCUT,events,entry_first,COMPLETED,PROPORTIONAL_FEASIBLE_POINT,,,1/2,,1,ETH,[],raw_by_asset_no_cross_asset_sum,32f0b2651ab7364985f72392aab0a4a1b5552493656a371082d6e07cfb8b02a3,QUERY_ACCEPTED
controlled-v1/repeated_entries_timed_returns/07,controlled-v1/repeated_entries_timed_returns/07,SYNTHETIC_CONTROLLED_V1,controlled,SYNTHETIC,False,HAIRCUT,events,to_return_account,COMPLETED,PROPORTIONAL_FEASIBLE_POINT,,,3,,6,ETH,[],raw_by_asset_no_cross_asset_sum,32f0b2651ab7364985f72392aab0a4a1b5552493656a371082d6e07cfb8b02a3,QUERY_ACCEPTED
controlled-v1/repeated_entries_timed_returns/07,controlled-v1/repeated_entries_timed_returns/07,SYNTHETIC_CONTROLLED_V1,controlled,SYNTHETIC,False,HAIRCUT,events,timed_return,COMPLETED,PROPORTIONAL_FEASIBLE_POINT,,,18/7,,6,ETH,[],raw_by_asset_no_cross_asset_sum,32f0b2651ab7364985f72392aab0a4a1b5552493656a371082d6e07cfb8b02a3,QUERY_ACCEPTED
controlled-v1/repeated_entries_timed_returns/07,controlled-v1/repeated_entries_timed_returns/07,SYNTHETIC_CONTROLLED_V1,controlled,SYNTHETIC,False,HAIRCUT,events,entry_second,COMPLETED,PROPORTIONAL_FEASIBLE_POINT,,,43/14,,7,ETH,[],raw_by_asset_no_cross_asset_sum,32f0b2651ab7364985f72392aab0a4a1b5552493656a371082d6e07cfb8b02a3,QUERY_ACCEPTED
controlled-v1/repeated_entries_timed_returns/07,controlled-v1/repeated_entries_timed_returns/07,SYNTHETIC_CONTROLLED_V1,controlled,SYNTHETIC,False,HAIRCUT,events,other_target,COMPLETED,PROPORTIONAL_FEASIBLE_POINT,,,3/7,,1,ETH,[],raw_by_asset_no_cross_asset_sum,32f0b2651ab7364985f72392aab0a4a1b5552493656a371082d6e07cfb8b02a3,QUERY_ACCEPTED
controlled-v1/repeated_entries_timed_returns/07,controlled-v1/repeated_entries_timed_returns/07,SYNTHETIC_CONTROLLED_V1,controlled,SYNTHETIC,False,HAIRCUT,joint_by_asset,ETH,COMPLETED,PROPORTIONAL_FEASIBLE_POINT,,,4,,10,ETH,[],raw_by_asset_no_cross_asset_sum,32f0b2651ab7364985f72392aab0a4a1b5552493656a371082d6e07cfb8b02a3,QUERY_ACCEPTED
controlled-v1/repeated_entries_timed_returns/07,controlled-v1/repeated_entries_timed_returns/07,SYNTHETIC_CONTROLLED_V1,controlled,SYNTHETIC,False,NO_CROSS_TARGET_COUPLING,addresses,T|ETH,COMPLETED,product_of_target_specific_copies,3,4,,,9,ETH,[],raw_by_asset_no_cross_asset_sum,32f0b2651ab7364985f72392aab0a4a1b5552493656a371082d6e07cfb8b02a3,QUERY_ACCEPTED
controlled-v1/repeated_entries_timed_returns/07,controlled-v1/repeated_entries_timed_returns/07,SYNTHETIC_CONTROLLED_V1,controlled,SYNTHETIC,False,NO_CROSS_TARGET_COUPLING,addresses,U|ETH,COMPLETED,product_of_target_specific_copies,0,1,,,1,ETH,[],raw_by_asset_no_cross_asset_sum,32f0b2651ab7364985f72392aab0a4a1b5552493656a371082d6e07cfb8b02a3,QUERY_ACCEPTED
controlled-v1/repeated_entries_timed_returns/07,controlled-v1/repeated_entries_timed_returns/07,SYNTHETIC_CONTROLLED_V1,controlled,SYNTHETIC,False,NO_CROSS_TARGET_COUPLING,events,before_seed,COMPLETED,product_of_target_specific_copies,0,0,,,1,ETH,[],raw_by_asset_no_cross_asset_sum,32f0b2651ab7364985f72392aab0a4a1b5552493656a371082d6e07cfb8b02a3,QUERY_ACCEPTED
controlled-v1/repeated_entries_timed_returns/07,controlled-v1/repeated_entries_timed_returns/07,SYNTHETIC_CONTROLLED_V1,controlled,SYNTHETIC,False,NO_CROSS_TARGET_COUPLING,events,entry_first,COMPLETED,product_of_target_specific_copies,0,1,,,1,ETH,[],raw_by_asset_no_cross_asset_sum,32f0b2651ab7364985f72392aab0a4a1b5552493656a371082d6e07cfb8b02a3,QUERY_ACCEPTED
controlled-v1/repeated_entries_timed_returns/07,controlled-v1/repeated_entries_timed_returns/07,SYNTHETIC_CONTROLLED_V1,controlled,SYNTHETIC,False,NO_CROSS_TARGET_COUPLING,events,entry_second,COMPLETED,product_of_target_specific_copies,2,4,,,7,ETH,[],raw_by_asset_no_cross_asset_sum,32f0b2651ab7364985f72392aab0a4a1b5552493656a371082d6e07cfb8b02a3,QUERY_ACCEPTED
controlled-v1/repeated_entries_timed_returns/07,controlled-v1/repeated_entries_timed_returns/07,SYNTHETIC_CONTROLLED_V1,controlled,SYNTHETIC,False,NO_CROSS_TARGET_COUPLING,events,other_target,COMPLETED,product_of_target_specific_copies,0,1,,,1,ETH,[],raw_by_asset_no_cross_asset_sum,32f0b2651ab7364985f72392aab0a4a1b5552493656a371082d6e07cfb8b02a3,QUERY_ACCEPTED
controlled-v1/repeated_entries_timed_returns/07,controlled-v1/repeated_entries_timed_returns/07,SYNTHETIC_CONTROLLED_V1,controlled,SYNTHETIC,False,NO_CROSS_TARGET_COUPLING,joint_by_asset,ETH,COMPLETED,product_of_target_specific_copies,3,5,,,10,ETH,[],raw_by_asset_no_cross_asset_sum,32f0b2651ab7364985f72392aab0a4a1b5552493656a371082d6e07cfb8b02a3,QUERY_ACCEPTED
controlled-v1/repeated_entries_timed_returns/07,controlled-v1/repeated_entries_timed_returns/07,SYNTHETIC_CONTROLLED_V1,controlled,SYNTHETIC,False,NO_PROTOCOL_CONTINUATION,addresses,T|ETH,COMPLETED,feasible_interval,3,4,,,9,ETH,[],raw_by_asset_no_cross_asset_sum,32f0b2651ab7364985f72392aab0a4a1b5552493656a371082d6e07cfb8b02a3,QUERY_ACCEPTED
controlled-v1/repeated_entries_timed_returns/07,controlled-v1/repeated_entries_timed_returns/07,SYNTHETIC_CONTROLLED_V1,controlled,SYNTHETIC,False,NO_PROTOCOL_CONTINUATION,addresses,U|ETH,COMPLETED,feasible_interval,0,1,,,1,ETH,[],raw_by_asset_no_cross_asset_sum,32f0b2651ab7364985f72392aab0a4a1b5552493656a371082d6e07cfb8b02a3,QUERY_ACCEPTED
controlled-v1/repeated_entries_timed_returns/07,controlled-v1/repeated_entries_timed_returns/07,SYNTHETIC_CONTROLLED_V1,controlled,SYNTHETIC,False,NO_PROTOCOL_CONTINUATION,events,before_seed,COMPLETED,feasible_interval,0,0,,,1,ETH,[],raw_by_asset_no_cross_asset_sum,32f0b2651ab7364985f72392aab0a4a1b5552493656a371082d6e07cfb8b02a3,QUERY_ACCEPTED
controlled-v1/repeated_entries_timed_returns/07,controlled-v1/repeated_entries_timed_returns/07,SYNTHETIC_CONTROLLED_V1,controlled,SYNTHETIC,False,NO_PROTOCOL_CONTINUATION,events,entry_first,COMPLETED,feasible_interval,0,1,,,1,ETH,[],raw_by_asset_no_cross_asset_sum,32f0b2651ab7364985f72392aab0a4a1b5552493656a371082d6e07cfb8b02a3,QUERY_ACCEPTED
controlled-v1/repeated_entries_timed_returns/07,controlled-v1/repeated_entries_timed_returns/07,SYNTHETIC_CONTROLLED_V1,controlled,SYNTHETIC,False,NO_PROTOCOL_CONTINUATION,events,entry_second,COMPLETED,feasible_interval,2,4,,,7,ETH,[],raw_by_asset_no_cross_asset_sum,32f0b2651ab7364985f72392aab0a4a1b5552493656a371082d6e07cfb8b02a3,QUERY_ACCEPTED
controlled-v1/repeated_entries_timed_returns/07,controlled-v1/repeated_entries_timed_returns/07,SYNTHETIC_CONTROLLED_V1,controlled,SYNTHETIC,False,NO_PROTOCOL_CONTINUATION,events,other_target,COMPLETED,feasible_interval,0,1,,,1,ETH,[],raw_by_asset_no_cross_asset_sum,32f0b2651ab7364985f72392aab0a4a1b5552493656a371082d6e07cfb8b02a3,QUERY_ACCEPTED
controlled-v1/repeated_entries_timed_returns/07,controlled-v1/repeated_entries_timed_returns/07,SYNTHETIC_CONTROLLED_V1,controlled,SYNTHETIC,False,NO_PROTOCOL_CONTINUATION,joint_by_asset,ETH,COMPLETED,feasible_interval,4,4,,,10,ETH,[],raw_by_asset_no_cross_asset_sum,32f0b2651ab7364985f72392aab0a4a1b5552493656a371082d6e07cfb8b02a3,QUERY_ACCEPTED
controlled-v1/repeated_entries_timed_returns/07,controlled-v1/repeated_entries_timed_returns/07,SYNTHETIC_CONTROLLED_V1,controlled,SYNTHETIC,False,BALANCE_INFORMATION_REMOVED,addresses,T|ETH,COMPLETED,feasible_interval,0,4,,,9,ETH,[],raw_by_asset_no_cross_asset_sum,32f0b2651ab7364985f72392aab0a4a1b5552493656a371082d6e07cfb8b02a3,QUERY_ACCEPTED
controlled-v1/repeated_entries_timed_returns/07,controlled-v1/repeated_entries_timed_returns/07,SYNTHETIC_CONTROLLED_V1,controlled,SYNTHETIC,False,BALANCE_INFORMATION_REMOVED,addresses,U|ETH,COMPLETED,feasible_interval,0,1,,,1,ETH,[],raw_by_asset_no_cross_asset_sum,32f0b2651ab7364985f72392aab0a4a1b5552493656a371082d6e07cfb8b02a3,QUERY_ACCEPTED
controlled-v1/repeated_entries_timed_returns/07,controlled-v1/repeated_entries_timed_returns/07,SYNTHETIC_CONTROLLED_V1,controlled,SYNTHETIC,False,BALANCE_INFORMATION_REMOVED,events,before_seed,COMPLETED,feasible_interval,0,0,,,1,ETH,[],raw_by_asset_no_cross_asset_sum,32f0b2651ab7364985f72392aab0a4a1b5552493656a371082d6e07cfb8b02a3,QUERY_ACCEPTED
controlled-v1/repeated_entries_timed_returns/07,controlled-v1/repeated_entries_timed_returns/07,SYNTHETIC_CONTROLLED_V1,controlled,SYNTHETIC,False,BALANCE_INFORMATION_REMOVED,events,entry_first,COMPLETED,feasible_interval,0,1,,,1,ETH,[],raw_by_asset_no_cross_asset_sum,32f0b2651ab7364985f72392aab0a4a1b5552493656a371082d6e07cfb8b02a3,QUERY_ACCEPTED
controlled-v1/repeated_entries_timed_returns/07,controlled-v1/repeated_entries_timed_returns/07,SYNTHETIC_CONTROLLED_V1,controlled,SYNTHETIC,False,BALANCE_INFORMATION_REMOVED,events,entry_second,COMPLETED,feasible_interval,0,4,,,7,ETH,[],raw_by_asset_no_cross_asset_sum,32f0b2651ab7364985f72392aab0a4a1b5552493656a371082d6e07cfb8b02a3,QUERY_ACCEPTED
controlled-v1/repeated_entries_timed_returns/07,controlled-v1/repeated_entries_timed_returns/07,SYNTHETIC_CONTROLLED_V1,controlled,SYNTHETIC,False,BALANCE_INFORMATION_REMOVED,events,other_target,COMPLETED,feasible_interval,0,1,,,1,ETH,[],raw_by_asset_no_cross_asset_sum,32f0b2651ab7364985f72392aab0a4a1b5552493656a371082d6e07cfb8b02a3,QUERY_ACCEPTED
controlled-v1/repeated_entries_timed_returns/07,controlled-v1/repeated_entries_timed_returns/07,SYNTHETIC_CONTROLLED_V1,controlled,SYNTHETIC,False,BALANCE_INFORMATION_REMOVED,joint_by_asset,ETH,COMPLETED,feasible_interval,0,4,,,10,ETH,[],raw_by_asset_no_cross_asset_sum,32f0b2651ab7364985f72392aab0a4a1b5552493656a371082d6e07cfb8b02a3,QUERY_ACCEPTED
controlled-v1/repeated_entries_timed_returns/08,controlled-v1/repeated_entries_timed_returns/08,SYNTHETIC_CONTROLLED_V1,controlled,SYNTHETIC,False,BALANCE_INFORMATION_REMOVED,addresses,T|ETH,COMPLETED,feasible_interval,0,5,,,12,ETH,[],raw_by_asset_no_cross_asset_sum,434890ec1a1aeec20c9fb6b0b61dae3c6ee48c87a5bfb93e9bc89fe8ba6e4e26,QUERY_ACCEPTED
controlled-v1/repeated_entries_timed_returns/08,controlled-v1/repeated_entries_timed_returns/08,SYNTHETIC_CONTROLLED_V1,controlled,SYNTHETIC,False,BALANCE_INFORMATION_REMOVED,addresses,U|ETH,COMPLETED,feasible_interval,0,1,,,1,ETH,[],raw_by_asset_no_cross_asset_sum,434890ec1a1aeec20c9fb6b0b61dae3c6ee48c87a5bfb93e9bc89fe8ba6e4e26,QUERY_ACCEPTED
controlled-v1/repeated_entries_timed_returns/08,controlled-v1/repeated_entries_timed_returns/08,SYNTHETIC_CONTROLLED_V1,controlled,SYNTHETIC,False,BALANCE_INFORMATION_REMOVED,events,before_seed,COMPLETED,feasible_interval,0,0,,,1,ETH,[],raw_by_asset_no_cross_asset_sum,434890ec1a1aeec20c9fb6b0b61dae3c6ee48c87a5bfb93e9bc89fe8ba6e4e26,QUERY_ACCEPTED
controlled-v1/repeated_entries_timed_returns/08,controlled-v1/repeated_entries_timed_returns/08,SYNTHETIC_CONTROLLED_V1,controlled,SYNTHETIC,False,BALANCE_INFORMATION_REMOVED,events,entry_first,COMPLETED,feasible_interval,0,1,,,1,ETH,[],raw_by_asset_no_cross_asset_sum,434890ec1a1aeec20c9fb6b0b61dae3c6ee48c87a5bfb93e9bc89fe8ba6e4e26,QUERY_ACCEPTED
controlled-v1/repeated_entries_timed_returns/08,controlled-v1/repeated_entries_timed_returns/08,SYNTHETIC_CONTROLLED_V1,controlled,SYNTHETIC,False,BALANCE_INFORMATION_REMOVED,events,entry_second,COMPLETED,feasible_interval,0,5,,,10,ETH,[],raw_by_asset_no_cross_asset_sum,434890ec1a1aeec20c9fb6b0b61dae3c6ee48c87a5bfb93e9bc89fe8ba6e4e26,QUERY_ACCEPTED
controlled-v1/repeated_entries_timed_returns/08,controlled-v1/repeated_entries_timed_returns/08,SYNTHETIC_CONTROLLED_V1,controlled,SYNTHETIC,False,BALANCE_INFORMATION_REMOVED,events,other_target,COMPLETED,feasible_interval,0,1,,,1,ETH,[],raw_by_asset_no_cross_asset_sum,434890ec1a1aeec20c9fb6b0b61dae3c6ee48c87a5bfb93e9bc89fe8ba6e4e26,QUERY_ACCEPTED
controlled-v1/repeated_entries_timed_returns/08,controlled-v1/repeated_entries_timed_returns/08,SYNTHETIC_CONTROLLED_V1,controlled,SYNTHETIC,False,BALANCE_INFORMATION_REMOVED,joint_by_asset,ETH,COMPLETED,feasible_interval,0,5,,,13,ETH,[],raw_by_asset_no_cross_asset_sum,434890ec1a1aeec20c9fb6b0b61dae3c6ee48c87a5bfb93e9bc89fe8ba6e4e26,QUERY_ACCEPTED
controlled-v1/repeated_entries_timed_returns/08,controlled-v1/repeated_entries_timed_returns/08,SYNTHETIC_CONTROLLED_V1,controlled,SYNTHETIC,False,FULL_INTERVAL,addresses,T|ETH,COMPLETED,feasible_interval,4,5,,,12,ETH,[],raw_by_asset_no_cross_asset_sum,434890ec1a1aeec20c9fb6b0b61dae3c6ee48c87a5bfb93e9bc89fe8ba6e4e26,QUERY_ACCEPTED
controlled-v1/repeated_entries_timed_returns/08,controlled-v1/repeated_entries_timed_returns/08,SYNTHETIC_CONTROLLED_V1,controlled,SYNTHETIC,False,FULL_INTERVAL,addresses,U|ETH,COMPLETED,feasible_interval,0,1,,,1,ETH,[],raw_by_asset_no_cross_asset_sum,434890ec1a1aeec20c9fb6b0b61dae3c6ee48c87a5bfb93e9bc89fe8ba6e4e26,QUERY_ACCEPTED
controlled-v1/repeated_entries_timed_returns/08,controlled-v1/repeated_entries_timed_returns/08,SYNTHETIC_CONTROLLED_V1,controlled,SYNTHETIC,False,FULL_INTERVAL,events,before_seed,COMPLETED,feasible_interval,0,0,,,1,ETH,[],raw_by_asset_no_cross_asset_sum,434890ec1a1aeec20c9fb6b0b61dae3c6ee48c87a5bfb93e9bc89fe8ba6e4e26,QUERY_ACCEPTED
controlled-v1/repeated_entries_timed_returns/08,controlled-v1/repeated_entries_timed_returns/08,SYNTHETIC_CONTROLLED_V1,controlled,SYNTHETIC,False,FULL_INTERVAL,events,entry_first,COMPLETED,feasible_interval,0,1,,,1,ETH,[],raw_by_asset_no_cross_asset_sum,434890ec1a1aeec20c9fb6b0b61dae3c6ee48c87a5bfb93e9bc89fe8ba6e4e26,QUERY_ACCEPTED
controlled-v1/repeated_entries_timed_returns/08,controlled-v1/repeated_entries_timed_returns/08,SYNTHETIC_CONTROLLED_V1,controlled,SYNTHETIC,False,FULL_INTERVAL,events,entry_second,COMPLETED,feasible_interval,3,5,,,10,ETH,[],raw_by_asset_no_cross_asset_sum,434890ec1a1aeec20c9fb6b0b61dae3c6ee48c87a5bfb93e9bc89fe8ba6e4e26,QUERY_ACCEPTED
controlled-v1/repeated_entries_timed_returns/08,controlled-v1/repeated_entries_timed_returns/08,SYNTHETIC_CONTROLLED_V1,controlled,SYNTHETIC,False,FULL_INTERVAL,events,other_target,COMPLETED,feasible_interval,0,1,,,1,ETH,[],raw_by_asset_no_cross_asset_sum,434890ec1a1aeec20c9fb6b0b61dae3c6ee48c87a5bfb93e9bc89fe8ba6e4e26,QUERY_ACCEPTED
controlled-v1/repeated_entries_timed_returns/08,controlled-v1/repeated_entries_timed_returns/08,SYNTHETIC_CONTROLLED_V1,controlled,SYNTHETIC,False,FULL_INTERVAL,joint_by_asset,ETH,COMPLETED,feasible_interval,5,5,,,13,ETH,[],raw_by_asset_no_cross_asset_sum,434890ec1a1aeec20c9fb6b0b61dae3c6ee48c87a5bfb93e9bc89fe8ba6e4e26,QUERY_ACCEPTED
controlled-v1/repeated_entries_timed_returns/08,controlled-v1/repeated_entries_timed_returns/08,SYNTHETIC_CONTROLLED_V1,controlled,SYNTHETIC,False,BOUNDED_REACHABILITY,addresses,T|ETH,COMPLETED,ADDRESS_EVENT_SET_NO_AMOUNT,,,,,12,ETH,[],raw_by_asset_no_cross_asset_sum,434890ec1a1aeec20c9fb6b0b61dae3c6ee48c87a5bfb93e9bc89fe8ba6e4e26,QUERY_ACCEPTED
controlled-v1/repeated_entries_timed_returns/08,controlled-v1/repeated_entries_timed_returns/08,SYNTHETIC_CONTROLLED_V1,controlled,SYNTHETIC,False,BOUNDED_REACHABILITY,addresses,U|ETH,COMPLETED,ADDRESS_EVENT_SET_NO_AMOUNT,,,,,1,ETH,[],raw_by_asset_no_cross_asset_sum,434890ec1a1aeec20c9fb6b0b61dae3c6ee48c87a5bfb93e9bc89fe8ba6e4e26,QUERY_ACCEPTED
controlled-v1/repeated_entries_timed_returns/08,controlled-v1/repeated_entries_timed_returns/08,SYNTHETIC_CONTROLLED_V1,controlled,SYNTHETIC,False,BOUNDED_REACHABILITY,events,before_seed,COMPLETED,ADDRESS_EVENT_SET_NO_AMOUNT,,,,,1,ETH,[],raw_by_asset_no_cross_asset_sum,434890ec1a1aeec20c9fb6b0b61dae3c6ee48c87a5bfb93e9bc89fe8ba6e4e26,QUERY_ACCEPTED
controlled-v1/repeated_entries_timed_returns/08,controlled-v1/repeated_entries_timed_returns/08,SYNTHETIC_CONTROLLED_V1,controlled,SYNTHETIC,False,BOUNDED_REACHABILITY,events,seed,COMPLETED,ADDRESS_EVENT_SET_NO_AMOUNT,,,,,5,ETH,[],raw_by_asset_no_cross_asset_sum,434890ec1a1aeec20c9fb6b0b61dae3c6ee48c87a5bfb93e9bc89fe8ba6e4e26,QUERY_ACCEPTED
controlled-v1/repeated_entries_timed_returns/08,controlled-v1/repeated_entries_timed_returns/08,SYNTHETIC_CONTROLLED_V1,controlled,SYNTHETIC,False,BOUNDED_REACHABILITY,events,entry_first,COMPLETED,ADDRESS_EVENT_SET_NO_AMOUNT,,,,,1,ETH,[],raw_by_asset_no_cross_asset_sum,434890ec1a1aeec20c9fb6b0b61dae3c6ee48c87a5bfb93e9bc89fe8ba6e4e26,QUERY_ACCEPTED
controlled-v1/repeated_entries_timed_returns/08,controlled-v1/repeated_entries_timed_returns/08,SYNTHETIC_CONTROLLED_V1,controlled,SYNTHETIC,False,BOUNDED_REACHABILITY,events,to_return_account,COMPLETED,ADDRESS_EVENT_SET_NO_AMOUNT,,,,,9,ETH,[],raw_by_asset_no_cross_asset_sum,434890ec1a1aeec20c9fb6b0b61dae3c6ee48c87a5bfb93e9bc89fe8ba6e4e26,QUERY_ACCEPTED
controlled-v1/repeated_entries_timed_returns/08,controlled-v1/repeated_entries_timed_returns/08,SYNTHETIC_CONTROLLED_V1,controlled,SYNTHETIC,False,BOUNDED_REACHABILITY,events,timed_return,COMPLETED,ADDRESS_EVENT_SET_NO_AMOUNT,,,,,9,ETH,[],raw_by_asset_no_cross_asset_sum,434890ec1a1aeec20c9fb6b0b61dae3c6ee48c87a5bfb93e9bc89fe8ba6e4e26,QUERY_ACCEPTED
controlled-v1/repeated_entries_timed_returns/08,controlled-v1/repeated_entries_timed_returns/08,SYNTHETIC_CONTROLLED_V1,controlled,SYNTHETIC,False,BOUNDED_REACHABILITY,events,entry_second,COMPLETED,ADDRESS_EVENT_SET_NO_AMOUNT,,,,,10,ETH,[],raw_by_asset_no_cross_asset_sum,434890ec1a1aeec20c9fb6b0b61dae3c6ee48c87a5bfb93e9bc89fe8ba6e4e26,QUERY_ACCEPTED
controlled-v1/repeated_entries_timed_returns/08,controlled-v1/repeated_entries_timed_returns/08,SYNTHETIC_CONTROLLED_V1,controlled,SYNTHETIC,False,BOUNDED_REACHABILITY,events,other_target,COMPLETED,ADDRESS_EVENT_SET_NO_AMOUNT,,,,,1,ETH,[],raw_by_asset_no_cross_asset_sum,434890ec1a1aeec20c9fb6b0b61dae3c6ee48c87a5bfb93e9bc89fe8ba6e4e26,QUERY_ACCEPTED
controlled-v1/repeated_entries_timed_returns/08,controlled-v1/repeated_entries_timed_returns/08,SYNTHETIC_CONTROLLED_V1,controlled,SYNTHETIC,False,BOUNDED_REACHABILITY,joint_by_asset,ETH,COMPLETED,ADDRESS_EVENT_SET_NO_AMOUNT,,,,,13,ETH,[],raw_by_asset_no_cross_asset_sum,434890ec1a1aeec20c9fb6b0b61dae3c6ee48c87a5bfb93e9bc89fe8ba6e4e26,QUERY_ACCEPTED
controlled-v1/repeated_entries_timed_returns/08,controlled-v1/repeated_entries_timed_returns/08,SYNTHETIC_CONTROLLED_V1,controlled,SYNTHETIC,False,POISON,addresses,T|ETH,COMPLETED,POISON_NOMINAL_RAW,,,,11,12,ETH,[],raw_by_asset_no_cross_asset_sum,434890ec1a1aeec20c9fb6b0b61dae3c6ee48c87a5bfb93e9bc89fe8ba6e4e26,QUERY_ACCEPTED
controlled-v1/repeated_entries_timed_returns/08,controlled-v1/repeated_entries_timed_returns/08,SYNTHETIC_CONTROLLED_V1,controlled,SYNTHETIC,False,POISON,addresses,U|ETH,COMPLETED,POISON_NOMINAL_RAW,,,,1,1,ETH,[],raw_by_asset_no_cross_asset_sum,434890ec1a1aeec20c9fb6b0b61dae3c6ee48c87a5bfb93e9bc89fe8ba6e4e26,QUERY_ACCEPTED
controlled-v1/repeated_entries_timed_returns/08,controlled-v1/repeated_entries_timed_returns/08,SYNTHETIC_CONTROLLED_V1,controlled,SYNTHETIC,False,POISON,events,before_seed,COMPLETED,POISON_NOMINAL_RAW,,,,0,1,ETH,[],raw_by_asset_no_cross_asset_sum,434890ec1a1aeec20c9fb6b0b61dae3c6ee48c87a5bfb93e9bc89fe8ba6e4e26,QUERY_ACCEPTED
controlled-v1/repeated_entries_timed_returns/08,controlled-v1/repeated_entries_timed_returns/08,SYNTHETIC_CONTROLLED_V1,controlled,SYNTHETIC,False,POISON,events,seed,COMPLETED,POISON_NOMINAL_RAW,,,,5,5,ETH,[],raw_by_asset_no_cross_asset_sum,434890ec1a1aeec20c9fb6b0b61dae3c6ee48c87a5bfb93e9bc89fe8ba6e4e26,QUERY_ACCEPTED
controlled-v1/repeated_entries_timed_returns/08,controlled-v1/repeated_entries_timed_returns/08,SYNTHETIC_CONTROLLED_V1,controlled,SYNTHETIC,False,POISON,events,entry_first,COMPLETED,POISON_NOMINAL_RAW,,,,1,1,ETH,[],raw_by_asset_no_cross_asset_sum,434890ec1a1aeec20c9fb6b0b61dae3c6ee48c87a5bfb93e9bc89fe8ba6e4e26,QUERY_ACCEPTED
controlled-v1/repeated_entries_timed_returns/08,controlled-v1/repeated_entries_timed_returns/08,SYNTHETIC_CONTROLLED_V1,controlled,SYNTHETIC,False,POISON,events,to_return_account,COMPLETED,POISON_NOMINAL_RAW,,,,9,9,ETH,[],raw_by_asset_no_cross_asset_sum,434890ec1a1aeec20c9fb6b0b61dae3c6ee48c87a5bfb93e9bc89fe8ba6e4e26,QUERY_ACCEPTED
controlled-v1/repeated_entries_timed_returns/08,controlled-v1/repeated_entries_timed_returns/08,SYNTHETIC_CONTROLLED_V1,controlled,SYNTHETIC,False,POISON,events,timed_return,COMPLETED,POISON_NOMINAL_RAW,,,,9,9,ETH,[],raw_by_asset_no_cross_asset_sum,434890ec1a1aeec20c9fb6b0b61dae3c6ee48c87a5bfb93e9bc89fe8ba6e4e26,QUERY_ACCEPTED
controlled-v1/repeated_entries_timed_returns/08,controlled-v1/repeated_entries_timed_returns/08,SYNTHETIC_CONTROLLED_V1,controlled,SYNTHETIC,False,POISON,events,entry_second,COMPLETED,POISON_NOMINAL_RAW,,,,10,10,ETH,[],raw_by_asset_no_cross_asset_sum,434890ec1a1aeec20c9fb6b0b61dae3c6ee48c87a5bfb93e9bc89fe8ba6e4e26,QUERY_ACCEPTED
controlled-v1/repeated_entries_timed_returns/08,controlled-v1/repeated_entries_timed_returns/08,SYNTHETIC_CONTROLLED_V1,controlled,SYNTHETIC,False,POISON,events,other_target,COMPLETED,POISON_NOMINAL_RAW,,,,1,1,ETH,[],raw_by_asset_no_cross_asset_sum,434890ec1a1aeec20c9fb6b0b61dae3c6ee48c87a5bfb93e9bc89fe8ba6e4e26,QUERY_ACCEPTED
controlled-v1/repeated_entries_timed_returns/08,controlled-v1/repeated_entries_timed_returns/08,SYNTHETIC_CONTROLLED_V1,controlled,SYNTHETIC,False,POISON,joint_by_asset,ETH,COMPLETED,POISON_NOMINAL_RAW,,,,12,13,ETH,[],raw_by_asset_no_cross_asset_sum,434890ec1a1aeec20c9fb6b0b61dae3c6ee48c87a5bfb93e9bc89fe8ba6e4e26,QUERY_ACCEPTED
controlled-v1/repeated_entries_timed_returns/08,controlled-v1/repeated_entries_timed_returns/08,SYNTHETIC_CONTROLLED_V1,controlled,SYNTHETIC,False,HAIRCUT,addresses,T|ETH,COMPLETED,PROPORTIONAL_FEASIBLE_POINT,,,101/22,,12,ETH,[],raw_by_asset_no_cross_asset_sum,434890ec1a1aeec20c9fb6b0b61dae3c6ee48c87a5bfb93e9bc89fe8ba6e4e26,QUERY_ACCEPTED
controlled-v1/repeated_entries_timed_returns/08,controlled-v1/repeated_entries_timed_returns/08,SYNTHETIC_CONTROLLED_V1,controlled,SYNTHETIC,False,HAIRCUT,addresses,U|ETH,COMPLETED,PROPORTIONAL_FEASIBLE_POINT,,,9/22,,1,ETH,[],raw_by_asset_no_cross_asset_sum,434890ec1a1aeec20c9fb6b0b61dae3c6ee48c87a5bfb93e9bc89fe8ba6e4e26,QUERY_ACCEPTED
controlled-v1/repeated_entries_timed_returns/08,controlled-v1/repeated_entries_timed_returns/08,SYNTHETIC_CONTROLLED_V1,controlled,SYNTHETIC,False,HAIRCUT,events,before_seed,COMPLETED,PROPORTIONAL_FEASIBLE_POINT,,,0,,1,ETH,[],raw_by_asset_no_cross_asset_sum,434890ec1a1aeec20c9fb6b0b61dae3c6ee48c87a5bfb93e9bc89fe8ba6e4e26,QUERY_ACCEPTED
controlled-v1/repeated_entries_timed_returns/08,controlled-v1/repeated_entries_timed_returns/08,SYNTHETIC_CONTROLLED_V1,controlled,SYNTHETIC,False,HAIRCUT,events,seed,COMPLETED,PROPORTIONAL_FEASIBLE_POINT,,,5,,5,ETH,[],raw_by_asset_no_cross_asset_sum,434890ec1a1aeec20c9fb6b0b61dae3c6ee48c87a5bfb93e9bc89fe8ba6e4e26,QUERY_ACCEPTED
controlled-v1/repeated_entries_timed_returns/08,controlled-v1/repeated_entries_timed_returns/08,SYNTHETIC_CONTROLLED_V1,controlled,SYNTHETIC,False,HAIRCUT,events,entry_first,COMPLETED,PROPORTIONAL_FEASIBLE_POINT,,,5/11,,1,ETH,[],raw_by_asset_no_cross_asset_sum,434890ec1a1aeec20c9fb6b0b61dae3c6ee48c87a5bfb93e9bc89fe8ba6e4e26,QUERY_ACCEPTED
controlled-v1/repeated_entries_timed_returns/08,controlled-v1/repeated_entries_timed_returns/08,SYNTHETIC_CONTROLLED_V1,controlled,SYNTHETIC,False,HAIRCUT,events,to_return_account,COMPLETED,PROPORTIONAL_FEASIBLE_POINT,,,45/11,,9,ETH,[],raw_by_asset_no_cross_asset_sum,434890ec1a1aeec20c9fb6b0b61dae3c6ee48c87a5bfb93e9bc89fe8ba6e4e26,QUERY_ACCEPTED
controlled-v1/repeated_entries_timed_returns/08,controlled-v1/repeated_entries_timed_returns/08,SYNTHETIC_CONTROLLED_V1,controlled,SYNTHETIC,False,HAIRCUT,events,timed_return,COMPLETED,PROPORTIONAL_FEASIBLE_POINT,,,81/22,,9,ETH,[],raw_by_asset_no_cross_asset_sum,434890ec1a1aeec20c9fb6b0b61dae3c6ee48c87a5bfb93e9bc89fe8ba6e4e26,QUERY_ACCEPTED
controlled-v1/repeated_entries_timed_returns/08,controlled-v1/repeated_entries_timed_returns/08,SYNTHETIC_CONTROLLED_V1,controlled,SYNTHETIC,False,HAIRCUT,events,entry_second,COMPLETED,PROPORTIONAL_FEASIBLE_POINT,,,91/22,,10,ETH,[],raw_by_asset_no_cross_asset_sum,434890ec1a1aeec20c9fb6b0b61dae3c6ee48c87a5bfb93e9bc89fe8ba6e4e26,QUERY_ACCEPTED
controlled-v1/repeated_entries_timed_returns/08,controlled-v1/repeated_entries_timed_returns/08,SYNTHETIC_CONTROLLED_V1,controlled,SYNTHETIC,False,HAIRCUT,events,other_target,COMPLETED,PROPORTIONAL_FEASIBLE_POINT,,,9/22,,1,ETH,[],raw_by_asset_no_cross_asset_sum,434890ec1a1aeec20c9fb6b0b61dae3c6ee48c87a5bfb93e9bc89fe8ba6e4e26,QUERY_ACCEPTED
controlled-v1/repeated_entries_timed_returns/08,controlled-v1/repeated_entries_timed_returns/08,SYNTHETIC_CONTROLLED_V1,controlled,SYNTHETIC,False,HAIRCUT,joint_by_asset,ETH,COMPLETED,PROPORTIONAL_FEASIBLE_POINT,,,5,,13,ETH,[],raw_by_asset_no_cross_asset_sum,434890ec1a1aeec20c9fb6b0b61dae3c6ee48c87a5bfb93e9bc89fe8ba6e4e26,QUERY_ACCEPTED
controlled-v1/repeated_entries_timed_returns/08,controlled-v1/repeated_entries_timed_returns/08,SYNTHETIC_CONTROLLED_V1,controlled,SYNTHETIC,False,NO_CROSS_TARGET_COUPLING,addresses,T|ETH,COMPLETED,product_of_target_specific_copies,4,5,,,12,ETH,[],raw_by_asset_no_cross_asset_sum,434890ec1a1aeec20c9fb6b0b61dae3c6ee48c87a5bfb93e9bc89fe8ba6e4e26,QUERY_ACCEPTED
controlled-v1/repeated_entries_timed_returns/08,controlled-v1/repeated_entries_timed_returns/08,SYNTHETIC_CONTROLLED_V1,controlled,SYNTHETIC,False,NO_CROSS_TARGET_COUPLING,addresses,U|ETH,COMPLETED,product_of_target_specific_copies,0,1,,,1,ETH,[],raw_by_asset_no_cross_asset_sum,434890ec1a1aeec20c9fb6b0b61dae3c6ee48c87a5bfb93e9bc89fe8ba6e4e26,QUERY_ACCEPTED
controlled-v1/repeated_entries_timed_returns/08,controlled-v1/repeated_entries_timed_returns/08,SYNTHETIC_CONTROLLED_V1,controlled,SYNTHETIC,False,NO_CROSS_TARGET_COUPLING,events,before_seed,COMPLETED,product_of_target_specific_copies,0,0,,,1,ETH,[],raw_by_asset_no_cross_asset_sum,434890ec1a1aeec20c9fb6b0b61dae3c6ee48c87a5bfb93e9bc89fe8ba6e4e26,QUERY_ACCEPTED
controlled-v1/repeated_entries_timed_returns/08,controlled-v1/repeated_entries_timed_returns/08,SYNTHETIC_CONTROLLED_V1,controlled,SYNTHETIC,False,NO_CROSS_TARGET_COUPLING,events,entry_first,COMPLETED,product_of_target_specific_copies,0,1,,,1,ETH,[],raw_by_asset_no_cross_asset_sum,434890ec1a1aeec20c9fb6b0b61dae3c6ee48c87a5bfb93e9bc89fe8ba6e4e26,QUERY_ACCEPTED
controlled-v1/repeated_entries_timed_returns/08,controlled-v1/repeated_entries_timed_returns/08,SYNTHETIC_CONTROLLED_V1,controlled,SYNTHETIC,False,NO_CROSS_TARGET_COUPLING,events,entry_second,COMPLETED,product_of_target_specific_copies,3,5,,,10,ETH,[],raw_by_asset_no_cross_asset_sum,434890ec1a1aeec20c9fb6b0b61dae3c6ee48c87a5bfb93e9bc89fe8ba6e4e26,QUERY_ACCEPTED
controlled-v1/repeated_entries_timed_returns/08,controlled-v1/repeated_entries_timed_returns/08,SYNTHETIC_CONTROLLED_V1,controlled,SYNTHETIC,False,NO_CROSS_TARGET_COUPLING,events,other_target,COMPLETED,product_of_target_specific_copies,0,1,,,1,ETH,[],raw_by_asset_no_cross_asset_sum,434890ec1a1aeec20c9fb6b0b61dae3c6ee48c87a5bfb93e9bc89fe8ba6e4e26,QUERY_ACCEPTED
controlled-v1/repeated_entries_timed_returns/08,controlled-v1/repeated_entries_timed_returns/08,SYNTHETIC_CONTROLLED_V1,controlled,SYNTHETIC,False,NO_CROSS_TARGET_COUPLING,joint_by_asset,ETH,COMPLETED,product_of_target_specific_copies,4,6,,,13,ETH,[],raw_by_asset_no_cross_asset_sum,434890ec1a1aeec20c9fb6b0b61dae3c6ee48c87a5bfb93e9bc89fe8ba6e4e26,QUERY_ACCEPTED
controlled-v1/repeated_entries_timed_returns/08,controlled-v1/repeated_entries_timed_returns/08,SYNTHETIC_CONTROLLED_V1,controlled,SYNTHETIC,False,NO_PROTOCOL_CONTINUATION,addresses,T|ETH,COMPLETED,feasible_interval,4,5,,,12,ETH,[],raw_by_asset_no_cross_asset_sum,434890ec1a1aeec20c9fb6b0b61dae3c6ee48c87a5bfb93e9bc89fe8ba6e4e26,QUERY_ACCEPTED
controlled-v1/repeated_entries_timed_returns/08,controlled-v1/repeated_entries_timed_returns/08,SYNTHETIC_CONTROLLED_V1,controlled,SYNTHETIC,False,NO_PROTOCOL_CONTINUATION,addresses,U|ETH,COMPLETED,feasible_interval,0,1,,,1,ETH,[],raw_by_asset_no_cross_asset_sum,434890ec1a1aeec20c9fb6b0b61dae3c6ee48c87a5bfb93e9bc89fe8ba6e4e26,QUERY_ACCEPTED
controlled-v1/repeated_entries_timed_returns/08,controlled-v1/repeated_entries_timed_returns/08,SYNTHETIC_CONTROLLED_V1,controlled,SYNTHETIC,False,NO_PROTOCOL_CONTINUATION,events,before_seed,COMPLETED,feasible_interval,0,0,,,1,ETH,[],raw_by_asset_no_cross_asset_sum,434890ec1a1aeec20c9fb6b0b61dae3c6ee48c87a5bfb93e9bc89fe8ba6e4e26,QUERY_ACCEPTED
controlled-v1/repeated_entries_timed_returns/08,controlled-v1/repeated_entries_timed_returns/08,SYNTHETIC_CONTROLLED_V1,controlled,SYNTHETIC,False,NO_PROTOCOL_CONTINUATION,events,entry_first,COMPLETED,feasible_interval,0,1,,,1,ETH,[],raw_by_asset_no_cross_asset_sum,434890ec1a1aeec20c9fb6b0b61dae3c6ee48c87a5bfb93e9bc89fe8ba6e4e26,QUERY_ACCEPTED
controlled-v1/repeated_entries_timed_returns/08,controlled-v1/repeated_entries_timed_returns/08,SYNTHETIC_CONTROLLED_V1,controlled,SYNTHETIC,False,NO_PROTOCOL_CONTINUATION,events,entry_second,COMPLETED,feasible_interval,3,5,,,10,ETH,[],raw_by_asset_no_cross_asset_sum,434890ec1a1aeec20c9fb6b0b61dae3c6ee48c87a5bfb93e9bc89fe8ba6e4e26,QUERY_ACCEPTED
controlled-v1/repeated_entries_timed_returns/08,controlled-v1/repeated_entries_timed_returns/08,SYNTHETIC_CONTROLLED_V1,controlled,SYNTHETIC,False,NO_PROTOCOL_CONTINUATION,events,other_target,COMPLETED,feasible_interval,0,1,,,1,ETH,[],raw_by_asset_no_cross_asset_sum,434890ec1a1aeec20c9fb6b0b61dae3c6ee48c87a5bfb93e9bc89fe8ba6e4e26,QUERY_ACCEPTED
controlled-v1/repeated_entries_timed_returns/08,controlled-v1/repeated_entries_timed_returns/08,SYNTHETIC_CONTROLLED_V1,controlled,SYNTHETIC,False,NO_PROTOCOL_CONTINUATION,joint_by_asset,ETH,COMPLETED,feasible_interval,5,5,,,13,ETH,[],raw_by_asset_no_cross_asset_sum,434890ec1a1aeec20c9fb6b0b61dae3c6ee48c87a5bfb93e9bc89fe8ba6e4e26,QUERY_ACCEPTED
controlled-v1/repeated_entries_timed_returns/09,controlled-v1/repeated_entries_timed_returns/09,SYNTHETIC_CONTROLLED_V1,controlled,SYNTHETIC,False,FULL_INTERVAL,addresses,T|ETH,COMPLETED,feasible_interval,5,6,,,11,ETH,[],raw_by_asset_no_cross_asset_sum,c5961a742a560cfcdbbec21ee8afa444d594ca94f6c4226a82fcc1fb002ca262,QUERY_ACCEPTED
controlled-v1/repeated_entries_timed_returns/09,controlled-v1/repeated_entries_timed_returns/09,SYNTHETIC_CONTROLLED_V1,controlled,SYNTHETIC,False,FULL_INTERVAL,addresses,U|ETH,COMPLETED,feasible_interval,0,1,,,1,ETH,[],raw_by_asset_no_cross_asset_sum,c5961a742a560cfcdbbec21ee8afa444d594ca94f6c4226a82fcc1fb002ca262,QUERY_ACCEPTED
controlled-v1/repeated_entries_timed_returns/09,controlled-v1/repeated_entries_timed_returns/09,SYNTHETIC_CONTROLLED_V1,controlled,SYNTHETIC,False,FULL_INTERVAL,events,before_seed,COMPLETED,feasible_interval,0,0,,,1,ETH,[],raw_by_asset_no_cross_asset_sum,c5961a742a560cfcdbbec21ee8afa444d594ca94f6c4226a82fcc1fb002ca262,QUERY_ACCEPTED
controlled-v1/repeated_entries_timed_returns/09,controlled-v1/repeated_entries_timed_returns/09,SYNTHETIC_CONTROLLED_V1,controlled,SYNTHETIC,False,FULL_INTERVAL,events,entry_first,COMPLETED,feasible_interval,0,1,,,1,ETH,[],raw_by_asset_no_cross_asset_sum,c5961a742a560cfcdbbec21ee8afa444d594ca94f6c4226a82fcc1fb002ca262,QUERY_ACCEPTED
controlled-v1/repeated_entries_timed_returns/09,controlled-v1/repeated_entries_timed_returns/09,SYNTHETIC_CONTROLLED_V1,controlled,SYNTHETIC,False,FULL_INTERVAL,events,entry_second,COMPLETED,feasible_interval,4,6,,,9,ETH,[],raw_by_asset_no_cross_asset_sum,c5961a742a560cfcdbbec21ee8afa444d594ca94f6c4226a82fcc1fb002ca262,QUERY_ACCEPTED
controlled-v1/repeated_entries_timed_returns/09,controlled-v1/repeated_entries_timed_returns/09,SYNTHETIC_CONTROLLED_V1,controlled,SYNTHETIC,False,FULL_INTERVAL,events,other_target,COMPLETED,feasible_interval,0,1,,,1,ETH,[],raw_by_asset_no_cross_asset_sum,c5961a742a560cfcdbbec21ee8afa444d594ca94f6c4226a82fcc1fb002ca262,QUERY_ACCEPTED
controlled-v1/repeated_entries_timed_returns/09,controlled-v1/repeated_entries_timed_returns/09,SYNTHETIC_CONTROLLED_V1,controlled,SYNTHETIC,False,FULL_INTERVAL,joint_by_asset,ETH,COMPLETED,feasible_interval,6,6,,,12,ETH,[],raw_by_asset_no_cross_asset_sum,c5961a742a560cfcdbbec21ee8afa444d594ca94f6c4226a82fcc1fb002ca262,QUERY_ACCEPTED
controlled-v1/repeated_entries_timed_returns/09,controlled-v1/repeated_entries_timed_returns/09,SYNTHETIC_CONTROLLED_V1,controlled,SYNTHETIC,False,BOUNDED_REACHABILITY,addresses,T|ETH,COMPLETED,ADDRESS_EVENT_SET_NO_AMOUNT,,,,,11,ETH,[],raw_by_asset_no_cross_asset_sum,c5961a742a560cfcdbbec21ee8afa444d594ca94f6c4226a82fcc1fb002ca262,QUERY_ACCEPTED
controlled-v1/repeated_entries_timed_returns/09,controlled-v1/repeated_entries_timed_returns/09,SYNTHETIC_CONTROLLED_V1,controlled,SYNTHETIC,False,BOUNDED_REACHABILITY,addresses,U|ETH,COMPLETED,ADDRESS_EVENT_SET_NO_AMOUNT,,,,,1,ETH,[],raw_by_asset_no_cross_asset_sum,c5961a742a560cfcdbbec21ee8afa444d594ca94f6c4226a82fcc1fb002ca262,QUERY_ACCEPTED
controlled-v1/repeated_entries_timed_returns/09,controlled-v1/repeated_entries_timed_returns/09,SYNTHETIC_CONTROLLED_V1,controlled,SYNTHETIC,False,BOUNDED_REACHABILITY,events,before_seed,COMPLETED,ADDRESS_EVENT_SET_NO_AMOUNT,,,,,1,ETH,[],raw_by_asset_no_cross_asset_sum,c5961a742a560cfcdbbec21ee8afa444d594ca94f6c4226a82fcc1fb002ca262,QUERY_ACCEPTED
controlled-v1/repeated_entries_timed_returns/09,controlled-v1/repeated_entries_timed_returns/09,SYNTHETIC_CONTROLLED_V1,controlled,SYNTHETIC,False,BOUNDED_REACHABILITY,events,seed,COMPLETED,ADDRESS_EVENT_SET_NO_AMOUNT,,,,,6,ETH,[],raw_by_asset_no_cross_asset_sum,c5961a742a560cfcdbbec21ee8afa444d594ca94f6c4226a82fcc1fb002ca262,QUERY_ACCEPTED
controlled-v1/repeated_entries_timed_returns/09,controlled-v1/repeated_entries_timed_returns/09,SYNTHETIC_CONTROLLED_V1,controlled,SYNTHETIC,False,BOUNDED_REACHABILITY,events,entry_first,COMPLETED,ADDRESS_EVENT_SET_NO_AMOUNT,,,,,1,ETH,[],raw_by_asset_no_cross_asset_sum,c5961a742a560cfcdbbec21ee8afa444d594ca94f6c4226a82fcc1fb002ca262,QUERY_ACCEPTED
controlled-v1/repeated_entries_timed_returns/09,controlled-v1/repeated_entries_timed_returns/09,SYNTHETIC_CONTROLLED_V1,controlled,SYNTHETIC,False,BOUNDED_REACHABILITY,events,to_return_account,COMPLETED,ADDRESS_EVENT_SET_NO_AMOUNT,,,,,8,ETH,[],raw_by_asset_no_cross_asset_sum,c5961a742a560cfcdbbec21ee8afa444d594ca94f6c4226a82fcc1fb002ca262,QUERY_ACCEPTED
controlled-v1/repeated_entries_timed_returns/09,controlled-v1/repeated_entries_timed_returns/09,SYNTHETIC_CONTROLLED_V1,controlled,SYNTHETIC,False,BOUNDED_REACHABILITY,events,timed_return,COMPLETED,ADDRESS_EVENT_SET_NO_AMOUNT,,,,,8,ETH,[],raw_by_asset_no_cross_asset_sum,c5961a742a560cfcdbbec21ee8afa444d594ca94f6c4226a82fcc1fb002ca262,QUERY_ACCEPTED
controlled-v1/repeated_entries_timed_returns/09,controlled-v1/repeated_entries_timed_returns/09,SYNTHETIC_CONTROLLED_V1,controlled,SYNTHETIC,False,BOUNDED_REACHABILITY,events,entry_second,COMPLETED,ADDRESS_EVENT_SET_NO_AMOUNT,,,,,9,ETH,[],raw_by_asset_no_cross_asset_sum,c5961a742a560cfcdbbec21ee8afa444d594ca94f6c4226a82fcc1fb002ca262,QUERY_ACCEPTED
controlled-v1/repeated_entries_timed_returns/09,controlled-v1/repeated_entries_timed_returns/09,SYNTHETIC_CONTROLLED_V1,controlled,SYNTHETIC,False,BOUNDED_REACHABILITY,events,other_target,COMPLETED,ADDRESS_EVENT_SET_NO_AMOUNT,,,,,1,ETH,[],raw_by_asset_no_cross_asset_sum,c5961a742a560cfcdbbec21ee8afa444d594ca94f6c4226a82fcc1fb002ca262,QUERY_ACCEPTED
controlled-v1/repeated_entries_timed_returns/09,controlled-v1/repeated_entries_timed_returns/09,SYNTHETIC_CONTROLLED_V1,controlled,SYNTHETIC,False,BOUNDED_REACHABILITY,joint_by_asset,ETH,COMPLETED,ADDRESS_EVENT_SET_NO_AMOUNT,,,,,12,ETH,[],raw_by_asset_no_cross_asset_sum,c5961a742a560cfcdbbec21ee8afa444d594ca94f6c4226a82fcc1fb002ca262,QUERY_ACCEPTED
controlled-v1/repeated_entries_timed_returns/09,controlled-v1/repeated_entries_timed_returns/09,SYNTHETIC_CONTROLLED_V1,controlled,SYNTHETIC,False,POISON,addresses,T|ETH,COMPLETED,POISON_NOMINAL_RAW,,,,10,11,ETH,[],raw_by_asset_no_cross_asset_sum,c5961a742a560cfcdbbec21ee8afa444d594ca94f6c4226a82fcc1fb002ca262,QUERY_ACCEPTED
controlled-v1/repeated_entries_timed_returns/09,controlled-v1/repeated_entries_timed_returns/09,SYNTHETIC_CONTROLLED_V1,controlled,SYNTHETIC,False,POISON,addresses,U|ETH,COMPLETED,POISON_NOMINAL_RAW,,,,1,1,ETH,[],raw_by_asset_no_cross_asset_sum,c5961a742a560cfcdbbec21ee8afa444d594ca94f6c4226a82fcc1fb002ca262,QUERY_ACCEPTED
controlled-v1/repeated_entries_timed_returns/09,controlled-v1/repeated_entries_timed_returns/09,SYNTHETIC_CONTROLLED_V1,controlled,SYNTHETIC,False,POISON,events,before_seed,COMPLETED,POISON_NOMINAL_RAW,,,,0,1,ETH,[],raw_by_asset_no_cross_asset_sum,c5961a742a560cfcdbbec21ee8afa444d594ca94f6c4226a82fcc1fb002ca262,QUERY_ACCEPTED
controlled-v1/repeated_entries_timed_returns/09,controlled-v1/repeated_entries_timed_returns/09,SYNTHETIC_CONTROLLED_V1,controlled,SYNTHETIC,False,POISON,events,seed,COMPLETED,POISON_NOMINAL_RAW,,,,6,6,ETH,[],raw_by_asset_no_cross_asset_sum,c5961a742a560cfcdbbec21ee8afa444d594ca94f6c4226a82fcc1fb002ca262,QUERY_ACCEPTED
controlled-v1/repeated_entries_timed_returns/09,controlled-v1/repeated_entries_timed_returns/09,SYNTHETIC_CONTROLLED_V1,controlled,SYNTHETIC,False,POISON,events,entry_first,COMPLETED,POISON_NOMINAL_RAW,,,,1,1,ETH,[],raw_by_asset_no_cross_asset_sum,c5961a742a560cfcdbbec21ee8afa444d594ca94f6c4226a82fcc1fb002ca262,QUERY_ACCEPTED
controlled-v1/repeated_entries_timed_returns/09,controlled-v1/repeated_entries_timed_returns/09,SYNTHETIC_CONTROLLED_V1,controlled,SYNTHETIC,False,POISON,events,to_return_account,COMPLETED,POISON_NOMINAL_RAW,,,,8,8,ETH,[],raw_by_asset_no_cross_asset_sum,c5961a742a560cfcdbbec21ee8afa444d594ca94f6c4226a82fcc1fb002ca262,QUERY_ACCEPTED
controlled-v1/repeated_entries_timed_returns/09,controlled-v1/repeated_entries_timed_returns/09,SYNTHETIC_CONTROLLED_V1,controlled,SYNTHETIC,False,POISON,events,timed_return,COMPLETED,POISON_NOMINAL_RAW,,,,8,8,ETH,[],raw_by_asset_no_cross_asset_sum,c5961a742a560cfcdbbec21ee8afa444d594ca94f6c4226a82fcc1fb002ca262,QUERY_ACCEPTED
controlled-v1/repeated_entries_timed_returns/09,controlled-v1/repeated_entries_timed_returns/09,SYNTHETIC_CONTROLLED_V1,controlled,SYNTHETIC,False,POISON,events,entry_second,COMPLETED,POISON_NOMINAL_RAW,,,,9,9,ETH,[],raw_by_asset_no_cross_asset_sum,c5961a742a560cfcdbbec21ee8afa444d594ca94f6c4226a82fcc1fb002ca262,QUERY_ACCEPTED
controlled-v1/repeated_entries_timed_returns/09,controlled-v1/repeated_entries_timed_returns/09,SYNTHETIC_CONTROLLED_V1,controlled,SYNTHETIC,False,POISON,events,other_target,COMPLETED,POISON_NOMINAL_RAW,,,,1,1,ETH,[],raw_by_asset_no_cross_asset_sum,c5961a742a560cfcdbbec21ee8afa444d594ca94f6c4226a82fcc1fb002ca262,QUERY_ACCEPTED
controlled-v1/repeated_entries_timed_returns/09,controlled-v1/repeated_entries_timed_returns/09,SYNTHETIC_CONTROLLED_V1,controlled,SYNTHETIC,False,POISON,joint_by_asset,ETH,COMPLETED,POISON_NOMINAL_RAW,,,,11,12,ETH,[],raw_by_asset_no_cross_asset_sum,c5961a742a560cfcdbbec21ee8afa444d594ca94f6c4226a82fcc1fb002ca262,QUERY_ACCEPTED
controlled-v1/repeated_entries_timed_returns/09,controlled-v1/repeated_entries_timed_returns/09,SYNTHETIC_CONTROLLED_V1,controlled,SYNTHETIC,False,HAIRCUT,addresses,T|ETH,COMPLETED,PROPORTIONAL_FEASIBLE_POINT,,,82/15,,11,ETH,[],raw_by_asset_no_cross_asset_sum,c5961a742a560cfcdbbec21ee8afa444d594ca94f6c4226a82fcc1fb002ca262,QUERY_ACCEPTED
controlled-v1/repeated_entries_timed_returns/09,controlled-v1/repeated_entries_timed_returns/09,SYNTHETIC_CONTROLLED_V1,controlled,SYNTHETIC,False,HAIRCUT,addresses,U|ETH,COMPLETED,PROPORTIONAL_FEASIBLE_POINT,,,8/15,,1,ETH,[],raw_by_asset_no_cross_asset_sum,c5961a742a560cfcdbbec21ee8afa444d594ca94f6c4226a82fcc1fb002ca262,QUERY_ACCEPTED
controlled-v1/repeated_entries_timed_returns/09,controlled-v1/repeated_entries_timed_returns/09,SYNTHETIC_CONTROLLED_V1,controlled,SYNTHETIC,False,HAIRCUT,events,before_seed,COMPLETED,PROPORTIONAL_FEASIBLE_POINT,,,0,,1,ETH,[],raw_by_asset_no_cross_asset_sum,c5961a742a560cfcdbbec21ee8afa444d594ca94f6c4226a82fcc1fb002ca262,QUERY_ACCEPTED
controlled-v1/repeated_entries_timed_returns/09,controlled-v1/repeated_entries_timed_returns/09,SYNTHETIC_CONTROLLED_V1,controlled,SYNTHETIC,False,HAIRCUT,events,seed,COMPLETED,PROPORTIONAL_FEASIBLE_POINT,,,6,,6,ETH,[],raw_by_asset_no_cross_asset_sum,c5961a742a560cfcdbbec21ee8afa444d594ca94f6c4226a82fcc1fb002ca262,QUERY_ACCEPTED
controlled-v1/repeated_entries_timed_returns/09,controlled-v1/repeated_entries_timed_returns/09,SYNTHETIC_CONTROLLED_V1,controlled,SYNTHETIC,False,HAIRCUT,events,entry_first,COMPLETED,PROPORTIONAL_FEASIBLE_POINT,,,3/5,,1,ETH,[],raw_by_asset_no_cross_asset_sum,c5961a742a560cfcdbbec21ee8afa444d594ca94f6c4226a82fcc1fb002ca262,QUERY_ACCEPTED
controlled-v1/repeated_entries_timed_returns/09,controlled-v1/repeated_entries_timed_returns/09,SYNTHETIC_CONTROLLED_V1,controlled,SYNTHETIC,False,HAIRCUT,events,to_return_account,COMPLETED,PROPORTIONAL_FEASIBLE_POINT,,,24/5,,8,ETH,[],raw_by_asset_no_cross_asset_sum,c5961a742a560cfcdbbec21ee8afa444d594ca94f6c4226a82fcc1fb002ca262,QUERY_ACCEPTED
controlled-v1/repeated_entries_timed_returns/09,controlled-v1/repeated_entries_timed_returns/09,SYNTHETIC_CONTROLLED_V1,controlled,SYNTHETIC,False,HAIRCUT,events,timed_return,COMPLETED,PROPORTIONAL_FEASIBLE_POINT,,,64/15,,8,ETH,[],raw_by_asset_no_cross_asset_sum,c5961a742a560cfcdbbec21ee8afa444d594ca94f6c4226a82fcc1fb002ca262,QUERY_ACCEPTED
controlled-v1/repeated_entries_timed_returns/09,controlled-v1/repeated_entries_timed_returns/09,SYNTHETIC_CONTROLLED_V1,controlled,SYNTHETIC,False,HAIRCUT,events,entry_second,COMPLETED,PROPORTIONAL_FEASIBLE_POINT,,,73/15,,9,ETH,[],raw_by_asset_no_cross_asset_sum,c5961a742a560cfcdbbec21ee8afa444d594ca94f6c4226a82fcc1fb002ca262,QUERY_ACCEPTED
controlled-v1/repeated_entries_timed_returns/09,controlled-v1/repeated_entries_timed_returns/09,SYNTHETIC_CONTROLLED_V1,controlled,SYNTHETIC,False,HAIRCUT,events,other_target,COMPLETED,PROPORTIONAL_FEASIBLE_POINT,,,8/15,,1,ETH,[],raw_by_asset_no_cross_asset_sum,c5961a742a560cfcdbbec21ee8afa444d594ca94f6c4226a82fcc1fb002ca262,QUERY_ACCEPTED
controlled-v1/repeated_entries_timed_returns/09,controlled-v1/repeated_entries_timed_returns/09,SYNTHETIC_CONTROLLED_V1,controlled,SYNTHETIC,False,HAIRCUT,joint_by_asset,ETH,COMPLETED,PROPORTIONAL_FEASIBLE_POINT,,,6,,12,ETH,[],raw_by_asset_no_cross_asset_sum,c5961a742a560cfcdbbec21ee8afa444d594ca94f6c4226a82fcc1fb002ca262,QUERY_ACCEPTED
controlled-v1/repeated_entries_timed_returns/09,controlled-v1/repeated_entries_timed_returns/09,SYNTHETIC_CONTROLLED_V1,controlled,SYNTHETIC,False,NO_CROSS_TARGET_COUPLING,addresses,T|ETH,COMPLETED,product_of_target_specific_copies,5,6,,,11,ETH,[],raw_by_asset_no_cross_asset_sum,c5961a742a560cfcdbbec21ee8afa444d594ca94f6c4226a82fcc1fb002ca262,QUERY_ACCEPTED
controlled-v1/repeated_entries_timed_returns/09,controlled-v1/repeated_entries_timed_returns/09,SYNTHETIC_CONTROLLED_V1,controlled,SYNTHETIC,False,NO_CROSS_TARGET_COUPLING,addresses,U|ETH,COMPLETED,product_of_target_specific_copies,0,1,,,1,ETH,[],raw_by_asset_no_cross_asset_sum,c5961a742a560cfcdbbec21ee8afa444d594ca94f6c4226a82fcc1fb002ca262,QUERY_ACCEPTED
controlled-v1/repeated_entries_timed_returns/09,controlled-v1/repeated_entries_timed_returns/09,SYNTHETIC_CONTROLLED_V1,controlled,SYNTHETIC,False,NO_CROSS_TARGET_COUPLING,events,before_seed,COMPLETED,product_of_target_specific_copies,0,0,,,1,ETH,[],raw_by_asset_no_cross_asset_sum,c5961a742a560cfcdbbec21ee8afa444d594ca94f6c4226a82fcc1fb002ca262,QUERY_ACCEPTED
controlled-v1/repeated_entries_timed_returns/09,controlled-v1/repeated_entries_timed_returns/09,SYNTHETIC_CONTROLLED_V1,controlled,SYNTHETIC,False,NO_CROSS_TARGET_COUPLING,events,entry_first,COMPLETED,product_of_target_specific_copies,0,1,,,1,ETH,[],raw_by_asset_no_cross_asset_sum,c5961a742a560cfcdbbec21ee8afa444d594ca94f6c4226a82fcc1fb002ca262,QUERY_ACCEPTED
controlled-v1/repeated_entries_timed_returns/09,controlled-v1/repeated_entries_timed_returns/09,SYNTHETIC_CONTROLLED_V1,controlled,SYNTHETIC,False,NO_CROSS_TARGET_COUPLING,events,entry_second,COMPLETED,product_of_target_specific_copies,4,6,,,9,ETH,[],raw_by_asset_no_cross_asset_sum,c5961a742a560cfcdbbec21ee8afa444d594ca94f6c4226a82fcc1fb002ca262,QUERY_ACCEPTED
controlled-v1/repeated_entries_timed_returns/09,controlled-v1/repeated_entries_timed_returns/09,SYNTHETIC_CONTROLLED_V1,controlled,SYNTHETIC,False,NO_CROSS_TARGET_COUPLING,events,other_target,COMPLETED,product_of_target_specific_copies,0,1,,,1,ETH,[],raw_by_asset_no_cross_asset_sum,c5961a742a560cfcdbbec21ee8afa444d594ca94f6c4226a82fcc1fb002ca262,QUERY_ACCEPTED
controlled-v1/repeated_entries_timed_returns/09,controlled-v1/repeated_entries_timed_returns/09,SYNTHETIC_CONTROLLED_V1,controlled,SYNTHETIC,False,NO_CROSS_TARGET_COUPLING,joint_by_asset,ETH,COMPLETED,product_of_target_specific_copies,5,7,,,12,ETH,[],raw_by_asset_no_cross_asset_sum,c5961a742a560cfcdbbec21ee8afa444d594ca94f6c4226a82fcc1fb002ca262,QUERY_ACCEPTED
controlled-v1/repeated_entries_timed_returns/09,controlled-v1/repeated_entries_timed_returns/09,SYNTHETIC_CONTROLLED_V1,controlled,SYNTHETIC,False,NO_PROTOCOL_CONTINUATION,addresses,T|ETH,COMPLETED,feasible_interval,5,6,,,11,ETH,[],raw_by_asset_no_cross_asset_sum,c5961a742a560cfcdbbec21ee8afa444d594ca94f6c4226a82fcc1fb002ca262,QUERY_ACCEPTED
controlled-v1/repeated_entries_timed_returns/09,controlled-v1/repeated_entries_timed_returns/09,SYNTHETIC_CONTROLLED_V1,controlled,SYNTHETIC,False,NO_PROTOCOL_CONTINUATION,addresses,U|ETH,COMPLETED,feasible_interval,0,1,,,1,ETH,[],raw_by_asset_no_cross_asset_sum,c5961a742a560cfcdbbec21ee8afa444d594ca94f6c4226a82fcc1fb002ca262,QUERY_ACCEPTED
controlled-v1/repeated_entries_timed_returns/09,controlled-v1/repeated_entries_timed_returns/09,SYNTHETIC_CONTROLLED_V1,controlled,SYNTHETIC,False,NO_PROTOCOL_CONTINUATION,events,before_seed,COMPLETED,feasible_interval,0,0,,,1,ETH,[],raw_by_asset_no_cross_asset_sum,c5961a742a560cfcdbbec21ee8afa444d594ca94f6c4226a82fcc1fb002ca262,QUERY_ACCEPTED
controlled-v1/repeated_entries_timed_returns/09,controlled-v1/repeated_entries_timed_returns/09,SYNTHETIC_CONTROLLED_V1,controlled,SYNTHETIC,False,NO_PROTOCOL_CONTINUATION,events,entry_first,COMPLETED,feasible_interval,0,1,,,1,ETH,[],raw_by_asset_no_cross_asset_sum,c5961a742a560cfcdbbec21ee8afa444d594ca94f6c4226a82fcc1fb002ca262,QUERY_ACCEPTED
controlled-v1/repeated_entries_timed_returns/09,controlled-v1/repeated_entries_timed_returns/09,SYNTHETIC_CONTROLLED_V1,controlled,SYNTHETIC,False,NO_PROTOCOL_CONTINUATION,events,entry_second,COMPLETED,feasible_interval,4,6,,,9,ETH,[],raw_by_asset_no_cross_asset_sum,c5961a742a560cfcdbbec21ee8afa444d594ca94f6c4226a82fcc1fb002ca262,QUERY_ACCEPTED
controlled-v1/repeated_entries_timed_returns/09,controlled-v1/repeated_entries_timed_returns/09,SYNTHETIC_CONTROLLED_V1,controlled,SYNTHETIC,False,NO_PROTOCOL_CONTINUATION,events,other_target,COMPLETED,feasible_interval,0,1,,,1,ETH,[],raw_by_asset_no_cross_asset_sum,c5961a742a560cfcdbbec21ee8afa444d594ca94f6c4226a82fcc1fb002ca262,QUERY_ACCEPTED
controlled-v1/repeated_entries_timed_returns/09,controlled-v1/repeated_entries_timed_returns/09,SYNTHETIC_CONTROLLED_V1,controlled,SYNTHETIC,False,NO_PROTOCOL_CONTINUATION,joint_by_asset,ETH,COMPLETED,feasible_interval,6,6,,,12,ETH,[],raw_by_asset_no_cross_asset_sum,c5961a742a560cfcdbbec21ee8afa444d594ca94f6c4226a82fcc1fb002ca262,QUERY_ACCEPTED
controlled-v1/repeated_entries_timed_returns/09,controlled-v1/repeated_entries_timed_returns/09,SYNTHETIC_CONTROLLED_V1,controlled,SYNTHETIC,False,BALANCE_INFORMATION_REMOVED,addresses,T|ETH,COMPLETED,feasible_interval,0,6,,,11,ETH,[],raw_by_asset_no_cross_asset_sum,c5961a742a560cfcdbbec21ee8afa444d594ca94f6c4226a82fcc1fb002ca262,QUERY_ACCEPTED
controlled-v1/repeated_entries_timed_returns/09,controlled-v1/repeated_entries_timed_returns/09,SYNTHETIC_CONTROLLED_V1,controlled,SYNTHETIC,False,BALANCE_INFORMATION_REMOVED,addresses,U|ETH,COMPLETED,feasible_interval,0,1,,,1,ETH,[],raw_by_asset_no_cross_asset_sum,c5961a742a560cfcdbbec21ee8afa444d594ca94f6c4226a82fcc1fb002ca262,QUERY_ACCEPTED
controlled-v1/repeated_entries_timed_returns/09,controlled-v1/repeated_entries_timed_returns/09,SYNTHETIC_CONTROLLED_V1,controlled,SYNTHETIC,False,BALANCE_INFORMATION_REMOVED,events,before_seed,COMPLETED,feasible_interval,0,0,,,1,ETH,[],raw_by_asset_no_cross_asset_sum,c5961a742a560cfcdbbec21ee8afa444d594ca94f6c4226a82fcc1fb002ca262,QUERY_ACCEPTED
controlled-v1/repeated_entries_timed_returns/09,controlled-v1/repeated_entries_timed_returns/09,SYNTHETIC_CONTROLLED_V1,controlled,SYNTHETIC,False,BALANCE_INFORMATION_REMOVED,events,entry_first,COMPLETED,feasible_interval,0,1,,,1,ETH,[],raw_by_asset_no_cross_asset_sum,c5961a742a560cfcdbbec21ee8afa444d594ca94f6c4226a82fcc1fb002ca262,QUERY_ACCEPTED
controlled-v1/repeated_entries_timed_returns/09,controlled-v1/repeated_entries_timed_returns/09,SYNTHETIC_CONTROLLED_V1,controlled,SYNTHETIC,False,BALANCE_INFORMATION_REMOVED,events,entry_second,COMPLETED,feasible_interval,0,6,,,9,ETH,[],raw_by_asset_no_cross_asset_sum,c5961a742a560cfcdbbec21ee8afa444d594ca94f6c4226a82fcc1fb002ca262,QUERY_ACCEPTED
controlled-v1/repeated_entries_timed_returns/09,controlled-v1/repeated_entries_timed_returns/09,SYNTHETIC_CONTROLLED_V1,controlled,SYNTHETIC,False,BALANCE_INFORMATION_REMOVED,events,other_target,COMPLETED,feasible_interval,0,1,,,1,ETH,[],raw_by_asset_no_cross_asset_sum,c5961a742a560cfcdbbec21ee8afa444d594ca94f6c4226a82fcc1fb002ca262,QUERY_ACCEPTED
controlled-v1/repeated_entries_timed_returns/09,controlled-v1/repeated_entries_timed_returns/09,SYNTHETIC_CONTROLLED_V1,controlled,SYNTHETIC,False,BALANCE_INFORMATION_REMOVED,joint_by_asset,ETH,COMPLETED,feasible_interval,0,6,,,12,ETH,[],raw_by_asset_no_cross_asset_sum,c5961a742a560cfcdbbec21ee8afa444d594ca94f6c4226a82fcc1fb002ca262,QUERY_ACCEPTED
controlled-v1/gas_background_and_anchors/00,controlled-v1/gas_background_and_anchors/00,SYNTHETIC_CONTROLLED_V1,controlled,SYNTHETIC,False,NO_CROSS_TARGET_COUPLING,addresses,T|ETH,COMPLETED,product_of_target_specific_copies,0,1,,,1,ETH,[],raw_by_asset_no_cross_asset_sum,399c6f5d045567c4213fc1899334152175f35693c8f10d224247148bcf779284,QUERY_ACCEPTED
controlled-v1/gas_background_and_anchors/00,controlled-v1/gas_background_and_anchors/00,SYNTHETIC_CONTROLLED_V1,controlled,SYNTHETIC,False,NO_CROSS_TARGET_COUPLING,addresses,U|ETH,COMPLETED,product_of_target_specific_copies,0,2,,,2,ETH,[],raw_by_asset_no_cross_asset_sum,399c6f5d045567c4213fc1899334152175f35693c8f10d224247148bcf779284,QUERY_ACCEPTED
controlled-v1/gas_background_and_anchors/00,controlled-v1/gas_background_and_anchors/00,SYNTHETIC_CONTROLLED_V1,controlled,SYNTHETIC,False,NO_CROSS_TARGET_COUPLING,events,b_t,COMPLETED,product_of_target_specific_copies,0,1,,,1,ETH,[],raw_by_asset_no_cross_asset_sum,399c6f5d045567c4213fc1899334152175f35693c8f10d224247148bcf779284,QUERY_ACCEPTED
controlled-v1/gas_background_and_anchors/00,controlled-v1/gas_background_and_anchors/00,SYNTHETIC_CONTROLLED_V1,controlled,SYNTHETIC,False,NO_CROSS_TARGET_COUPLING,events,a_u,COMPLETED,product_of_target_specific_copies,0,2,,,2,ETH,[],raw_by_asset_no_cross_asset_sum,399c6f5d045567c4213fc1899334152175f35693c8f10d224247148bcf779284,QUERY_ACCEPTED
controlled-v1/gas_background_and_anchors/00,controlled-v1/gas_background_and_anchors/00,SYNTHETIC_CONTROLLED_V1,controlled,SYNTHETIC,False,NO_CROSS_TARGET_COUPLING,joint_by_asset,ETH,COMPLETED,product_of_target_specific_copies,0,3,,,3,ETH,[],raw_by_asset_no_cross_asset_sum,399c6f5d045567c4213fc1899334152175f35693c8f10d224247148bcf779284,QUERY_ACCEPTED
controlled-v1/gas_background_and_anchors/00,controlled-v1/gas_background_and_anchors/00,SYNTHETIC_CONTROLLED_V1,controlled,SYNTHETIC,False,NO_PROTOCOL_CONTINUATION,addresses,T|ETH,COMPLETED,feasible_interval,0,1,,,1,ETH,[],raw_by_asset_no_cross_asset_sum,399c6f5d045567c4213fc1899334152175f35693c8f10d224247148bcf779284,QUERY_ACCEPTED
controlled-v1/gas_background_and_anchors/00,controlled-v1/gas_background_and_anchors/00,SYNTHETIC_CONTROLLED_V1,controlled,SYNTHETIC,False,NO_PROTOCOL_CONTINUATION,addresses,U|ETH,COMPLETED,feasible_interval,0,2,,,2,ETH,[],raw_by_asset_no_cross_asset_sum,399c6f5d045567c4213fc1899334152175f35693c8f10d224247148bcf779284,QUERY_ACCEPTED
controlled-v1/gas_background_and_anchors/00,controlled-v1/gas_background_and_anchors/00,SYNTHETIC_CONTROLLED_V1,controlled,SYNTHETIC,False,NO_PROTOCOL_CONTINUATION,events,b_t,COMPLETED,feasible_interval,0,1,,,1,ETH,[],raw_by_asset_no_cross_asset_sum,399c6f5d045567c4213fc1899334152175f35693c8f10d224247148bcf779284,QUERY_ACCEPTED
controlled-v1/gas_background_and_anchors/00,controlled-v1/gas_background_and_anchors/00,SYNTHETIC_CONTROLLED_V1,controlled,SYNTHETIC,False,NO_PROTOCOL_CONTINUATION,events,a_u,COMPLETED,feasible_interval,0,2,,,2,ETH,[],raw_by_asset_no_cross_asset_sum,399c6f5d045567c4213fc1899334152175f35693c8f10d224247148bcf779284,QUERY_ACCEPTED
controlled-v1/gas_background_and_anchors/00,controlled-v1/gas_background_and_anchors/00,SYNTHETIC_CONTROLLED_V1,controlled,SYNTHETIC,False,NO_PROTOCOL_CONTINUATION,joint_by_asset,ETH,COMPLETED,feasible_interval,0,2,,,3,ETH,[],raw_by_asset_no_cross_asset_sum,399c6f5d045567c4213fc1899334152175f35693c8f10d224247148bcf779284,QUERY_ACCEPTED
controlled-v1/gas_background_and_anchors/00,controlled-v1/gas_background_and_anchors/00,SYNTHETIC_CONTROLLED_V1,controlled,SYNTHETIC,False,BALANCE_INFORMATION_REMOVED,addresses,T|ETH,COMPLETED,feasible_interval,0,1,,,1,ETH,[],raw_by_asset_no_cross_asset_sum,399c6f5d045567c4213fc1899334152175f35693c8f10d224247148bcf779284,QUERY_ACCEPTED
controlled-v1/gas_background_and_anchors/00,controlled-v1/gas_background_and_anchors/00,SYNTHETIC_CONTROLLED_V1,controlled,SYNTHETIC,False,BALANCE_INFORMATION_REMOVED,addresses,U|ETH,COMPLETED,feasible_interval,0,2,,,2,ETH,[],raw_by_asset_no_cross_asset_sum,399c6f5d045567c4213fc1899334152175f35693c8f10d224247148bcf779284,QUERY_ACCEPTED
controlled-v1/gas_background_and_anchors/00,controlled-v1/gas_background_and_anchors/00,SYNTHETIC_CONTROLLED_V1,controlled,SYNTHETIC,False,BALANCE_INFORMATION_REMOVED,events,b_t,COMPLETED,feasible_interval,0,1,,,1,ETH,[],raw_by_asset_no_cross_asset_sum,399c6f5d045567c4213fc1899334152175f35693c8f10d224247148bcf779284,QUERY_ACCEPTED
controlled-v1/gas_background_and_anchors/00,controlled-v1/gas_background_and_anchors/00,SYNTHETIC_CONTROLLED_V1,controlled,SYNTHETIC,False,BALANCE_INFORMATION_REMOVED,events,a_u,COMPLETED,feasible_interval,0,2,,,2,ETH,[],raw_by_asset_no_cross_asset_sum,399c6f5d045567c4213fc1899334152175f35693c8f10d224247148bcf779284,QUERY_ACCEPTED
controlled-v1/gas_background_and_anchors/00,controlled-v1/gas_background_and_anchors/00,SYNTHETIC_CONTROLLED_V1,controlled,SYNTHETIC,False,BALANCE_INFORMATION_REMOVED,joint_by_asset,ETH,COMPLETED,feasible_interval,0,2,,,3,ETH,[],raw_by_asset_no_cross_asset_sum,399c6f5d045567c4213fc1899334152175f35693c8f10d224247148bcf779284,QUERY_ACCEPTED
controlled-v1/gas_background_and_anchors/00,controlled-v1/gas_background_and_anchors/00,SYNTHETIC_CONTROLLED_V1,controlled,SYNTHETIC,False,FULL_INTERVAL,addresses,T|ETH,COMPLETED,feasible_interval,0,1,,,1,ETH,[],raw_by_asset_no_cross_asset_sum,399c6f5d045567c4213fc1899334152175f35693c8f10d224247148bcf779284,QUERY_ACCEPTED
controlled-v1/gas_background_and_anchors/00,controlled-v1/gas_background_and_anchors/00,SYNTHETIC_CONTROLLED_V1,controlled,SYNTHETIC,False,FULL_INTERVAL,addresses,U|ETH,COMPLETED,feasible_interval,0,2,,,2,ETH,[],raw_by_asset_no_cross_asset_sum,399c6f5d045567c4213fc1899334152175f35693c8f10d224247148bcf779284,QUERY_ACCEPTED
controlled-v1/gas_background_and_anchors/00,controlled-v1/gas_background_and_anchors/00,SYNTHETIC_CONTROLLED_V1,controlled,SYNTHETIC,False,FULL_INTERVAL,events,b_t,COMPLETED,feasible_interval,0,1,,,1,ETH,[],raw_by_asset_no_cross_asset_sum,399c6f5d045567c4213fc1899334152175f35693c8f10d224247148bcf779284,QUERY_ACCEPTED
controlled-v1/gas_background_and_anchors/00,controlled-v1/gas_background_and_anchors/00,SYNTHETIC_CONTROLLED_V1,controlled,SYNTHETIC,False,FULL_INTERVAL,events,a_u,COMPLETED,feasible_interval,0,2,,,2,ETH,[],raw_by_asset_no_cross_asset_sum,399c6f5d045567c4213fc1899334152175f35693c8f10d224247148bcf779284,QUERY_ACCEPTED
controlled-v1/gas_background_and_anchors/00,controlled-v1/gas_background_and_anchors/00,SYNTHETIC_CONTROLLED_V1,controlled,SYNTHETIC,False,FULL_INTERVAL,joint_by_asset,ETH,COMPLETED,feasible_interval,0,2,,,3,ETH,[],raw_by_asset_no_cross_asset_sum,399c6f5d045567c4213fc1899334152175f35693c8f10d224247148bcf779284,QUERY_ACCEPTED
controlled-v1/gas_background_and_anchors/00,controlled-v1/gas_background_and_anchors/00,SYNTHETIC_CONTROLLED_V1,controlled,SYNTHETIC,False,BOUNDED_REACHABILITY,addresses,T|ETH,COMPLETED,ADDRESS_EVENT_SET_NO_AMOUNT,,,,,1,ETH,[],raw_by_asset_no_cross_asset_sum,399c6f5d045567c4213fc1899334152175f35693c8f10d224247148bcf779284,QUERY_ACCEPTED
controlled-v1/gas_background_and_anchors/00,controlled-v1/gas_background_and_anchors/00,SYNTHETIC_CONTROLLED_V1,controlled,SYNTHETIC,False,BOUNDED_REACHABILITY,addresses,U|ETH,COMPLETED,ADDRESS_EVENT_SET_NO_AMOUNT,,,,,2,ETH,[],raw_by_asset_no_cross_asset_sum,399c6f5d045567c4213fc1899334152175f35693c8f10d224247148bcf779284,QUERY_ACCEPTED
controlled-v1/gas_background_and_anchors/00,controlled-v1/gas_background_and_anchors/00,SYNTHETIC_CONTROLLED_V1,controlled,SYNTHETIC,False,BOUNDED_REACHABILITY,events,seed,COMPLETED,ADDRESS_EVENT_SET_NO_AMOUNT,,,,,2,ETH,[],raw_by_asset_no_cross_asset_sum,399c6f5d045567c4213fc1899334152175f35693c8f10d224247148bcf779284,QUERY_ACCEPTED
controlled-v1/gas_background_and_anchors/00,controlled-v1/gas_background_and_anchors/00,SYNTHETIC_CONTROLLED_V1,controlled,SYNTHETIC,False,BOUNDED_REACHABILITY,events,gas_success,COMPLETED,ADDRESS_EVENT_SET_NO_AMOUNT,,,,,1,ETH,[],raw_by_asset_no_cross_asset_sum,399c6f5d045567c4213fc1899334152175f35693c8f10d224247148bcf779284,QUERY_ACCEPTED
controlled-v1/gas_background_and_anchors/00,controlled-v1/gas_background_and_anchors/00,SYNTHETIC_CONTROLLED_V1,controlled,SYNTHETIC,False,BOUNDED_REACHABILITY,events,background_in,COMPLETED,ADDRESS_EVENT_SET_NO_AMOUNT,,,,,1,ETH,[],raw_by_asset_no_cross_asset_sum,399c6f5d045567c4213fc1899334152175f35693c8f10d224247148bcf779284,QUERY_ACCEPTED
controlled-v1/gas_background_and_anchors/00,controlled-v1/gas_background_and_anchors/00,SYNTHETIC_CONTROLLED_V1,controlled,SYNTHETIC,False,BOUNDED_REACHABILITY,events,gas_failed,COMPLETED,ADDRESS_EVENT_SET_NO_AMOUNT,,,,,1,ETH,[],raw_by_asset_no_cross_asset_sum,399c6f5d045567c4213fc1899334152175f35693c8f10d224247148bcf779284,QUERY_ACCEPTED
controlled-v1/gas_background_and_anchors/00,controlled-v1/gas_background_and_anchors/00,SYNTHETIC_CONTROLLED_V1,controlled,SYNTHETIC,False,BOUNDED_REACHABILITY,events,a_b,COMPLETED,ADDRESS_EVENT_SET_NO_AMOUNT,,,,,1,ETH,[],raw_by_asset_no_cross_asset_sum,399c6f5d045567c4213fc1899334152175f35693c8f10d224247148bcf779284,QUERY_ACCEPTED
controlled-v1/gas_background_and_anchors/00,controlled-v1/gas_background_and_anchors/00,SYNTHETIC_CONTROLLED_V1,controlled,SYNTHETIC,False,BOUNDED_REACHABILITY,events,b_t,COMPLETED,ADDRESS_EVENT_SET_NO_AMOUNT,,,,,1,ETH,[],raw_by_asset_no_cross_asset_sum,399c6f5d045567c4213fc1899334152175f35693c8f10d224247148bcf779284,QUERY_ACCEPTED
controlled-v1/gas_background_and_anchors/00,controlled-v1/gas_background_and_anchors/00,SYNTHETIC_CONTROLLED_V1,controlled,SYNTHETIC,False,BOUNDED_REACHABILITY,events,a_u,COMPLETED,ADDRESS_EVENT_SET_NO_AMOUNT,,,,,2,ETH,[],raw_by_asset_no_cross_asset_sum,399c6f5d045567c4213fc1899334152175f35693c8f10d224247148bcf779284,QUERY_ACCEPTED
controlled-v1/gas_background_and_anchors/00,controlled-v1/gas_background_and_anchors/00,SYNTHETIC_CONTROLLED_V1,controlled,SYNTHETIC,False,BOUNDED_REACHABILITY,joint_by_asset,ETH,COMPLETED,ADDRESS_EVENT_SET_NO_AMOUNT,,,,,3,ETH,[],raw_by_asset_no_cross_asset_sum,399c6f5d045567c4213fc1899334152175f35693c8f10d224247148bcf779284,QUERY_ACCEPTED
controlled-v1/gas_background_and_anchors/00,controlled-v1/gas_background_and_anchors/00,SYNTHETIC_CONTROLLED_V1,controlled,SYNTHETIC,False,POISON,addresses,T|ETH,COMPLETED,POISON_NOMINAL_RAW,,,,1,1,ETH,[],raw_by_asset_no_cross_asset_sum,399c6f5d045567c4213fc1899334152175f35693c8f10d224247148bcf779284,QUERY_ACCEPTED
controlled-v1/gas_background_and_anchors/00,controlled-v1/gas_background_and_anchors/00,SYNTHETIC_CONTROLLED_V1,controlled,SYNTHETIC,False,POISON,addresses,U|ETH,COMPLETED,POISON_NOMINAL_RAW,,,,2,2,ETH,[],raw_by_asset_no_cross_asset_sum,399c6f5d045567c4213fc1899334152175f35693c8f10d224247148bcf779284,QUERY_ACCEPTED
controlled-v1/gas_background_and_anchors/00,controlled-v1/gas_background_and_anchors/00,SYNTHETIC_CONTROLLED_V1,controlled,SYNTHETIC,False,POISON,events,seed,COMPLETED,POISON_NOMINAL_RAW,,,,2,2,ETH,[],raw_by_asset_no_cross_asset_sum,399c6f5d045567c4213fc1899334152175f35693c8f10d224247148bcf779284,QUERY_ACCEPTED
controlled-v1/gas_background_and_anchors/00,controlled-v1/gas_background_and_anchors/00,SYNTHETIC_CONTROLLED_V1,controlled,SYNTHETIC,False,POISON,events,gas_success,COMPLETED,POISON_NOMINAL_RAW,,,,1,1,ETH,[],raw_by_asset_no_cross_asset_sum,399c6f5d045567c4213fc1899334152175f35693c8f10d224247148bcf779284,QUERY_ACCEPTED
controlled-v1/gas_background_and_anchors/00,controlled-v1/gas_background_and_anchors/00,SYNTHETIC_CONTROLLED_V1,controlled,SYNTHETIC,False,POISON,events,background_in,COMPLETED,POISON_NOMINAL_RAW,,,,0,1,ETH,[],raw_by_asset_no_cross_asset_sum,399c6f5d045567c4213fc1899334152175f35693c8f10d224247148bcf779284,QUERY_ACCEPTED
controlled-v1/gas_background_and_anchors/00,controlled-v1/gas_background_and_anchors/00,SYNTHETIC_CONTROLLED_V1,controlled,SYNTHETIC,False,POISON,events,gas_failed,COMPLETED,POISON_NOMINAL_RAW,,,,1,1,ETH,[],raw_by_asset_no_cross_asset_sum,399c6f5d045567c4213fc1899334152175f35693c8f10d224247148bcf779284,QUERY_ACCEPTED
controlled-v1/gas_background_and_anchors/00,controlled-v1/gas_background_and_anchors/00,SYNTHETIC_CONTROLLED_V1,controlled,SYNTHETIC,False,POISON,events,a_b,COMPLETED,POISON_NOMINAL_RAW,,,,1,1,ETH,[],raw_by_asset_no_cross_asset_sum,399c6f5d045567c4213fc1899334152175f35693c8f10d224247148bcf779284,QUERY_ACCEPTED
controlled-v1/gas_background_and_anchors/00,controlled-v1/gas_background_and_anchors/00,SYNTHETIC_CONTROLLED_V1,controlled,SYNTHETIC,False,POISON,events,b_t,COMPLETED,POISON_NOMINAL_RAW,,,,1,1,ETH,[],raw_by_asset_no_cross_asset_sum,399c6f5d045567c4213fc1899334152175f35693c8f10d224247148bcf779284,QUERY_ACCEPTED
controlled-v1/gas_background_and_anchors/00,controlled-v1/gas_background_and_anchors/00,SYNTHETIC_CONTROLLED_V1,controlled,SYNTHETIC,False,POISON,events,a_u,COMPLETED,POISON_NOMINAL_RAW,,,,2,2,ETH,[],raw_by_asset_no_cross_asset_sum,399c6f5d045567c4213fc1899334152175f35693c8f10d224247148bcf779284,QUERY_ACCEPTED
controlled-v1/gas_background_and_anchors/00,controlled-v1/gas_background_and_anchors/00,SYNTHETIC_CONTROLLED_V1,controlled,SYNTHETIC,False,POISON,joint_by_asset,ETH,COMPLETED,POISON_NOMINAL_RAW,,,,3,3,ETH,[],raw_by_asset_no_cross_asset_sum,399c6f5d045567c4213fc1899334152175f35693c8f10d224247148bcf779284,QUERY_ACCEPTED
controlled-v1/gas_background_and_anchors/00,controlled-v1/gas_background_and_anchors/00,SYNTHETIC_CONTROLLED_V1,controlled,SYNTHETIC,False,HAIRCUT,addresses,T|ETH,COMPLETED,PROPORTIONAL_FEASIBLE_POINT,,,3/8,,1,ETH,[],raw_by_asset_no_cross_asset_sum,399c6f5d045567c4213fc1899334152175f35693c8f10d224247148bcf779284,QUERY_ACCEPTED
controlled-v1/gas_background_and_anchors/00,controlled-v1/gas_background_and_anchors/00,SYNTHETIC_CONTROLLED_V1,controlled,SYNTHETIC,False,HAIRCUT,addresses,U|ETH,COMPLETED,PROPORTIONAL_FEASIBLE_POINT,,,3/4,,2,ETH,[],raw_by_asset_no_cross_asset_sum,399c6f5d045567c4213fc1899334152175f35693c8f10d224247148bcf779284,QUERY_ACCEPTED
controlled-v1/gas_background_and_anchors/00,controlled-v1/gas_background_and_anchors/00,SYNTHETIC_CONTROLLED_V1,controlled,SYNTHETIC,False,HAIRCUT,events,seed,COMPLETED,PROPORTIONAL_FEASIBLE_POINT,,,2,,2,ETH,[],raw_by_asset_no_cross_asset_sum,399c6f5d045567c4213fc1899334152175f35693c8f10d224247148bcf779284,QUERY_ACCEPTED
controlled-v1/gas_background_and_anchors/00,controlled-v1/gas_background_and_anchors/00,SYNTHETIC_CONTROLLED_V1,controlled,SYNTHETIC,False,HAIRCUT,events,gas_success,COMPLETED,PROPORTIONAL_FEASIBLE_POINT,,,1/2,,1,ETH,[],raw_by_asset_no_cross_asset_sum,399c6f5d045567c4213fc1899334152175f35693c8f10d224247148bcf779284,QUERY_ACCEPTED
controlled-v1/gas_background_and_anchors/00,controlled-v1/gas_background_and_anchors/00,SYNTHETIC_CONTROLLED_V1,controlled,SYNTHETIC,False,HAIRCUT,events,background_in,COMPLETED,PROPORTIONAL_FEASIBLE_POINT,,,0,,1,ETH,[],raw_by_asset_no_cross_asset_sum,399c6f5d045567c4213fc1899334152175f35693c8f10d224247148bcf779284,QUERY_ACCEPTED
controlled-v1/gas_background_and_anchors/00,controlled-v1/gas_background_and_anchors/00,SYNTHETIC_CONTROLLED_V1,controlled,SYNTHETIC,False,HAIRCUT,events,gas_failed,COMPLETED,PROPORTIONAL_FEASIBLE_POINT,,,3/8,,1,ETH,[],raw_by_asset_no_cross_asset_sum,399c6f5d045567c4213fc1899334152175f35693c8f10d224247148bcf779284,QUERY_ACCEPTED
controlled-v1/gas_background_and_anchors/00,controlled-v1/gas_background_and_anchors/00,SYNTHETIC_CONTROLLED_V1,controlled,SYNTHETIC,False,HAIRCUT,events,a_b,COMPLETED,PROPORTIONAL_FEASIBLE_POINT,,,3/8,,1,ETH,[],raw_by_asset_no_cross_asset_sum,399c6f5d045567c4213fc1899334152175f35693c8f10d224247148bcf779284,QUERY_ACCEPTED
controlled-v1/gas_background_and_anchors/00,controlled-v1/gas_background_and_anchors/00,SYNTHETIC_CONTROLLED_V1,controlled,SYNTHETIC,False,HAIRCUT,events,b_t,COMPLETED,PROPORTIONAL_FEASIBLE_POINT,,,3/8,,1,ETH,[],raw_by_asset_no_cross_asset_sum,399c6f5d045567c4213fc1899334152175f35693c8f10d224247148bcf779284,QUERY_ACCEPTED
controlled-v1/gas_background_and_anchors/00,controlled-v1/gas_background_and_anchors/00,SYNTHETIC_CONTROLLED_V1,controlled,SYNTHETIC,False,HAIRCUT,events,a_u,COMPLETED,PROPORTIONAL_FEASIBLE_POINT,,,3/4,,2,ETH,[],raw_by_asset_no_cross_asset_sum,399c6f5d045567c4213fc1899334152175f35693c8f10d224247148bcf779284,QUERY_ACCEPTED
controlled-v1/gas_background_and_anchors/00,controlled-v1/gas_background_and_anchors/00,SYNTHETIC_CONTROLLED_V1,controlled,SYNTHETIC,False,HAIRCUT,joint_by_asset,ETH,COMPLETED,PROPORTIONAL_FEASIBLE_POINT,,,9/8,,3,ETH,[],raw_by_asset_no_cross_asset_sum,399c6f5d045567c4213fc1899334152175f35693c8f10d224247148bcf779284,QUERY_ACCEPTED
controlled-v1/gas_background_and_anchors/01,controlled-v1/gas_background_and_anchors/01,SYNTHETIC_CONTROLLED_V1,controlled,SYNTHETIC,False,NO_CROSS_TARGET_COUPLING,addresses,T|ETH,COMPLETED,product_of_target_specific_copies,0,1,,,1,ETH,[],raw_by_asset_no_cross_asset_sum,8fc864182cc172b937f5ac0a529fe1d9af62c317aa0cceaa054e502ab02ec609,QUERY_ACCEPTED
controlled-v1/gas_background_and_anchors/01,controlled-v1/gas_background_and_anchors/01,SYNTHETIC_CONTROLLED_V1,controlled,SYNTHETIC,False,NO_CROSS_TARGET_COUPLING,addresses,U|ETH,COMPLETED,product_of_target_specific_copies,0,2,,,2,ETH,[],raw_by_asset_no_cross_asset_sum,8fc864182cc172b937f5ac0a529fe1d9af62c317aa0cceaa054e502ab02ec609,QUERY_ACCEPTED
controlled-v1/gas_background_and_anchors/01,controlled-v1/gas_background_and_anchors/01,SYNTHETIC_CONTROLLED_V1,controlled,SYNTHETIC,False,NO_CROSS_TARGET_COUPLING,events,b_t,COMPLETED,product_of_target_specific_copies,0,1,,,1,ETH,[],raw_by_asset_no_cross_asset_sum,8fc864182cc172b937f5ac0a529fe1d9af62c317aa0cceaa054e502ab02ec609,QUERY_ACCEPTED
controlled-v1/gas_background_and_anchors/01,controlled-v1/gas_background_and_anchors/01,SYNTHETIC_CONTROLLED_V1,controlled,SYNTHETIC,False,NO_CROSS_TARGET_COUPLING,events,a_u,COMPLETED,product_of_target_specific_copies,0,2,,,2,ETH,[],raw_by_asset_no_cross_asset_sum,8fc864182cc172b937f5ac0a529fe1d9af62c317aa0cceaa054e502ab02ec609,QUERY_ACCEPTED
controlled-v1/gas_background_and_anchors/01,controlled-v1/gas_background_and_anchors/01,SYNTHETIC_CONTROLLED_V1,controlled,SYNTHETIC,False,NO_CROSS_TARGET_COUPLING,joint_by_asset,ETH,COMPLETED,product_of_target_specific_copies,0,3,,,3,ETH,[],raw_by_asset_no_cross_asset_sum,8fc864182cc172b937f5ac0a529fe1d9af62c317aa0cceaa054e502ab02ec609,QUERY_ACCEPTED
controlled-v1/gas_background_and_anchors/01,controlled-v1/gas_background_and_anchors/01,SYNTHETIC_CONTROLLED_V1,controlled,SYNTHETIC,False,NO_PROTOCOL_CONTINUATION,addresses,T|ETH,COMPLETED,feasible_interval,0,1,,,1,ETH,[],raw_by_asset_no_cross_asset_sum,8fc864182cc172b937f5ac0a529fe1d9af62c317aa0cceaa054e502ab02ec609,QUERY_ACCEPTED
controlled-v1/gas_background_and_anchors/01,controlled-v1/gas_background_and_anchors/01,SYNTHETIC_CONTROLLED_V1,controlled,SYNTHETIC,False,NO_PROTOCOL_CONTINUATION,addresses,U|ETH,COMPLETED,feasible_interval,0,2,,,2,ETH,[],raw_by_asset_no_cross_asset_sum,8fc864182cc172b937f5ac0a529fe1d9af62c317aa0cceaa054e502ab02ec609,QUERY_ACCEPTED
controlled-v1/gas_background_and_anchors/01,controlled-v1/gas_background_and_anchors/01,SYNTHETIC_CONTROLLED_V1,controlled,SYNTHETIC,False,NO_PROTOCOL_CONTINUATION,events,b_t,COMPLETED,feasible_interval,0,1,,,1,ETH,[],raw_by_asset_no_cross_asset_sum,8fc864182cc172b937f5ac0a529fe1d9af62c317aa0cceaa054e502ab02ec609,QUERY_ACCEPTED
controlled-v1/gas_background_and_anchors/01,controlled-v1/gas_background_and_anchors/01,SYNTHETIC_CONTROLLED_V1,controlled,SYNTHETIC,False,NO_PROTOCOL_CONTINUATION,events,a_u,COMPLETED,feasible_interval,0,2,,,2,ETH,[],raw_by_asset_no_cross_asset_sum,8fc864182cc172b937f5ac0a529fe1d9af62c317aa0cceaa054e502ab02ec609,QUERY_ACCEPTED
controlled-v1/gas_background_and_anchors/01,controlled-v1/gas_background_and_anchors/01,SYNTHETIC_CONTROLLED_V1,controlled,SYNTHETIC,False,NO_PROTOCOL_CONTINUATION,joint_by_asset,ETH,COMPLETED,feasible_interval,0,2,,,3,ETH,[],raw_by_asset_no_cross_asset_sum,8fc864182cc172b937f5ac0a529fe1d9af62c317aa0cceaa054e502ab02ec609,QUERY_ACCEPTED
controlled-v1/gas_background_and_anchors/01,controlled-v1/gas_background_and_anchors/01,SYNTHETIC_CONTROLLED_V1,controlled,SYNTHETIC,False,BALANCE_INFORMATION_REMOVED,addresses,T|ETH,COMPLETED,feasible_interval,0,1,,,1,ETH,[],raw_by_asset_no_cross_asset_sum,8fc864182cc172b937f5ac0a529fe1d9af62c317aa0cceaa054e502ab02ec609,QUERY_ACCEPTED
controlled-v1/gas_background_and_anchors/01,controlled-v1/gas_background_and_anchors/01,SYNTHETIC_CONTROLLED_V1,controlled,SYNTHETIC,False,BALANCE_INFORMATION_REMOVED,addresses,U|ETH,COMPLETED,feasible_interval,0,2,,,2,ETH,[],raw_by_asset_no_cross_asset_sum,8fc864182cc172b937f5ac0a529fe1d9af62c317aa0cceaa054e502ab02ec609,QUERY_ACCEPTED
controlled-v1/gas_background_and_anchors/01,controlled-v1/gas_background_and_anchors/01,SYNTHETIC_CONTROLLED_V1,controlled,SYNTHETIC,False,BALANCE_INFORMATION_REMOVED,events,b_t,COMPLETED,feasible_interval,0,1,,,1,ETH,[],raw_by_asset_no_cross_asset_sum,8fc864182cc172b937f5ac0a529fe1d9af62c317aa0cceaa054e502ab02ec609,QUERY_ACCEPTED
controlled-v1/gas_background_and_anchors/01,controlled-v1/gas_background_and_anchors/01,SYNTHETIC_CONTROLLED_V1,controlled,SYNTHETIC,False,BALANCE_INFORMATION_REMOVED,events,a_u,COMPLETED,feasible_interval,0,2,,,2,ETH,[],raw_by_asset_no_cross_asset_sum,8fc864182cc172b937f5ac0a529fe1d9af62c317aa0cceaa054e502ab02ec609,QUERY_ACCEPTED
controlled-v1/gas_background_and_anchors/01,controlled-v1/gas_background_and_anchors/01,SYNTHETIC_CONTROLLED_V1,controlled,SYNTHETIC,False,BALANCE_INFORMATION_REMOVED,joint_by_asset,ETH,COMPLETED,feasible_interval,0,2,,,3,ETH,[],raw_by_asset_no_cross_asset_sum,8fc864182cc172b937f5ac0a529fe1d9af62c317aa0cceaa054e502ab02ec609,QUERY_ACCEPTED
controlled-v1/gas_background_and_anchors/01,controlled-v1/gas_background_and_anchors/01,SYNTHETIC_CONTROLLED_V1,controlled,SYNTHETIC,False,FULL_INTERVAL,addresses,T|ETH,COMPLETED,feasible_interval,0,1,,,1,ETH,[],raw_by_asset_no_cross_asset_sum,8fc864182cc172b937f5ac0a529fe1d9af62c317aa0cceaa054e502ab02ec609,QUERY_ACCEPTED
controlled-v1/gas_background_and_anchors/01,controlled-v1/gas_background_and_anchors/01,SYNTHETIC_CONTROLLED_V1,controlled,SYNTHETIC,False,FULL_INTERVAL,addresses,U|ETH,COMPLETED,feasible_interval,0,2,,,2,ETH,[],raw_by_asset_no_cross_asset_sum,8fc864182cc172b937f5ac0a529fe1d9af62c317aa0cceaa054e502ab02ec609,QUERY_ACCEPTED
controlled-v1/gas_background_and_anchors/01,controlled-v1/gas_background_and_anchors/01,SYNTHETIC_CONTROLLED_V1,controlled,SYNTHETIC,False,FULL_INTERVAL,events,b_t,COMPLETED,feasible_interval,0,1,,,1,ETH,[],raw_by_asset_no_cross_asset_sum,8fc864182cc172b937f5ac0a529fe1d9af62c317aa0cceaa054e502ab02ec609,QUERY_ACCEPTED
controlled-v1/gas_background_and_anchors/01,controlled-v1/gas_background_and_anchors/01,SYNTHETIC_CONTROLLED_V1,controlled,SYNTHETIC,False,FULL_INTERVAL,events,a_u,COMPLETED,feasible_interval,0,2,,,2,ETH,[],raw_by_asset_no_cross_asset_sum,8fc864182cc172b937f5ac0a529fe1d9af62c317aa0cceaa054e502ab02ec609,QUERY_ACCEPTED
controlled-v1/gas_background_and_anchors/01,controlled-v1/gas_background_and_anchors/01,SYNTHETIC_CONTROLLED_V1,controlled,SYNTHETIC,False,FULL_INTERVAL,joint_by_asset,ETH,COMPLETED,feasible_interval,0,2,,,3,ETH,[],raw_by_asset_no_cross_asset_sum,8fc864182cc172b937f5ac0a529fe1d9af62c317aa0cceaa054e502ab02ec609,QUERY_ACCEPTED
controlled-v1/gas_background_and_anchors/01,controlled-v1/gas_background_and_anchors/01,SYNTHETIC_CONTROLLED_V1,controlled,SYNTHETIC,False,BOUNDED_REACHABILITY,addresses,T|ETH,COMPLETED,ADDRESS_EVENT_SET_NO_AMOUNT,,,,,1,ETH,[],raw_by_asset_no_cross_asset_sum,8fc864182cc172b937f5ac0a529fe1d9af62c317aa0cceaa054e502ab02ec609,QUERY_ACCEPTED
controlled-v1/gas_background_and_anchors/01,controlled-v1/gas_background_and_anchors/01,SYNTHETIC_CONTROLLED_V1,controlled,SYNTHETIC,False,BOUNDED_REACHABILITY,addresses,U|ETH,COMPLETED,ADDRESS_EVENT_SET_NO_AMOUNT,,,,,2,ETH,[],raw_by_asset_no_cross_asset_sum,8fc864182cc172b937f5ac0a529fe1d9af62c317aa0cceaa054e502ab02ec609,QUERY_ACCEPTED
controlled-v1/gas_background_and_anchors/01,controlled-v1/gas_background_and_anchors/01,SYNTHETIC_CONTROLLED_V1,controlled,SYNTHETIC,False,BOUNDED_REACHABILITY,events,seed,COMPLETED,ADDRESS_EVENT_SET_NO_AMOUNT,,,,,2,ETH,[],raw_by_asset_no_cross_asset_sum,8fc864182cc172b937f5ac0a529fe1d9af62c317aa0cceaa054e502ab02ec609,QUERY_ACCEPTED
controlled-v1/gas_background_and_anchors/01,controlled-v1/gas_background_and_anchors/01,SYNTHETIC_CONTROLLED_V1,controlled,SYNTHETIC,False,BOUNDED_REACHABILITY,events,gas_success,COMPLETED,ADDRESS_EVENT_SET_NO_AMOUNT,,,,,1,ETH,[],raw_by_asset_no_cross_asset_sum,8fc864182cc172b937f5ac0a529fe1d9af62c317aa0cceaa054e502ab02ec609,QUERY_ACCEPTED
controlled-v1/gas_background_and_anchors/01,controlled-v1/gas_background_and_anchors/01,SYNTHETIC_CONTROLLED_V1,controlled,SYNTHETIC,False,BOUNDED_REACHABILITY,events,background_in,COMPLETED,ADDRESS_EVENT_SET_NO_AMOUNT,,,,,1,ETH,[],raw_by_asset_no_cross_asset_sum,8fc864182cc172b937f5ac0a529fe1d9af62c317aa0cceaa054e502ab02ec609,QUERY_ACCEPTED
controlled-v1/gas_background_and_anchors/01,controlled-v1/gas_background_and_anchors/01,SYNTHETIC_CONTROLLED_V1,controlled,SYNTHETIC,False,BOUNDED_REACHABILITY,events,gas_failed,COMPLETED,ADDRESS_EVENT_SET_NO_AMOUNT,,,,,1,ETH,[],raw_by_asset_no_cross_asset_sum,8fc864182cc172b937f5ac0a529fe1d9af62c317aa0cceaa054e502ab02ec609,QUERY_ACCEPTED
controlled-v1/gas_background_and_anchors/01,controlled-v1/gas_background_and_anchors/01,SYNTHETIC_CONTROLLED_V1,controlled,SYNTHETIC,False,BOUNDED_REACHABILITY,events,a_b,COMPLETED,ADDRESS_EVENT_SET_NO_AMOUNT,,,,,1,ETH,[],raw_by_asset_no_cross_asset_sum,8fc864182cc172b937f5ac0a529fe1d9af62c317aa0cceaa054e502ab02ec609,QUERY_ACCEPTED
controlled-v1/gas_background_and_anchors/01,controlled-v1/gas_background_and_anchors/01,SYNTHETIC_CONTROLLED_V1,controlled,SYNTHETIC,False,BOUNDED_REACHABILITY,events,b_t,COMPLETED,ADDRESS_EVENT_SET_NO_AMOUNT,,,,,1,ETH,[],raw_by_asset_no_cross_asset_sum,8fc864182cc172b937f5ac0a529fe1d9af62c317aa0cceaa054e502ab02ec609,QUERY_ACCEPTED
controlled-v1/gas_background_and_anchors/01,controlled-v1/gas_background_and_anchors/01,SYNTHETIC_CONTROLLED_V1,controlled,SYNTHETIC,False,BOUNDED_REACHABILITY,events,a_u,COMPLETED,ADDRESS_EVENT_SET_NO_AMOUNT,,,,,2,ETH,[],raw_by_asset_no_cross_asset_sum,8fc864182cc172b937f5ac0a529fe1d9af62c317aa0cceaa054e502ab02ec609,QUERY_ACCEPTED
controlled-v1/gas_background_and_anchors/01,controlled-v1/gas_background_and_anchors/01,SYNTHETIC_CONTROLLED_V1,controlled,SYNTHETIC,False,BOUNDED_REACHABILITY,joint_by_asset,ETH,COMPLETED,ADDRESS_EVENT_SET_NO_AMOUNT,,,,,3,ETH,[],raw_by_asset_no_cross_asset_sum,8fc864182cc172b937f5ac0a529fe1d9af62c317aa0cceaa054e502ab02ec609,QUERY_ACCEPTED
controlled-v1/gas_background_and_anchors/01,controlled-v1/gas_background_and_anchors/01,SYNTHETIC_CONTROLLED_V1,controlled,SYNTHETIC,False,POISON,addresses,T|ETH,COMPLETED,POISON_NOMINAL_RAW,,,,1,1,ETH,[],raw_by_asset_no_cross_asset_sum,8fc864182cc172b937f5ac0a529fe1d9af62c317aa0cceaa054e502ab02ec609,QUERY_ACCEPTED
controlled-v1/gas_background_and_anchors/01,controlled-v1/gas_background_and_anchors/01,SYNTHETIC_CONTROLLED_V1,controlled,SYNTHETIC,False,POISON,addresses,U|ETH,COMPLETED,POISON_NOMINAL_RAW,,,,2,2,ETH,[],raw_by_asset_no_cross_asset_sum,8fc864182cc172b937f5ac0a529fe1d9af62c317aa0cceaa054e502ab02ec609,QUERY_ACCEPTED
controlled-v1/gas_background_and_anchors/01,controlled-v1/gas_background_and_anchors/01,SYNTHETIC_CONTROLLED_V1,controlled,SYNTHETIC,False,POISON,events,seed,COMPLETED,POISON_NOMINAL_RAW,,,,2,2,ETH,[],raw_by_asset_no_cross_asset_sum,8fc864182cc172b937f5ac0a529fe1d9af62c317aa0cceaa054e502ab02ec609,QUERY_ACCEPTED
controlled-v1/gas_background_and_anchors/01,controlled-v1/gas_background_and_anchors/01,SYNTHETIC_CONTROLLED_V1,controlled,SYNTHETIC,False,POISON,events,gas_success,COMPLETED,POISON_NOMINAL_RAW,,,,1,1,ETH,[],raw_by_asset_no_cross_asset_sum,8fc864182cc172b937f5ac0a529fe1d9af62c317aa0cceaa054e502ab02ec609,QUERY_ACCEPTED
controlled-v1/gas_background_and_anchors/01,controlled-v1/gas_background_and_anchors/01,SYNTHETIC_CONTROLLED_V1,controlled,SYNTHETIC,False,POISON,events,background_in,COMPLETED,POISON_NOMINAL_RAW,,,,0,1,ETH,[],raw_by_asset_no_cross_asset_sum,8fc864182cc172b937f5ac0a529fe1d9af62c317aa0cceaa054e502ab02ec609,QUERY_ACCEPTED
controlled-v1/gas_background_and_anchors/01,controlled-v1/gas_background_and_anchors/01,SYNTHETIC_CONTROLLED_V1,controlled,SYNTHETIC,False,POISON,events,gas_failed,COMPLETED,POISON_NOMINAL_RAW,,,,1,1,ETH,[],raw_by_asset_no_cross_asset_sum,8fc864182cc172b937f5ac0a529fe1d9af62c317aa0cceaa054e502ab02ec609,QUERY_ACCEPTED
controlled-v1/gas_background_and_anchors/01,controlled-v1/gas_background_and_anchors/01,SYNTHETIC_CONTROLLED_V1,controlled,SYNTHETIC,False,POISON,events,a_b,COMPLETED,POISON_NOMINAL_RAW,,,,1,1,ETH,[],raw_by_asset_no_cross_asset_sum,8fc864182cc172b937f5ac0a529fe1d9af62c317aa0cceaa054e502ab02ec609,QUERY_ACCEPTED
controlled-v1/gas_background_and_anchors/01,controlled-v1/gas_background_and_anchors/01,SYNTHETIC_CONTROLLED_V1,controlled,SYNTHETIC,False,POISON,events,b_t,COMPLETED,POISON_NOMINAL_RAW,,,,1,1,ETH,[],raw_by_asset_no_cross_asset_sum,8fc864182cc172b937f5ac0a529fe1d9af62c317aa0cceaa054e502ab02ec609,QUERY_ACCEPTED
controlled-v1/gas_background_and_anchors/01,controlled-v1/gas_background_and_anchors/01,SYNTHETIC_CONTROLLED_V1,controlled,SYNTHETIC,False,POISON,events,a_u,COMPLETED,POISON_NOMINAL_RAW,,,,2,2,ETH,[],raw_by_asset_no_cross_asset_sum,8fc864182cc172b937f5ac0a529fe1d9af62c317aa0cceaa054e502ab02ec609,QUERY_ACCEPTED
controlled-v1/gas_background_and_anchors/01,controlled-v1/gas_background_and_anchors/01,SYNTHETIC_CONTROLLED_V1,controlled,SYNTHETIC,False,POISON,joint_by_asset,ETH,COMPLETED,POISON_NOMINAL_RAW,,,,3,3,ETH,[],raw_by_asset_no_cross_asset_sum,8fc864182cc172b937f5ac0a529fe1d9af62c317aa0cceaa054e502ab02ec609,QUERY_ACCEPTED
controlled-v1/gas_background_and_anchors/01,controlled-v1/gas_background_and_anchors/01,SYNTHETIC_CONTROLLED_V1,controlled,SYNTHETIC,False,HAIRCUT,addresses,T|ETH,COMPLETED,PROPORTIONAL_FEASIBLE_POINT,,,3/8,,1,ETH,[],raw_by_asset_no_cross_asset_sum,8fc864182cc172b937f5ac0a529fe1d9af62c317aa0cceaa054e502ab02ec609,QUERY_ACCEPTED
controlled-v1/gas_background_and_anchors/01,controlled-v1/gas_background_and_anchors/01,SYNTHETIC_CONTROLLED_V1,controlled,SYNTHETIC,False,HAIRCUT,addresses,U|ETH,COMPLETED,PROPORTIONAL_FEASIBLE_POINT,,,3/4,,2,ETH,[],raw_by_asset_no_cross_asset_sum,8fc864182cc172b937f5ac0a529fe1d9af62c317aa0cceaa054e502ab02ec609,QUERY_ACCEPTED
controlled-v1/gas_background_and_anchors/01,controlled-v1/gas_background_and_anchors/01,SYNTHETIC_CONTROLLED_V1,controlled,SYNTHETIC,False,HAIRCUT,events,seed,COMPLETED,PROPORTIONAL_FEASIBLE_POINT,,,2,,2,ETH,[],raw_by_asset_no_cross_asset_sum,8fc864182cc172b937f5ac0a529fe1d9af62c317aa0cceaa054e502ab02ec609,QUERY_ACCEPTED
controlled-v1/gas_background_and_anchors/01,controlled-v1/gas_background_and_anchors/01,SYNTHETIC_CONTROLLED_V1,controlled,SYNTHETIC,False,HAIRCUT,events,gas_success,COMPLETED,PROPORTIONAL_FEASIBLE_POINT,,,1/2,,1,ETH,[],raw_by_asset_no_cross_asset_sum,8fc864182cc172b937f5ac0a529fe1d9af62c317aa0cceaa054e502ab02ec609,QUERY_ACCEPTED
controlled-v1/gas_background_and_anchors/01,controlled-v1/gas_background_and_anchors/01,SYNTHETIC_CONTROLLED_V1,controlled,SYNTHETIC,False,HAIRCUT,events,background_in,COMPLETED,PROPORTIONAL_FEASIBLE_POINT,,,0,,1,ETH,[],raw_by_asset_no_cross_asset_sum,8fc864182cc172b937f5ac0a529fe1d9af62c317aa0cceaa054e502ab02ec609,QUERY_ACCEPTED
controlled-v1/gas_background_and_anchors/01,controlled-v1/gas_background_and_anchors/01,SYNTHETIC_CONTROLLED_V1,controlled,SYNTHETIC,False,HAIRCUT,events,gas_failed,COMPLETED,PROPORTIONAL_FEASIBLE_POINT,,,3/8,,1,ETH,[],raw_by_asset_no_cross_asset_sum,8fc864182cc172b937f5ac0a529fe1d9af62c317aa0cceaa054e502ab02ec609,QUERY_ACCEPTED
controlled-v1/gas_background_and_anchors/01,controlled-v1/gas_background_and_anchors/01,SYNTHETIC_CONTROLLED_V1,controlled,SYNTHETIC,False,HAIRCUT,events,a_b,COMPLETED,PROPORTIONAL_FEASIBLE_POINT,,,3/8,,1,ETH,[],raw_by_asset_no_cross_asset_sum,8fc864182cc172b937f5ac0a529fe1d9af62c317aa0cceaa054e502ab02ec609,QUERY_ACCEPTED
controlled-v1/gas_background_and_anchors/01,controlled-v1/gas_background_and_anchors/01,SYNTHETIC_CONTROLLED_V1,controlled,SYNTHETIC,False,HAIRCUT,events,b_t,COMPLETED,PROPORTIONAL_FEASIBLE_POINT,,,3/8,,1,ETH,[],raw_by_asset_no_cross_asset_sum,8fc864182cc172b937f5ac0a529fe1d9af62c317aa0cceaa054e502ab02ec609,QUERY_ACCEPTED
controlled-v1/gas_background_and_anchors/01,controlled-v1/gas_background_and_anchors/01,SYNTHETIC_CONTROLLED_V1,controlled,SYNTHETIC,False,HAIRCUT,events,a_u,COMPLETED,PROPORTIONAL_FEASIBLE_POINT,,,3/4,,2,ETH,[],raw_by_asset_no_cross_asset_sum,8fc864182cc172b937f5ac0a529fe1d9af62c317aa0cceaa054e502ab02ec609,QUERY_ACCEPTED
controlled-v1/gas_background_and_anchors/01,controlled-v1/gas_background_and_anchors/01,SYNTHETIC_CONTROLLED_V1,controlled,SYNTHETIC,False,HAIRCUT,joint_by_asset,ETH,COMPLETED,PROPORTIONAL_FEASIBLE_POINT,,,9/8,,3,ETH,[],raw_by_asset_no_cross_asset_sum,8fc864182cc172b937f5ac0a529fe1d9af62c317aa0cceaa054e502ab02ec609,QUERY_ACCEPTED
controlled-v1/gas_background_and_anchors/02,controlled-v1/gas_background_and_anchors/02,SYNTHETIC_CONTROLLED_V1,controlled,SYNTHETIC,False,BOUNDED_REACHABILITY,addresses,T|ETH,COMPLETED,ADDRESS_EVENT_SET_NO_AMOUNT,,,,,5,ETH,[],raw_by_asset_no_cross_asset_sum,48692897c7720462d816c1dea7695780e46e1e5b03599cd57dc4f5b5bc8367de,QUERY_ACCEPTED
controlled-v1/gas_background_and_anchors/02,controlled-v1/gas_background_and_anchors/02,SYNTHETIC_CONTROLLED_V1,controlled,SYNTHETIC,False,BOUNDED_REACHABILITY,addresses,U|ETH,COMPLETED,ADDRESS_EVENT_SET_NO_AMOUNT,,,,,5,ETH,[],raw_by_asset_no_cross_asset_sum,48692897c7720462d816c1dea7695780e46e1e5b03599cd57dc4f5b5bc8367de,QUERY_ACCEPTED
controlled-v1/gas_background_and_anchors/02,controlled-v1/gas_background_and_anchors/02,SYNTHETIC_CONTROLLED_V1,controlled,SYNTHETIC,False,BOUNDED_REACHABILITY,events,seed,COMPLETED,ADDRESS_EVENT_SET_NO_AMOUNT,,,,,5,ETH,[],raw_by_asset_no_cross_asset_sum,48692897c7720462d816c1dea7695780e46e1e5b03599cd57dc4f5b5bc8367de,QUERY_ACCEPTED
controlled-v1/gas_background_and_anchors/02,controlled-v1/gas_background_and_anchors/02,SYNTHETIC_CONTROLLED_V1,controlled,SYNTHETIC,False,BOUNDED_REACHABILITY,events,gas_success,COMPLETED,ADDRESS_EVENT_SET_NO_AMOUNT,,,,,1,ETH,[],raw_by_asset_no_cross_asset_sum,48692897c7720462d816c1dea7695780e46e1e5b03599cd57dc4f5b5bc8367de,QUERY_ACCEPTED
controlled-v1/gas_background_and_anchors/02,controlled-v1/gas_background_and_anchors/02,SYNTHETIC_CONTROLLED_V1,controlled,SYNTHETIC,False,BOUNDED_REACHABILITY,events,background_in,COMPLETED,ADDRESS_EVENT_SET_NO_AMOUNT,,,,,1,ETH,[],raw_by_asset_no_cross_asset_sum,48692897c7720462d816c1dea7695780e46e1e5b03599cd57dc4f5b5bc8367de,QUERY_ACCEPTED
controlled-v1/gas_background_and_anchors/02,controlled-v1/gas_background_and_anchors/02,SYNTHETIC_CONTROLLED_V1,controlled,SYNTHETIC,False,BOUNDED_REACHABILITY,events,gas_failed,COMPLETED,ADDRESS_EVENT_SET_NO_AMOUNT,,,,,1,ETH,[],raw_by_asset_no_cross_asset_sum,48692897c7720462d816c1dea7695780e46e1e5b03599cd57dc4f5b5bc8367de,QUERY_ACCEPTED
controlled-v1/gas_background_and_anchors/02,controlled-v1/gas_background_and_anchors/02,SYNTHETIC_CONTROLLED_V1,controlled,SYNTHETIC,False,BOUNDED_REACHABILITY,events,a_b,COMPLETED,ADDRESS_EVENT_SET_NO_AMOUNT,,,,,5,ETH,[],raw_by_asset_no_cross_asset_sum,48692897c7720462d816c1dea7695780e46e1e5b03599cd57dc4f5b5bc8367de,QUERY_ACCEPTED
controlled-v1/gas_background_and_anchors/02,controlled-v1/gas_background_and_anchors/02,SYNTHETIC_CONTROLLED_V1,controlled,SYNTHETIC,False,BOUNDED_REACHABILITY,events,b_t,COMPLETED,ADDRESS_EVENT_SET_NO_AMOUNT,,,,,5,ETH,[],raw_by_asset_no_cross_asset_sum,48692897c7720462d816c1dea7695780e46e1e5b03599cd57dc4f5b5bc8367de,QUERY_ACCEPTED
controlled-v1/gas_background_and_anchors/02,controlled-v1/gas_background_and_anchors/02,SYNTHETIC_CONTROLLED_V1,controlled,SYNTHETIC,False,BOUNDED_REACHABILITY,events,a_u,COMPLETED,ADDRESS_EVENT_SET_NO_AMOUNT,,,,,5,ETH,[],raw_by_asset_no_cross_asset_sum,48692897c7720462d816c1dea7695780e46e1e5b03599cd57dc4f5b5bc8367de,QUERY_ACCEPTED
controlled-v1/gas_background_and_anchors/02,controlled-v1/gas_background_and_anchors/02,SYNTHETIC_CONTROLLED_V1,controlled,SYNTHETIC,False,BOUNDED_REACHABILITY,joint_by_asset,ETH,COMPLETED,ADDRESS_EVENT_SET_NO_AMOUNT,,,,,10,ETH,[],raw_by_asset_no_cross_asset_sum,48692897c7720462d816c1dea7695780e46e1e5b03599cd57dc4f5b5bc8367de,QUERY_ACCEPTED
controlled-v1/gas_background_and_anchors/02,controlled-v1/gas_background_and_anchors/02,SYNTHETIC_CONTROLLED_V1,controlled,SYNTHETIC,False,POISON,addresses,T|ETH,COMPLETED,POISON_NOMINAL_RAW,,,,5,5,ETH,[],raw_by_asset_no_cross_asset_sum,48692897c7720462d816c1dea7695780e46e1e5b03599cd57dc4f5b5bc8367de,QUERY_ACCEPTED
controlled-v1/gas_background_and_anchors/02,controlled-v1/gas_background_and_anchors/02,SYNTHETIC_CONTROLLED_V1,controlled,SYNTHETIC,False,POISON,addresses,U|ETH,COMPLETED,POISON_NOMINAL_RAW,,,,5,5,ETH,[],raw_by_asset_no_cross_asset_sum,48692897c7720462d816c1dea7695780e46e1e5b03599cd57dc4f5b5bc8367de,QUERY_ACCEPTED
controlled-v1/gas_background_and_anchors/02,controlled-v1/gas_background_and_anchors/02,SYNTHETIC_CONTROLLED_V1,controlled,SYNTHETIC,False,POISON,events,seed,COMPLETED,POISON_NOMINAL_RAW,,,,5,5,ETH,[],raw_by_asset_no_cross_asset_sum,48692897c7720462d816c1dea7695780e46e1e5b03599cd57dc4f5b5bc8367de,QUERY_ACCEPTED
controlled-v1/gas_background_and_anchors/02,controlled-v1/gas_background_and_anchors/02,SYNTHETIC_CONTROLLED_V1,controlled,SYNTHETIC,False,POISON,events,gas_success,COMPLETED,POISON_NOMINAL_RAW,,,,1,1,ETH,[],raw_by_asset_no_cross_asset_sum,48692897c7720462d816c1dea7695780e46e1e5b03599cd57dc4f5b5bc8367de,QUERY_ACCEPTED
controlled-v1/gas_background_and_anchors/02,controlled-v1/gas_background_and_anchors/02,SYNTHETIC_CONTROLLED_V1,controlled,SYNTHETIC,False,POISON,events,background_in,COMPLETED,POISON_NOMINAL_RAW,,,,0,1,ETH,[],raw_by_asset_no_cross_asset_sum,48692897c7720462d816c1dea7695780e46e1e5b03599cd57dc4f5b5bc8367de,QUERY_ACCEPTED
controlled-v1/gas_background_and_anchors/02,controlled-v1/gas_background_and_anchors/02,SYNTHETIC_CONTROLLED_V1,controlled,SYNTHETIC,False,POISON,events,gas_failed,COMPLETED,POISON_NOMINAL_RAW,,,,1,1,ETH,[],raw_by_asset_no_cross_asset_sum,48692897c7720462d816c1dea7695780e46e1e5b03599cd57dc4f5b5bc8367de,QUERY_ACCEPTED
controlled-v1/gas_background_and_anchors/02,controlled-v1/gas_background_and_anchors/02,SYNTHETIC_CONTROLLED_V1,controlled,SYNTHETIC,False,POISON,events,a_b,COMPLETED,POISON_NOMINAL_RAW,,,,5,5,ETH,[],raw_by_asset_no_cross_asset_sum,48692897c7720462d816c1dea7695780e46e1e5b03599cd57dc4f5b5bc8367de,QUERY_ACCEPTED
controlled-v1/gas_background_and_anchors/02,controlled-v1/gas_background_and_anchors/02,SYNTHETIC_CONTROLLED_V1,controlled,SYNTHETIC,False,POISON,events,b_t,COMPLETED,POISON_NOMINAL_RAW,,,,5,5,ETH,[],raw_by_asset_no_cross_asset_sum,48692897c7720462d816c1dea7695780e46e1e5b03599cd57dc4f5b5bc8367de,QUERY_ACCEPTED
controlled-v1/gas_background_and_anchors/02,controlled-v1/gas_background_and_anchors/02,SYNTHETIC_CONTROLLED_V1,controlled,SYNTHETIC,False,POISON,events,a_u,COMPLETED,POISON_NOMINAL_RAW,,,,5,5,ETH,[],raw_by_asset_no_cross_asset_sum,48692897c7720462d816c1dea7695780e46e1e5b03599cd57dc4f5b5bc8367de,QUERY_ACCEPTED
controlled-v1/gas_background_and_anchors/02,controlled-v1/gas_background_and_anchors/02,SYNTHETIC_CONTROLLED_V1,controlled,SYNTHETIC,False,POISON,joint_by_asset,ETH,COMPLETED,POISON_NOMINAL_RAW,,,,10,10,ETH,[],raw_by_asset_no_cross_asset_sum,48692897c7720462d816c1dea7695780e46e1e5b03599cd57dc4f5b5bc8367de,QUERY_ACCEPTED
controlled-v1/gas_background_and_anchors/02,controlled-v1/gas_background_and_anchors/02,SYNTHETIC_CONTROLLED_V1,controlled,SYNTHETIC,False,HAIRCUT,addresses,T|ETH,COMPLETED,PROPORTIONAL_FEASIBLE_POINT,,,250/121,,5,ETH,[],raw_by_asset_no_cross_asset_sum,48692897c7720462d816c1dea7695780e46e1e5b03599cd57dc4f5b5bc8367de,QUERY_ACCEPTED
controlled-v1/gas_background_and_anchors/02,controlled-v1/gas_background_and_anchors/02,SYNTHETIC_CONTROLLED_V1,controlled,SYNTHETIC,False,HAIRCUT,addresses,U|ETH,COMPLETED,PROPORTIONAL_FEASIBLE_POINT,,,250/121,,5,ETH,[],raw_by_asset_no_cross_asset_sum,48692897c7720462d816c1dea7695780e46e1e5b03599cd57dc4f5b5bc8367de,QUERY_ACCEPTED
controlled-v1/gas_background_and_anchors/02,controlled-v1/gas_background_and_anchors/02,SYNTHETIC_CONTROLLED_V1,controlled,SYNTHETIC,False,HAIRCUT,events,seed,COMPLETED,PROPORTIONAL_FEASIBLE_POINT,,,5,,5,ETH,[],raw_by_asset_no_cross_asset_sum,48692897c7720462d816c1dea7695780e46e1e5b03599cd57dc4f5b5bc8367de,QUERY_ACCEPTED
controlled-v1/gas_background_and_anchors/02,controlled-v1/gas_background_and_anchors/02,SYNTHETIC_CONTROLLED_V1,controlled,SYNTHETIC,False,HAIRCUT,events,gas_success,COMPLETED,PROPORTIONAL_FEASIBLE_POINT,,,5/11,,1,ETH,[],raw_by_asset_no_cross_asset_sum,48692897c7720462d816c1dea7695780e46e1e5b03599cd57dc4f5b5bc8367de,QUERY_ACCEPTED
controlled-v1/gas_background_and_anchors/02,controlled-v1/gas_background_and_anchors/02,SYNTHETIC_CONTROLLED_V1,controlled,SYNTHETIC,False,HAIRCUT,events,background_in,COMPLETED,PROPORTIONAL_FEASIBLE_POINT,,,0,,1,ETH,[],raw_by_asset_no_cross_asset_sum,48692897c7720462d816c1dea7695780e46e1e5b03599cd57dc4f5b5bc8367de,QUERY_ACCEPTED
controlled-v1/gas_background_and_anchors/02,controlled-v1/gas_background_and_anchors/02,SYNTHETIC_CONTROLLED_V1,controlled,SYNTHETIC,False,HAIRCUT,events,gas_failed,COMPLETED,PROPORTIONAL_FEASIBLE_POINT,,,50/121,,1,ETH,[],raw_by_asset_no_cross_asset_sum,48692897c7720462d816c1dea7695780e46e1e5b03599cd57dc4f5b5bc8367de,QUERY_ACCEPTED
controlled-v1/gas_background_and_anchors/02,controlled-v1/gas_background_and_anchors/02,SYNTHETIC_CONTROLLED_V1,controlled,SYNTHETIC,False,HAIRCUT,events,a_b,COMPLETED,PROPORTIONAL_FEASIBLE_POINT,,,250/121,,5,ETH,[],raw_by_asset_no_cross_asset_sum,48692897c7720462d816c1dea7695780e46e1e5b03599cd57dc4f5b5bc8367de,QUERY_ACCEPTED
controlled-v1/gas_background_and_anchors/02,controlled-v1/gas_background_and_anchors/02,SYNTHETIC_CONTROLLED_V1,controlled,SYNTHETIC,False,HAIRCUT,events,b_t,COMPLETED,PROPORTIONAL_FEASIBLE_POINT,,,250/121,,5,ETH,[],raw_by_asset_no_cross_asset_sum,48692897c7720462d816c1dea7695780e46e1e5b03599cd57dc4f5b5bc8367de,QUERY_ACCEPTED
controlled-v1/gas_background_and_anchors/02,controlled-v1/gas_background_and_anchors/02,SYNTHETIC_CONTROLLED_V1,controlled,SYNTHETIC,False,HAIRCUT,events,a_u,COMPLETED,PROPORTIONAL_FEASIBLE_POINT,,,250/121,,5,ETH,[],raw_by_asset_no_cross_asset_sum,48692897c7720462d816c1dea7695780e46e1e5b03599cd57dc4f5b5bc8367de,QUERY_ACCEPTED
controlled-v1/gas_background_and_anchors/02,controlled-v1/gas_background_and_anchors/02,SYNTHETIC_CONTROLLED_V1,controlled,SYNTHETIC,False,HAIRCUT,joint_by_asset,ETH,COMPLETED,PROPORTIONAL_FEASIBLE_POINT,,,500/121,,10,ETH,[],raw_by_asset_no_cross_asset_sum,48692897c7720462d816c1dea7695780e46e1e5b03599cd57dc4f5b5bc8367de,QUERY_ACCEPTED
controlled-v1/gas_background_and_anchors/02,controlled-v1/gas_background_and_anchors/02,SYNTHETIC_CONTROLLED_V1,controlled,SYNTHETIC,False,NO_CROSS_TARGET_COUPLING,addresses,T|ETH,COMPLETED,product_of_target_specific_copies,0,5,,,5,ETH,[],raw_by_asset_no_cross_asset_sum,48692897c7720462d816c1dea7695780e46e1e5b03599cd57dc4f5b5bc8367de,QUERY_ACCEPTED
controlled-v1/gas_background_and_anchors/02,controlled-v1/gas_background_and_anchors/02,SYNTHETIC_CONTROLLED_V1,controlled,SYNTHETIC,False,NO_CROSS_TARGET_COUPLING,addresses,U|ETH,COMPLETED,product_of_target_specific_copies,0,5,,,5,ETH,[],raw_by_asset_no_cross_asset_sum,48692897c7720462d816c1dea7695780e46e1e5b03599cd57dc4f5b5bc8367de,QUERY_ACCEPTED
controlled-v1/gas_background_and_anchors/02,controlled-v1/gas_background_and_anchors/02,SYNTHETIC_CONTROLLED_V1,controlled,SYNTHETIC,False,NO_CROSS_TARGET_COUPLING,events,b_t,COMPLETED,product_of_target_specific_copies,0,5,,,5,ETH,[],raw_by_asset_no_cross_asset_sum,48692897c7720462d816c1dea7695780e46e1e5b03599cd57dc4f5b5bc8367de,QUERY_ACCEPTED
controlled-v1/gas_background_and_anchors/02,controlled-v1/gas_background_and_anchors/02,SYNTHETIC_CONTROLLED_V1,controlled,SYNTHETIC,False,NO_CROSS_TARGET_COUPLING,events,a_u,COMPLETED,product_of_target_specific_copies,0,5,,,5,ETH,[],raw_by_asset_no_cross_asset_sum,48692897c7720462d816c1dea7695780e46e1e5b03599cd57dc4f5b5bc8367de,QUERY_ACCEPTED
controlled-v1/gas_background_and_anchors/02,controlled-v1/gas_background_and_anchors/02,SYNTHETIC_CONTROLLED_V1,controlled,SYNTHETIC,False,NO_CROSS_TARGET_COUPLING,joint_by_asset,ETH,COMPLETED,product_of_target_specific_copies,0,10,,,10,ETH,[],raw_by_asset_no_cross_asset_sum,48692897c7720462d816c1dea7695780e46e1e5b03599cd57dc4f5b5bc8367de,QUERY_ACCEPTED
controlled-v1/gas_background_and_anchors/02,controlled-v1/gas_background_and_anchors/02,SYNTHETIC_CONTROLLED_V1,controlled,SYNTHETIC,False,NO_PROTOCOL_CONTINUATION,addresses,T|ETH,COMPLETED,feasible_interval,0,5,,,5,ETH,[],raw_by_asset_no_cross_asset_sum,48692897c7720462d816c1dea7695780e46e1e5b03599cd57dc4f5b5bc8367de,QUERY_ACCEPTED
controlled-v1/gas_background_and_anchors/02,controlled-v1/gas_background_and_anchors/02,SYNTHETIC_CONTROLLED_V1,controlled,SYNTHETIC,False,NO_PROTOCOL_CONTINUATION,addresses,U|ETH,COMPLETED,feasible_interval,0,5,,,5,ETH,[],raw_by_asset_no_cross_asset_sum,48692897c7720462d816c1dea7695780e46e1e5b03599cd57dc4f5b5bc8367de,QUERY_ACCEPTED
controlled-v1/gas_background_and_anchors/02,controlled-v1/gas_background_and_anchors/02,SYNTHETIC_CONTROLLED_V1,controlled,SYNTHETIC,False,NO_PROTOCOL_CONTINUATION,events,b_t,COMPLETED,feasible_interval,0,5,,,5,ETH,[],raw_by_asset_no_cross_asset_sum,48692897c7720462d816c1dea7695780e46e1e5b03599cd57dc4f5b5bc8367de,QUERY_ACCEPTED
controlled-v1/gas_background_and_anchors/02,controlled-v1/gas_background_and_anchors/02,SYNTHETIC_CONTROLLED_V1,controlled,SYNTHETIC,False,NO_PROTOCOL_CONTINUATION,events,a_u,COMPLETED,feasible_interval,0,5,,,5,ETH,[],raw_by_asset_no_cross_asset_sum,48692897c7720462d816c1dea7695780e46e1e5b03599cd57dc4f5b5bc8367de,QUERY_ACCEPTED
controlled-v1/gas_background_and_anchors/02,controlled-v1/gas_background_and_anchors/02,SYNTHETIC_CONTROLLED_V1,controlled,SYNTHETIC,False,NO_PROTOCOL_CONTINUATION,joint_by_asset,ETH,COMPLETED,feasible_interval,3,5,,,10,ETH,[],raw_by_asset_no_cross_asset_sum,48692897c7720462d816c1dea7695780e46e1e5b03599cd57dc4f5b5bc8367de,QUERY_ACCEPTED
controlled-v1/gas_background_and_anchors/02,controlled-v1/gas_background_and_anchors/02,SYNTHETIC_CONTROLLED_V1,controlled,SYNTHETIC,False,BALANCE_INFORMATION_REMOVED,addresses,T|ETH,COMPLETED,feasible_interval,0,5,,,5,ETH,[],raw_by_asset_no_cross_asset_sum,48692897c7720462d816c1dea7695780e46e1e5b03599cd57dc4f5b5bc8367de,QUERY_ACCEPTED
controlled-v1/gas_background_and_anchors/02,controlled-v1/gas_background_and_anchors/02,SYNTHETIC_CONTROLLED_V1,controlled,SYNTHETIC,False,BALANCE_INFORMATION_REMOVED,addresses,U|ETH,COMPLETED,feasible_interval,0,5,,,5,ETH,[],raw_by_asset_no_cross_asset_sum,48692897c7720462d816c1dea7695780e46e1e5b03599cd57dc4f5b5bc8367de,QUERY_ACCEPTED
controlled-v1/gas_background_and_anchors/02,controlled-v1/gas_background_and_anchors/02,SYNTHETIC_CONTROLLED_V1,controlled,SYNTHETIC,False,BALANCE_INFORMATION_REMOVED,events,b_t,COMPLETED,feasible_interval,0,5,,,5,ETH,[],raw_by_asset_no_cross_asset_sum,48692897c7720462d816c1dea7695780e46e1e5b03599cd57dc4f5b5bc8367de,QUERY_ACCEPTED
controlled-v1/gas_background_and_anchors/02,controlled-v1/gas_background_and_anchors/02,SYNTHETIC_CONTROLLED_V1,controlled,SYNTHETIC,False,BALANCE_INFORMATION_REMOVED,events,a_u,COMPLETED,feasible_interval,0,5,,,5,ETH,[],raw_by_asset_no_cross_asset_sum,48692897c7720462d816c1dea7695780e46e1e5b03599cd57dc4f5b5bc8367de,QUERY_ACCEPTED
controlled-v1/gas_background_and_anchors/02,controlled-v1/gas_background_and_anchors/02,SYNTHETIC_CONTROLLED_V1,controlled,SYNTHETIC,False,BALANCE_INFORMATION_REMOVED,joint_by_asset,ETH,COMPLETED,feasible_interval,0,5,,,10,ETH,[],raw_by_asset_no_cross_asset_sum,48692897c7720462d816c1dea7695780e46e1e5b03599cd57dc4f5b5bc8367de,QUERY_ACCEPTED
controlled-v1/gas_background_and_anchors/02,controlled-v1/gas_background_and_anchors/02,SYNTHETIC_CONTROLLED_V1,controlled,SYNTHETIC,False,FULL_INTERVAL,addresses,T|ETH,COMPLETED,feasible_interval,0,5,,,5,ETH,[],raw_by_asset_no_cross_asset_sum,48692897c7720462d816c1dea7695780e46e1e5b03599cd57dc4f5b5bc8367de,QUERY_ACCEPTED
controlled-v1/gas_background_and_anchors/02,controlled-v1/gas_background_and_anchors/02,SYNTHETIC_CONTROLLED_V1,controlled,SYNTHETIC,False,FULL_INTERVAL,addresses,U|ETH,COMPLETED,feasible_interval,0,5,,,5,ETH,[],raw_by_asset_no_cross_asset_sum,48692897c7720462d816c1dea7695780e46e1e5b03599cd57dc4f5b5bc8367de,QUERY_ACCEPTED
controlled-v1/gas_background_and_anchors/02,controlled-v1/gas_background_and_anchors/02,SYNTHETIC_CONTROLLED_V1,controlled,SYNTHETIC,False,FULL_INTERVAL,events,b_t,COMPLETED,feasible_interval,0,5,,,5,ETH,[],raw_by_asset_no_cross_asset_sum,48692897c7720462d816c1dea7695780e46e1e5b03599cd57dc4f5b5bc8367de,QUERY_ACCEPTED
controlled-v1/gas_background_and_anchors/02,controlled-v1/gas_background_and_anchors/02,SYNTHETIC_CONTROLLED_V1,controlled,SYNTHETIC,False,FULL_INTERVAL,events,a_u,COMPLETED,feasible_interval,0,5,,,5,ETH,[],raw_by_asset_no_cross_asset_sum,48692897c7720462d816c1dea7695780e46e1e5b03599cd57dc4f5b5bc8367de,QUERY_ACCEPTED
controlled-v1/gas_background_and_anchors/02,controlled-v1/gas_background_and_anchors/02,SYNTHETIC_CONTROLLED_V1,controlled,SYNTHETIC,False,FULL_INTERVAL,joint_by_asset,ETH,COMPLETED,feasible_interval,3,5,,,10,ETH,[],raw_by_asset_no_cross_asset_sum,48692897c7720462d816c1dea7695780e46e1e5b03599cd57dc4f5b5bc8367de,QUERY_ACCEPTED
controlled-v1/gas_background_and_anchors/03,controlled-v1/gas_background_and_anchors/03,SYNTHETIC_CONTROLLED_V1,controlled,SYNTHETIC,False,NO_PROTOCOL_CONTINUATION,addresses,T|ETH,COMPLETED,feasible_interval,1,5,,,5,ETH,[],raw_by_asset_no_cross_asset_sum,41b78a55cedceaba9777a45b26367c0b970b9f79b26ae3b3e0073d3ad70135d3,QUERY_ACCEPTED
controlled-v1/gas_background_and_anchors/03,controlled-v1/gas_background_and_anchors/03,SYNTHETIC_CONTROLLED_V1,controlled,SYNTHETIC,False,NO_PROTOCOL_CONTINUATION,addresses,U|ETH,COMPLETED,feasible_interval,1,5,,,5,ETH,[],raw_by_asset_no_cross_asset_sum,41b78a55cedceaba9777a45b26367c0b970b9f79b26ae3b3e0073d3ad70135d3,QUERY_ACCEPTED
controlled-v1/gas_background_and_anchors/03,controlled-v1/gas_background_and_anchors/03,SYNTHETIC_CONTROLLED_V1,controlled,SYNTHETIC,False,NO_PROTOCOL_CONTINUATION,events,b_t,COMPLETED,feasible_interval,1,5,,,5,ETH,[],raw_by_asset_no_cross_asset_sum,41b78a55cedceaba9777a45b26367c0b970b9f79b26ae3b3e0073d3ad70135d3,QUERY_ACCEPTED
controlled-v1/gas_background_and_anchors/03,controlled-v1/gas_background_and_anchors/03,SYNTHETIC_CONTROLLED_V1,controlled,SYNTHETIC,False,NO_PROTOCOL_CONTINUATION,events,a_u,COMPLETED,feasible_interval,1,5,,,5,ETH,[],raw_by_asset_no_cross_asset_sum,41b78a55cedceaba9777a45b26367c0b970b9f79b26ae3b3e0073d3ad70135d3,QUERY_ACCEPTED
controlled-v1/gas_background_and_anchors/03,controlled-v1/gas_background_and_anchors/03,SYNTHETIC_CONTROLLED_V1,controlled,SYNTHETIC,False,NO_PROTOCOL_CONTINUATION,joint_by_asset,ETH,COMPLETED,feasible_interval,6,8,,,10,ETH,[],raw_by_asset_no_cross_asset_sum,41b78a55cedceaba9777a45b26367c0b970b9f79b26ae3b3e0073d3ad70135d3,QUERY_ACCEPTED
controlled-v1/gas_background_and_anchors/03,controlled-v1/gas_background_and_anchors/03,SYNTHETIC_CONTROLLED_V1,controlled,SYNTHETIC,False,BALANCE_INFORMATION_REMOVED,addresses,T|ETH,COMPLETED,feasible_interval,0,5,,,5,ETH,[],raw_by_asset_no_cross_asset_sum,41b78a55cedceaba9777a45b26367c0b970b9f79b26ae3b3e0073d3ad70135d3,QUERY_ACCEPTED
controlled-v1/gas_background_and_anchors/03,controlled-v1/gas_background_and_anchors/03,SYNTHETIC_CONTROLLED_V1,controlled,SYNTHETIC,False,BALANCE_INFORMATION_REMOVED,addresses,U|ETH,COMPLETED,feasible_interval,0,5,,,5,ETH,[],raw_by_asset_no_cross_asset_sum,41b78a55cedceaba9777a45b26367c0b970b9f79b26ae3b3e0073d3ad70135d3,QUERY_ACCEPTED
controlled-v1/gas_background_and_anchors/03,controlled-v1/gas_background_and_anchors/03,SYNTHETIC_CONTROLLED_V1,controlled,SYNTHETIC,False,BALANCE_INFORMATION_REMOVED,events,b_t,COMPLETED,feasible_interval,0,5,,,5,ETH,[],raw_by_asset_no_cross_asset_sum,41b78a55cedceaba9777a45b26367c0b970b9f79b26ae3b3e0073d3ad70135d3,QUERY_ACCEPTED
controlled-v1/gas_background_and_anchors/03,controlled-v1/gas_background_and_anchors/03,SYNTHETIC_CONTROLLED_V1,controlled,SYNTHETIC,False,BALANCE_INFORMATION_REMOVED,events,a_u,COMPLETED,feasible_interval,0,5,,,5,ETH,[],raw_by_asset_no_cross_asset_sum,41b78a55cedceaba9777a45b26367c0b970b9f79b26ae3b3e0073d3ad70135d3,QUERY_ACCEPTED
controlled-v1/gas_background_and_anchors/03,controlled-v1/gas_background_and_anchors/03,SYNTHETIC_CONTROLLED_V1,controlled,SYNTHETIC,False,BALANCE_INFORMATION_REMOVED,joint_by_asset,ETH,COMPLETED,feasible_interval,0,8,,,10,ETH,[],raw_by_asset_no_cross_asset_sum,41b78a55cedceaba9777a45b26367c0b970b9f79b26ae3b3e0073d3ad70135d3,QUERY_ACCEPTED
controlled-v1/gas_background_and_anchors/03,controlled-v1/gas_background_and_anchors/03,SYNTHETIC_CONTROLLED_V1,controlled,SYNTHETIC,False,FULL_INTERVAL,addresses,T|ETH,COMPLETED,feasible_interval,1,5,,,5,ETH,[],raw_by_asset_no_cross_asset_sum,41b78a55cedceaba9777a45b26367c0b970b9f79b26ae3b3e0073d3ad70135d3,QUERY_ACCEPTED
controlled-v1/gas_background_and_anchors/03,controlled-v1/gas_background_and_anchors/03,SYNTHETIC_CONTROLLED_V1,controlled,SYNTHETIC,False,FULL_INTERVAL,addresses,U|ETH,COMPLETED,feasible_interval,1,5,,,5,ETH,[],raw_by_asset_no_cross_asset_sum,41b78a55cedceaba9777a45b26367c0b970b9f79b26ae3b3e0073d3ad70135d3,QUERY_ACCEPTED
controlled-v1/gas_background_and_anchors/03,controlled-v1/gas_background_and_anchors/03,SYNTHETIC_CONTROLLED_V1,controlled,SYNTHETIC,False,FULL_INTERVAL,events,b_t,COMPLETED,feasible_interval,1,5,,,5,ETH,[],raw_by_asset_no_cross_asset_sum,41b78a55cedceaba9777a45b26367c0b970b9f79b26ae3b3e0073d3ad70135d3,QUERY_ACCEPTED
controlled-v1/gas_background_and_anchors/03,controlled-v1/gas_background_and_anchors/03,SYNTHETIC_CONTROLLED_V1,controlled,SYNTHETIC,False,FULL_INTERVAL,events,a_u,COMPLETED,feasible_interval,1,5,,,5,ETH,[],raw_by_asset_no_cross_asset_sum,41b78a55cedceaba9777a45b26367c0b970b9f79b26ae3b3e0073d3ad70135d3,QUERY_ACCEPTED
controlled-v1/gas_background_and_anchors/03,controlled-v1/gas_background_and_anchors/03,SYNTHETIC_CONTROLLED_V1,controlled,SYNTHETIC,False,FULL_INTERVAL,joint_by_asset,ETH,COMPLETED,feasible_interval,6,8,,,10,ETH,[],raw_by_asset_no_cross_asset_sum,41b78a55cedceaba9777a45b26367c0b970b9f79b26ae3b3e0073d3ad70135d3,QUERY_ACCEPTED
controlled-v1/gas_background_and_anchors/03,controlled-v1/gas_background_and_anchors/03,SYNTHETIC_CONTROLLED_V1,controlled,SYNTHETIC,False,BOUNDED_REACHABILITY,addresses,T|ETH,COMPLETED,ADDRESS_EVENT_SET_NO_AMOUNT,,,,,5,ETH,[],raw_by_asset_no_cross_asset_sum,41b78a55cedceaba9777a45b26367c0b970b9f79b26ae3b3e0073d3ad70135d3,QUERY_ACCEPTED
controlled-v1/gas_background_and_anchors/03,controlled-v1/gas_background_and_anchors/03,SYNTHETIC_CONTROLLED_V1,controlled,SYNTHETIC,False,BOUNDED_REACHABILITY,addresses,U|ETH,COMPLETED,ADDRESS_EVENT_SET_NO_AMOUNT,,,,,5,ETH,[],raw_by_asset_no_cross_asset_sum,41b78a55cedceaba9777a45b26367c0b970b9f79b26ae3b3e0073d3ad70135d3,QUERY_ACCEPTED
controlled-v1/gas_background_and_anchors/03,controlled-v1/gas_background_and_anchors/03,SYNTHETIC_CONTROLLED_V1,controlled,SYNTHETIC,False,BOUNDED_REACHABILITY,events,seed,COMPLETED,ADDRESS_EVENT_SET_NO_AMOUNT,,,,,8,ETH,[],raw_by_asset_no_cross_asset_sum,41b78a55cedceaba9777a45b26367c0b970b9f79b26ae3b3e0073d3ad70135d3,QUERY_ACCEPTED
controlled-v1/gas_background_and_anchors/03,controlled-v1/gas_background_and_anchors/03,SYNTHETIC_CONTROLLED_V1,controlled,SYNTHETIC,False,BOUNDED_REACHABILITY,events,gas_success,COMPLETED,ADDRESS_EVENT_SET_NO_AMOUNT,,,,,1,ETH,[],raw_by_asset_no_cross_asset_sum,41b78a55cedceaba9777a45b26367c0b970b9f79b26ae3b3e0073d3ad70135d3,QUERY_ACCEPTED
controlled-v1/gas_background_and_anchors/03,controlled-v1/gas_background_and_anchors/03,SYNTHETIC_CONTROLLED_V1,controlled,SYNTHETIC,False,BOUNDED_REACHABILITY,events,background_in,COMPLETED,ADDRESS_EVENT_SET_NO_AMOUNT,,,,,1,ETH,[],raw_by_asset_no_cross_asset_sum,41b78a55cedceaba9777a45b26367c0b970b9f79b26ae3b3e0073d3ad70135d3,QUERY_ACCEPTED
controlled-v1/gas_background_and_anchors/03,controlled-v1/gas_background_and_anchors/03,SYNTHETIC_CONTROLLED_V1,controlled,SYNTHETIC,False,BOUNDED_REACHABILITY,events,gas_failed,COMPLETED,ADDRESS_EVENT_SET_NO_AMOUNT,,,,,1,ETH,[],raw_by_asset_no_cross_asset_sum,41b78a55cedceaba9777a45b26367c0b970b9f79b26ae3b3e0073d3ad70135d3,QUERY_ACCEPTED
controlled-v1/gas_background_and_anchors/03,controlled-v1/gas_background_and_anchors/03,SYNTHETIC_CONTROLLED_V1,controlled,SYNTHETIC,False,BOUNDED_REACHABILITY,events,a_b,COMPLETED,ADDRESS_EVENT_SET_NO_AMOUNT,,,,,5,ETH,[],raw_by_asset_no_cross_asset_sum,41b78a55cedceaba9777a45b26367c0b970b9f79b26ae3b3e0073d3ad70135d3,QUERY_ACCEPTED
controlled-v1/gas_background_and_anchors/03,controlled-v1/gas_background_and_anchors/03,SYNTHETIC_CONTROLLED_V1,controlled,SYNTHETIC,False,BOUNDED_REACHABILITY,events,b_t,COMPLETED,ADDRESS_EVENT_SET_NO_AMOUNT,,,,,5,ETH,[],raw_by_asset_no_cross_asset_sum,41b78a55cedceaba9777a45b26367c0b970b9f79b26ae3b3e0073d3ad70135d3,QUERY_ACCEPTED
controlled-v1/gas_background_and_anchors/03,controlled-v1/gas_background_and_anchors/03,SYNTHETIC_CONTROLLED_V1,controlled,SYNTHETIC,False,BOUNDED_REACHABILITY,events,a_u,COMPLETED,ADDRESS_EVENT_SET_NO_AMOUNT,,,,,5,ETH,[],raw_by_asset_no_cross_asset_sum,41b78a55cedceaba9777a45b26367c0b970b9f79b26ae3b3e0073d3ad70135d3,QUERY_ACCEPTED
controlled-v1/gas_background_and_anchors/03,controlled-v1/gas_background_and_anchors/03,SYNTHETIC_CONTROLLED_V1,controlled,SYNTHETIC,False,BOUNDED_REACHABILITY,joint_by_asset,ETH,COMPLETED,ADDRESS_EVENT_SET_NO_AMOUNT,,,,,10,ETH,[],raw_by_asset_no_cross_asset_sum,41b78a55cedceaba9777a45b26367c0b970b9f79b26ae3b3e0073d3ad70135d3,QUERY_ACCEPTED
controlled-v1/gas_background_and_anchors/03,controlled-v1/gas_background_and_anchors/03,SYNTHETIC_CONTROLLED_V1,controlled,SYNTHETIC,False,POISON,addresses,T|ETH,COMPLETED,POISON_NOMINAL_RAW,,,,5,5,ETH,[],raw_by_asset_no_cross_asset_sum,41b78a55cedceaba9777a45b26367c0b970b9f79b26ae3b3e0073d3ad70135d3,QUERY_ACCEPTED
controlled-v1/gas_background_and_anchors/03,controlled-v1/gas_background_and_anchors/03,SYNTHETIC_CONTROLLED_V1,controlled,SYNTHETIC,False,POISON,addresses,U|ETH,COMPLETED,POISON_NOMINAL_RAW,,,,5,5,ETH,[],raw_by_asset_no_cross_asset_sum,41b78a55cedceaba9777a45b26367c0b970b9f79b26ae3b3e0073d3ad70135d3,QUERY_ACCEPTED
controlled-v1/gas_background_and_anchors/03,controlled-v1/gas_background_and_anchors/03,SYNTHETIC_CONTROLLED_V1,controlled,SYNTHETIC,False,POISON,events,seed,COMPLETED,POISON_NOMINAL_RAW,,,,8,8,ETH,[],raw_by_asset_no_cross_asset_sum,41b78a55cedceaba9777a45b26367c0b970b9f79b26ae3b3e0073d3ad70135d3,QUERY_ACCEPTED
controlled-v1/gas_background_and_anchors/03,controlled-v1/gas_background_and_anchors/03,SYNTHETIC_CONTROLLED_V1,controlled,SYNTHETIC,False,POISON,events,gas_success,COMPLETED,POISON_NOMINAL_RAW,,,,1,1,ETH,[],raw_by_asset_no_cross_asset_sum,41b78a55cedceaba9777a45b26367c0b970b9f79b26ae3b3e0073d3ad70135d3,QUERY_ACCEPTED
controlled-v1/gas_background_and_anchors/03,controlled-v1/gas_background_and_anchors/03,SYNTHETIC_CONTROLLED_V1,controlled,SYNTHETIC,False,POISON,events,background_in,COMPLETED,POISON_NOMINAL_RAW,,,,0,1,ETH,[],raw_by_asset_no_cross_asset_sum,41b78a55cedceaba9777a45b26367c0b970b9f79b26ae3b3e0073d3ad70135d3,QUERY_ACCEPTED
controlled-v1/gas_background_and_anchors/03,controlled-v1/gas_background_and_anchors/03,SYNTHETIC_CONTROLLED_V1,controlled,SYNTHETIC,False,POISON,events,gas_failed,COMPLETED,POISON_NOMINAL_RAW,,,,1,1,ETH,[],raw_by_asset_no_cross_asset_sum,41b78a55cedceaba9777a45b26367c0b970b9f79b26ae3b3e0073d3ad70135d3,QUERY_ACCEPTED
controlled-v1/gas_background_and_anchors/03,controlled-v1/gas_background_and_anchors/03,SYNTHETIC_CONTROLLED_V1,controlled,SYNTHETIC,False,POISON,events,a_b,COMPLETED,POISON_NOMINAL_RAW,,,,5,5,ETH,[],raw_by_asset_no_cross_asset_sum,41b78a55cedceaba9777a45b26367c0b970b9f79b26ae3b3e0073d3ad70135d3,QUERY_ACCEPTED
controlled-v1/gas_background_and_anchors/03,controlled-v1/gas_background_and_anchors/03,SYNTHETIC_CONTROLLED_V1,controlled,SYNTHETIC,False,POISON,events,b_t,COMPLETED,POISON_NOMINAL_RAW,,,,5,5,ETH,[],raw_by_asset_no_cross_asset_sum,41b78a55cedceaba9777a45b26367c0b970b9f79b26ae3b3e0073d3ad70135d3,QUERY_ACCEPTED
controlled-v1/gas_background_and_anchors/03,controlled-v1/gas_background_and_anchors/03,SYNTHETIC_CONTROLLED_V1,controlled,SYNTHETIC,False,POISON,events,a_u,COMPLETED,POISON_NOMINAL_RAW,,,,5,5,ETH,[],raw_by_asset_no_cross_asset_sum,41b78a55cedceaba9777a45b26367c0b970b9f79b26ae3b3e0073d3ad70135d3,QUERY_ACCEPTED
controlled-v1/gas_background_and_anchors/03,controlled-v1/gas_background_and_anchors/03,SYNTHETIC_CONTROLLED_V1,controlled,SYNTHETIC,False,POISON,joint_by_asset,ETH,COMPLETED,POISON_NOMINAL_RAW,,,,10,10,ETH,[],raw_by_asset_no_cross_asset_sum,41b78a55cedceaba9777a45b26367c0b970b9f79b26ae3b3e0073d3ad70135d3,QUERY_ACCEPTED
controlled-v1/gas_background_and_anchors/03,controlled-v1/gas_background_and_anchors/03,SYNTHETIC_CONTROLLED_V1,controlled,SYNTHETIC,False,HAIRCUT,addresses,T|ETH,COMPLETED,PROPORTIONAL_FEASIBLE_POINT,,,400/121,,5,ETH,[],raw_by_asset_no_cross_asset_sum,41b78a55cedceaba9777a45b26367c0b970b9f79b26ae3b3e0073d3ad70135d3,QUERY_ACCEPTED
controlled-v1/gas_background_and_anchors/03,controlled-v1/gas_background_and_anchors/03,SYNTHETIC_CONTROLLED_V1,controlled,SYNTHETIC,False,HAIRCUT,addresses,U|ETH,COMPLETED,PROPORTIONAL_FEASIBLE_POINT,,,400/121,,5,ETH,[],raw_by_asset_no_cross_asset_sum,41b78a55cedceaba9777a45b26367c0b970b9f79b26ae3b3e0073d3ad70135d3,QUERY_ACCEPTED
controlled-v1/gas_background_and_anchors/03,controlled-v1/gas_background_and_anchors/03,SYNTHETIC_CONTROLLED_V1,controlled,SYNTHETIC,False,HAIRCUT,events,seed,COMPLETED,PROPORTIONAL_FEASIBLE_POINT,,,8,,8,ETH,[],raw_by_asset_no_cross_asset_sum,41b78a55cedceaba9777a45b26367c0b970b9f79b26ae3b3e0073d3ad70135d3,QUERY_ACCEPTED
controlled-v1/gas_background_and_anchors/03,controlled-v1/gas_background_and_anchors/03,SYNTHETIC_CONTROLLED_V1,controlled,SYNTHETIC,False,HAIRCUT,events,gas_success,COMPLETED,PROPORTIONAL_FEASIBLE_POINT,,,8/11,,1,ETH,[],raw_by_asset_no_cross_asset_sum,41b78a55cedceaba9777a45b26367c0b970b9f79b26ae3b3e0073d3ad70135d3,QUERY_ACCEPTED
controlled-v1/gas_background_and_anchors/03,controlled-v1/gas_background_and_anchors/03,SYNTHETIC_CONTROLLED_V1,controlled,SYNTHETIC,False,HAIRCUT,events,background_in,COMPLETED,PROPORTIONAL_FEASIBLE_POINT,,,0,,1,ETH,[],raw_by_asset_no_cross_asset_sum,41b78a55cedceaba9777a45b26367c0b970b9f79b26ae3b3e0073d3ad70135d3,QUERY_ACCEPTED
controlled-v1/gas_background_and_anchors/03,controlled-v1/gas_background_and_anchors/03,SYNTHETIC_CONTROLLED_V1,controlled,SYNTHETIC,False,HAIRCUT,events,gas_failed,COMPLETED,PROPORTIONAL_FEASIBLE_POINT,,,80/121,,1,ETH,[],raw_by_asset_no_cross_asset_sum,41b78a55cedceaba9777a45b26367c0b970b9f79b26ae3b3e0073d3ad70135d3,QUERY_ACCEPTED
controlled-v1/gas_background_and_anchors/03,controlled-v1/gas_background_and_anchors/03,SYNTHETIC_CONTROLLED_V1,controlled,SYNTHETIC,False,HAIRCUT,events,a_b,COMPLETED,PROPORTIONAL_FEASIBLE_POINT,,,400/121,,5,ETH,[],raw_by_asset_no_cross_asset_sum,41b78a55cedceaba9777a45b26367c0b970b9f79b26ae3b3e0073d3ad70135d3,QUERY_ACCEPTED
controlled-v1/gas_background_and_anchors/03,controlled-v1/gas_background_and_anchors/03,SYNTHETIC_CONTROLLED_V1,controlled,SYNTHETIC,False,HAIRCUT,events,b_t,COMPLETED,PROPORTIONAL_FEASIBLE_POINT,,,400/121,,5,ETH,[],raw_by_asset_no_cross_asset_sum,41b78a55cedceaba9777a45b26367c0b970b9f79b26ae3b3e0073d3ad70135d3,QUERY_ACCEPTED
controlled-v1/gas_background_and_anchors/03,controlled-v1/gas_background_and_anchors/03,SYNTHETIC_CONTROLLED_V1,controlled,SYNTHETIC,False,HAIRCUT,events,a_u,COMPLETED,PROPORTIONAL_FEASIBLE_POINT,,,400/121,,5,ETH,[],raw_by_asset_no_cross_asset_sum,41b78a55cedceaba9777a45b26367c0b970b9f79b26ae3b3e0073d3ad70135d3,QUERY_ACCEPTED
controlled-v1/gas_background_and_anchors/03,controlled-v1/gas_background_and_anchors/03,SYNTHETIC_CONTROLLED_V1,controlled,SYNTHETIC,False,HAIRCUT,joint_by_asset,ETH,COMPLETED,PROPORTIONAL_FEASIBLE_POINT,,,800/121,,10,ETH,[],raw_by_asset_no_cross_asset_sum,41b78a55cedceaba9777a45b26367c0b970b9f79b26ae3b3e0073d3ad70135d3,QUERY_ACCEPTED
controlled-v1/gas_background_and_anchors/03,controlled-v1/gas_background_and_anchors/03,SYNTHETIC_CONTROLLED_V1,controlled,SYNTHETIC,False,NO_CROSS_TARGET_COUPLING,addresses,T|ETH,COMPLETED,product_of_target_specific_copies,1,5,,,5,ETH,[],raw_by_asset_no_cross_asset_sum,41b78a55cedceaba9777a45b26367c0b970b9f79b26ae3b3e0073d3ad70135d3,QUERY_ACCEPTED
controlled-v1/gas_background_and_anchors/03,controlled-v1/gas_background_and_anchors/03,SYNTHETIC_CONTROLLED_V1,controlled,SYNTHETIC,False,NO_CROSS_TARGET_COUPLING,addresses,U|ETH,COMPLETED,product_of_target_specific_copies,1,5,,,5,ETH,[],raw_by_asset_no_cross_asset_sum,41b78a55cedceaba9777a45b26367c0b970b9f79b26ae3b3e0073d3ad70135d3,QUERY_ACCEPTED
controlled-v1/gas_background_and_anchors/03,controlled-v1/gas_background_and_anchors/03,SYNTHETIC_CONTROLLED_V1,controlled,SYNTHETIC,False,NO_CROSS_TARGET_COUPLING,events,b_t,COMPLETED,product_of_target_specific_copies,1,5,,,5,ETH,[],raw_by_asset_no_cross_asset_sum,41b78a55cedceaba9777a45b26367c0b970b9f79b26ae3b3e0073d3ad70135d3,QUERY_ACCEPTED
controlled-v1/gas_background_and_anchors/03,controlled-v1/gas_background_and_anchors/03,SYNTHETIC_CONTROLLED_V1,controlled,SYNTHETIC,False,NO_CROSS_TARGET_COUPLING,events,a_u,COMPLETED,product_of_target_specific_copies,1,5,,,5,ETH,[],raw_by_asset_no_cross_asset_sum,41b78a55cedceaba9777a45b26367c0b970b9f79b26ae3b3e0073d3ad70135d3,QUERY_ACCEPTED
controlled-v1/gas_background_and_anchors/03,controlled-v1/gas_background_and_anchors/03,SYNTHETIC_CONTROLLED_V1,controlled,SYNTHETIC,False,NO_CROSS_TARGET_COUPLING,joint_by_asset,ETH,COMPLETED,product_of_target_specific_copies,2,10,,,10,ETH,[],raw_by_asset_no_cross_asset_sum,41b78a55cedceaba9777a45b26367c0b970b9f79b26ae3b3e0073d3ad70135d3,QUERY_ACCEPTED
controlled-v1/gas_background_and_anchors/04,controlled-v1/gas_background_and_anchors/04,SYNTHETIC_CONTROLLED_V1,controlled,SYNTHETIC,False,NO_CROSS_TARGET_COUPLING,addresses,T|ETH,COMPLETED,product_of_target_specific_copies,0,5,,,5,ETH,[],raw_by_asset_no_cross_asset_sum,a4c6d9cac1c30eeb112fa2200cf4d867be6d48af62efed49ffb175064eadcfca,QUERY_ACCEPTED
controlled-v1/gas_background_and_anchors/04,controlled-v1/gas_background_and_anchors/04,SYNTHETIC_CONTROLLED_V1,controlled,SYNTHETIC,False,NO_CROSS_TARGET_COUPLING,addresses,U|ETH,COMPLETED,product_of_target_specific_copies,0,6,,,6,ETH,[],raw_by_asset_no_cross_asset_sum,a4c6d9cac1c30eeb112fa2200cf4d867be6d48af62efed49ffb175064eadcfca,QUERY_ACCEPTED
controlled-v1/gas_background_and_anchors/04,controlled-v1/gas_background_and_anchors/04,SYNTHETIC_CONTROLLED_V1,controlled,SYNTHETIC,False,NO_CROSS_TARGET_COUPLING,events,b_t,COMPLETED,product_of_target_specific_copies,0,5,,,5,ETH,[],raw_by_asset_no_cross_asset_sum,a4c6d9cac1c30eeb112fa2200cf4d867be6d48af62efed49ffb175064eadcfca,QUERY_ACCEPTED
controlled-v1/gas_background_and_anchors/04,controlled-v1/gas_background_and_anchors/04,SYNTHETIC_CONTROLLED_V1,controlled,SYNTHETIC,False,NO_CROSS_TARGET_COUPLING,events,a_u,COMPLETED,product_of_target_specific_copies,0,6,,,6,ETH,[],raw_by_asset_no_cross_asset_sum,a4c6d9cac1c30eeb112fa2200cf4d867be6d48af62efed49ffb175064eadcfca,QUERY_ACCEPTED
controlled-v1/gas_background_and_anchors/04,controlled-v1/gas_background_and_anchors/04,SYNTHETIC_CONTROLLED_V1,controlled,SYNTHETIC,False,NO_CROSS_TARGET_COUPLING,joint_by_asset,ETH,COMPLETED,product_of_target_specific_copies,0,11,,,11,ETH,[],raw_by_asset_no_cross_asset_sum,a4c6d9cac1c30eeb112fa2200cf4d867be6d48af62efed49ffb175064eadcfca,QUERY_ACCEPTED
controlled-v1/gas_background_and_anchors/04,controlled-v1/gas_background_and_anchors/04,SYNTHETIC_CONTROLLED_V1,controlled,SYNTHETIC,False,NO_PROTOCOL_CONTINUATION,addresses,T|ETH,COMPLETED,feasible_interval,0,5,,,5,ETH,[],raw_by_asset_no_cross_asset_sum,a4c6d9cac1c30eeb112fa2200cf4d867be6d48af62efed49ffb175064eadcfca,QUERY_ACCEPTED
controlled-v1/gas_background_and_anchors/04,controlled-v1/gas_background_and_anchors/04,SYNTHETIC_CONTROLLED_V1,controlled,SYNTHETIC,False,NO_PROTOCOL_CONTINUATION,addresses,U|ETH,COMPLETED,feasible_interval,0,6,,,6,ETH,[],raw_by_asset_no_cross_asset_sum,a4c6d9cac1c30eeb112fa2200cf4d867be6d48af62efed49ffb175064eadcfca,QUERY_ACCEPTED
controlled-v1/gas_background_and_anchors/04,controlled-v1/gas_background_and_anchors/04,SYNTHETIC_CONTROLLED_V1,controlled,SYNTHETIC,False,NO_PROTOCOL_CONTINUATION,events,b_t,COMPLETED,feasible_interval,0,5,,,5,ETH,[],raw_by_asset_no_cross_asset_sum,a4c6d9cac1c30eeb112fa2200cf4d867be6d48af62efed49ffb175064eadcfca,QUERY_ACCEPTED
controlled-v1/gas_background_and_anchors/04,controlled-v1/gas_background_and_anchors/04,SYNTHETIC_CONTROLLED_V1,controlled,SYNTHETIC,False,NO_PROTOCOL_CONTINUATION,events,a_u,COMPLETED,feasible_interval,0,6,,,6,ETH,[],raw_by_asset_no_cross_asset_sum,a4c6d9cac1c30eeb112fa2200cf4d867be6d48af62efed49ffb175064eadcfca,QUERY_ACCEPTED
controlled-v1/gas_background_and_anchors/04,controlled-v1/gas_background_and_anchors/04,SYNTHETIC_CONTROLLED_V1,controlled,SYNTHETIC,False,NO_PROTOCOL_CONTINUATION,joint_by_asset,ETH,COMPLETED,feasible_interval,5,7,,,11,ETH,[],raw_by_asset_no_cross_asset_sum,a4c6d9cac1c30eeb112fa2200cf4d867be6d48af62efed49ffb175064eadcfca,QUERY_ACCEPTED
controlled-v1/gas_background_and_anchors/04,controlled-v1/gas_background_and_anchors/04,SYNTHETIC_CONTROLLED_V1,controlled,SYNTHETIC,False,BALANCE_INFORMATION_REMOVED,addresses,T|ETH,COMPLETED,feasible_interval,0,5,,,5,ETH,[],raw_by_asset_no_cross_asset_sum,a4c6d9cac1c30eeb112fa2200cf4d867be6d48af62efed49ffb175064eadcfca,QUERY_ACCEPTED
controlled-v1/gas_background_and_anchors/04,controlled-v1/gas_background_and_anchors/04,SYNTHETIC_CONTROLLED_V1,controlled,SYNTHETIC,False,BALANCE_INFORMATION_REMOVED,addresses,U|ETH,COMPLETED,feasible_interval,0,6,,,6,ETH,[],raw_by_asset_no_cross_asset_sum,a4c6d9cac1c30eeb112fa2200cf4d867be6d48af62efed49ffb175064eadcfca,QUERY_ACCEPTED
controlled-v1/gas_background_and_anchors/04,controlled-v1/gas_background_and_anchors/04,SYNTHETIC_CONTROLLED_V1,controlled,SYNTHETIC,False,BALANCE_INFORMATION_REMOVED,events,b_t,COMPLETED,feasible_interval,0,5,,,5,ETH,[],raw_by_asset_no_cross_asset_sum,a4c6d9cac1c30eeb112fa2200cf4d867be6d48af62efed49ffb175064eadcfca,QUERY_ACCEPTED
controlled-v1/gas_background_and_anchors/04,controlled-v1/gas_background_and_anchors/04,SYNTHETIC_CONTROLLED_V1,controlled,SYNTHETIC,False,BALANCE_INFORMATION_REMOVED,events,a_u,COMPLETED,feasible_interval,0,6,,,6,ETH,[],raw_by_asset_no_cross_asset_sum,a4c6d9cac1c30eeb112fa2200cf4d867be6d48af62efed49ffb175064eadcfca,QUERY_ACCEPTED
controlled-v1/gas_background_and_anchors/04,controlled-v1/gas_background_and_anchors/04,SYNTHETIC_CONTROLLED_V1,controlled,SYNTHETIC,False,BALANCE_INFORMATION_REMOVED,joint_by_asset,ETH,COMPLETED,feasible_interval,0,7,,,11,ETH,[],raw_by_asset_no_cross_asset_sum,a4c6d9cac1c30eeb112fa2200cf4d867be6d48af62efed49ffb175064eadcfca,QUERY_ACCEPTED
controlled-v1/gas_background_and_anchors/04,controlled-v1/gas_background_and_anchors/04,SYNTHETIC_CONTROLLED_V1,controlled,SYNTHETIC,False,FULL_INTERVAL,addresses,T|ETH,COMPLETED,feasible_interval,0,5,,,5,ETH,[],raw_by_asset_no_cross_asset_sum,a4c6d9cac1c30eeb112fa2200cf4d867be6d48af62efed49ffb175064eadcfca,QUERY_ACCEPTED
controlled-v1/gas_background_and_anchors/04,controlled-v1/gas_background_and_anchors/04,SYNTHETIC_CONTROLLED_V1,controlled,SYNTHETIC,False,FULL_INTERVAL,addresses,U|ETH,COMPLETED,feasible_interval,0,6,,,6,ETH,[],raw_by_asset_no_cross_asset_sum,a4c6d9cac1c30eeb112fa2200cf4d867be6d48af62efed49ffb175064eadcfca,QUERY_ACCEPTED
controlled-v1/gas_background_and_anchors/04,controlled-v1/gas_background_and_anchors/04,SYNTHETIC_CONTROLLED_V1,controlled,SYNTHETIC,False,FULL_INTERVAL,events,b_t,COMPLETED,feasible_interval,0,5,,,5,ETH,[],raw_by_asset_no_cross_asset_sum,a4c6d9cac1c30eeb112fa2200cf4d867be6d48af62efed49ffb175064eadcfca,QUERY_ACCEPTED
controlled-v1/gas_background_and_anchors/04,controlled-v1/gas_background_and_anchors/04,SYNTHETIC_CONTROLLED_V1,controlled,SYNTHETIC,False,FULL_INTERVAL,events,a_u,COMPLETED,feasible_interval,0,6,,,6,ETH,[],raw_by_asset_no_cross_asset_sum,a4c6d9cac1c30eeb112fa2200cf4d867be6d48af62efed49ffb175064eadcfca,QUERY_ACCEPTED
controlled-v1/gas_background_and_anchors/04,controlled-v1/gas_background_and_anchors/04,SYNTHETIC_CONTROLLED_V1,controlled,SYNTHETIC,False,FULL_INTERVAL,joint_by_asset,ETH,COMPLETED,feasible_interval,5,7,,,11,ETH,[],raw_by_asset_no_cross_asset_sum,a4c6d9cac1c30eeb112fa2200cf4d867be6d48af62efed49ffb175064eadcfca,QUERY_ACCEPTED
controlled-v1/gas_background_and_anchors/04,controlled-v1/gas_background_and_anchors/04,SYNTHETIC_CONTROLLED_V1,controlled,SYNTHETIC,False,BOUNDED_REACHABILITY,addresses,T|ETH,COMPLETED,ADDRESS_EVENT_SET_NO_AMOUNT,,,,,5,ETH,[],raw_by_asset_no_cross_asset_sum,a4c6d9cac1c30eeb112fa2200cf4d867be6d48af62efed49ffb175064eadcfca,QUERY_ACCEPTED
controlled-v1/gas_background_and_anchors/04,controlled-v1/gas_background_and_anchors/04,SYNTHETIC_CONTROLLED_V1,controlled,SYNTHETIC,False,BOUNDED_REACHABILITY,addresses,U|ETH,COMPLETED,ADDRESS_EVENT_SET_NO_AMOUNT,,,,,6,ETH,[],raw_by_asset_no_cross_asset_sum,a4c6d9cac1c30eeb112fa2200cf4d867be6d48af62efed49ffb175064eadcfca,QUERY_ACCEPTED
controlled-v1/gas_background_and_anchors/04,controlled-v1/gas_background_and_anchors/04,SYNTHETIC_CONTROLLED_V1,controlled,SYNTHETIC,False,BOUNDED_REACHABILITY,events,seed,COMPLETED,ADDRESS_EVENT_SET_NO_AMOUNT,,,,,7,ETH,[],raw_by_asset_no_cross_asset_sum,a4c6d9cac1c30eeb112fa2200cf4d867be6d48af62efed49ffb175064eadcfca,QUERY_ACCEPTED
controlled-v1/gas_background_and_anchors/04,controlled-v1/gas_background_and_anchors/04,SYNTHETIC_CONTROLLED_V1,controlled,SYNTHETIC,False,BOUNDED_REACHABILITY,events,gas_success,COMPLETED,ADDRESS_EVENT_SET_NO_AMOUNT,,,,,1,ETH,[],raw_by_asset_no_cross_asset_sum,a4c6d9cac1c30eeb112fa2200cf4d867be6d48af62efed49ffb175064eadcfca,QUERY_ACCEPTED
controlled-v1/gas_background_and_anchors/04,controlled-v1/gas_background_and_anchors/04,SYNTHETIC_CONTROLLED_V1,controlled,SYNTHETIC,False,BOUNDED_REACHABILITY,events,background_in,COMPLETED,ADDRESS_EVENT_SET_NO_AMOUNT,,,,,1,ETH,[],raw_by_asset_no_cross_asset_sum,a4c6d9cac1c30eeb112fa2200cf4d867be6d48af62efed49ffb175064eadcfca,QUERY_ACCEPTED
controlled-v1/gas_background_and_anchors/04,controlled-v1/gas_background_and_anchors/04,SYNTHETIC_CONTROLLED_V1,controlled,SYNTHETIC,False,BOUNDED_REACHABILITY,events,gas_failed,COMPLETED,ADDRESS_EVENT_SET_NO_AMOUNT,,,,,1,ETH,[],raw_by_asset_no_cross_asset_sum,a4c6d9cac1c30eeb112fa2200cf4d867be6d48af62efed49ffb175064eadcfca,QUERY_ACCEPTED
controlled-v1/gas_background_and_anchors/04,controlled-v1/gas_background_and_anchors/04,SYNTHETIC_CONTROLLED_V1,controlled,SYNTHETIC,False,BOUNDED_REACHABILITY,events,a_b,COMPLETED,ADDRESS_EVENT_SET_NO_AMOUNT,,,,,5,ETH,[],raw_by_asset_no_cross_asset_sum,a4c6d9cac1c30eeb112fa2200cf4d867be6d48af62efed49ffb175064eadcfca,QUERY_ACCEPTED
controlled-v1/gas_background_and_anchors/04,controlled-v1/gas_background_and_anchors/04,SYNTHETIC_CONTROLLED_V1,controlled,SYNTHETIC,False,BOUNDED_REACHABILITY,events,b_t,COMPLETED,ADDRESS_EVENT_SET_NO_AMOUNT,,,,,5,ETH,[],raw_by_asset_no_cross_asset_sum,a4c6d9cac1c30eeb112fa2200cf4d867be6d48af62efed49ffb175064eadcfca,QUERY_ACCEPTED
controlled-v1/gas_background_and_anchors/04,controlled-v1/gas_background_and_anchors/04,SYNTHETIC_CONTROLLED_V1,controlled,SYNTHETIC,False,BOUNDED_REACHABILITY,events,a_u,COMPLETED,ADDRESS_EVENT_SET_NO_AMOUNT,,,,,6,ETH,[],raw_by_asset_no_cross_asset_sum,a4c6d9cac1c30eeb112fa2200cf4d867be6d48af62efed49ffb175064eadcfca,QUERY_ACCEPTED
controlled-v1/gas_background_and_anchors/04,controlled-v1/gas_background_and_anchors/04,SYNTHETIC_CONTROLLED_V1,controlled,SYNTHETIC,False,BOUNDED_REACHABILITY,joint_by_asset,ETH,COMPLETED,ADDRESS_EVENT_SET_NO_AMOUNT,,,,,11,ETH,[],raw_by_asset_no_cross_asset_sum,a4c6d9cac1c30eeb112fa2200cf4d867be6d48af62efed49ffb175064eadcfca,QUERY_ACCEPTED
controlled-v1/gas_background_and_anchors/04,controlled-v1/gas_background_and_anchors/04,SYNTHETIC_CONTROLLED_V1,controlled,SYNTHETIC,False,POISON,addresses,T|ETH,COMPLETED,POISON_NOMINAL_RAW,,,,5,5,ETH,[],raw_by_asset_no_cross_asset_sum,a4c6d9cac1c30eeb112fa2200cf4d867be6d48af62efed49ffb175064eadcfca,QUERY_ACCEPTED
controlled-v1/gas_background_and_anchors/04,controlled-v1/gas_background_and_anchors/04,SYNTHETIC_CONTROLLED_V1,controlled,SYNTHETIC,False,POISON,addresses,U|ETH,COMPLETED,POISON_NOMINAL_RAW,,,,6,6,ETH,[],raw_by_asset_no_cross_asset_sum,a4c6d9cac1c30eeb112fa2200cf4d867be6d48af62efed49ffb175064eadcfca,QUERY_ACCEPTED
controlled-v1/gas_background_and_anchors/04,controlled-v1/gas_background_and_anchors/04,SYNTHETIC_CONTROLLED_V1,controlled,SYNTHETIC,False,POISON,events,seed,COMPLETED,POISON_NOMINAL_RAW,,,,7,7,ETH,[],raw_by_asset_no_cross_asset_sum,a4c6d9cac1c30eeb112fa2200cf4d867be6d48af62efed49ffb175064eadcfca,QUERY_ACCEPTED
controlled-v1/gas_background_and_anchors/04,controlled-v1/gas_background_and_anchors/04,SYNTHETIC_CONTROLLED_V1,controlled,SYNTHETIC,False,POISON,events,gas_success,COMPLETED,POISON_NOMINAL_RAW,,,,1,1,ETH,[],raw_by_asset_no_cross_asset_sum,a4c6d9cac1c30eeb112fa2200cf4d867be6d48af62efed49ffb175064eadcfca,QUERY_ACCEPTED
controlled-v1/gas_background_and_anchors/04,controlled-v1/gas_background_and_anchors/04,SYNTHETIC_CONTROLLED_V1,controlled,SYNTHETIC,False,POISON,events,background_in,COMPLETED,POISON_NOMINAL_RAW,,,,0,1,ETH,[],raw_by_asset_no_cross_asset_sum,a4c6d9cac1c30eeb112fa2200cf4d867be6d48af62efed49ffb175064eadcfca,QUERY_ACCEPTED
controlled-v1/gas_background_and_anchors/04,controlled-v1/gas_background_and_anchors/04,SYNTHETIC_CONTROLLED_V1,controlled,SYNTHETIC,False,POISON,events,gas_failed,COMPLETED,POISON_NOMINAL_RAW,,,,1,1,ETH,[],raw_by_asset_no_cross_asset_sum,a4c6d9cac1c30eeb112fa2200cf4d867be6d48af62efed49ffb175064eadcfca,QUERY_ACCEPTED
controlled-v1/gas_background_and_anchors/04,controlled-v1/gas_background_and_anchors/04,SYNTHETIC_CONTROLLED_V1,controlled,SYNTHETIC,False,POISON,events,a_b,COMPLETED,POISON_NOMINAL_RAW,,,,5,5,ETH,[],raw_by_asset_no_cross_asset_sum,a4c6d9cac1c30eeb112fa2200cf4d867be6d48af62efed49ffb175064eadcfca,QUERY_ACCEPTED
controlled-v1/gas_background_and_anchors/04,controlled-v1/gas_background_and_anchors/04,SYNTHETIC_CONTROLLED_V1,controlled,SYNTHETIC,False,POISON,events,b_t,COMPLETED,POISON_NOMINAL_RAW,,,,5,5,ETH,[],raw_by_asset_no_cross_asset_sum,a4c6d9cac1c30eeb112fa2200cf4d867be6d48af62efed49ffb175064eadcfca,QUERY_ACCEPTED
controlled-v1/gas_background_and_anchors/04,controlled-v1/gas_background_and_anchors/04,SYNTHETIC_CONTROLLED_V1,controlled,SYNTHETIC,False,POISON,events,a_u,COMPLETED,POISON_NOMINAL_RAW,,,,6,6,ETH,[],raw_by_asset_no_cross_asset_sum,a4c6d9cac1c30eeb112fa2200cf4d867be6d48af62efed49ffb175064eadcfca,QUERY_ACCEPTED
controlled-v1/gas_background_and_anchors/04,controlled-v1/gas_background_and_anchors/04,SYNTHETIC_CONTROLLED_V1,controlled,SYNTHETIC,False,POISON,joint_by_asset,ETH,COMPLETED,POISON_NOMINAL_RAW,,,,11,11,ETH,[],raw_by_asset_no_cross_asset_sum,a4c6d9cac1c30eeb112fa2200cf4d867be6d48af62efed49ffb175064eadcfca,QUERY_ACCEPTED
controlled-v1/gas_background_and_anchors/04,controlled-v1/gas_background_and_anchors/04,SYNTHETIC_CONTROLLED_V1,controlled,SYNTHETIC,False,HAIRCUT,addresses,T|ETH,COMPLETED,PROPORTIONAL_FEASIBLE_POINT,,,385/144,,5,ETH,[],raw_by_asset_no_cross_asset_sum,a4c6d9cac1c30eeb112fa2200cf4d867be6d48af62efed49ffb175064eadcfca,QUERY_ACCEPTED
controlled-v1/gas_background_and_anchors/04,controlled-v1/gas_background_and_anchors/04,SYNTHETIC_CONTROLLED_V1,controlled,SYNTHETIC,False,HAIRCUT,addresses,U|ETH,COMPLETED,PROPORTIONAL_FEASIBLE_POINT,,,77/24,,6,ETH,[],raw_by_asset_no_cross_asset_sum,a4c6d9cac1c30eeb112fa2200cf4d867be6d48af62efed49ffb175064eadcfca,QUERY_ACCEPTED
controlled-v1/gas_background_and_anchors/04,controlled-v1/gas_background_and_anchors/04,SYNTHETIC_CONTROLLED_V1,controlled,SYNTHETIC,False,HAIRCUT,events,seed,COMPLETED,PROPORTIONAL_FEASIBLE_POINT,,,7,,7,ETH,[],raw_by_asset_no_cross_asset_sum,a4c6d9cac1c30eeb112fa2200cf4d867be6d48af62efed49ffb175064eadcfca,QUERY_ACCEPTED
controlled-v1/gas_background_and_anchors/04,controlled-v1/gas_background_and_anchors/04,SYNTHETIC_CONTROLLED_V1,controlled,SYNTHETIC,False,HAIRCUT,events,gas_success,COMPLETED,PROPORTIONAL_FEASIBLE_POINT,,,7/12,,1,ETH,[],raw_by_asset_no_cross_asset_sum,a4c6d9cac1c30eeb112fa2200cf4d867be6d48af62efed49ffb175064eadcfca,QUERY_ACCEPTED
controlled-v1/gas_background_and_anchors/04,controlled-v1/gas_background_and_anchors/04,SYNTHETIC_CONTROLLED_V1,controlled,SYNTHETIC,False,HAIRCUT,events,background_in,COMPLETED,PROPORTIONAL_FEASIBLE_POINT,,,0,,1,ETH,[],raw_by_asset_no_cross_asset_sum,a4c6d9cac1c30eeb112fa2200cf4d867be6d48af62efed49ffb175064eadcfca,QUERY_ACCEPTED
controlled-v1/gas_background_and_anchors/04,controlled-v1/gas_background_and_anchors/04,SYNTHETIC_CONTROLLED_V1,controlled,SYNTHETIC,False,HAIRCUT,events,gas_failed,COMPLETED,PROPORTIONAL_FEASIBLE_POINT,,,77/144,,1,ETH,[],raw_by_asset_no_cross_asset_sum,a4c6d9cac1c30eeb112fa2200cf4d867be6d48af62efed49ffb175064eadcfca,QUERY_ACCEPTED
controlled-v1/gas_background_and_anchors/04,controlled-v1/gas_background_and_anchors/04,SYNTHETIC_CONTROLLED_V1,controlled,SYNTHETIC,False,HAIRCUT,events,a_b,COMPLETED,PROPORTIONAL_FEASIBLE_POINT,,,385/144,,5,ETH,[],raw_by_asset_no_cross_asset_sum,a4c6d9cac1c30eeb112fa2200cf4d867be6d48af62efed49ffb175064eadcfca,QUERY_ACCEPTED
controlled-v1/gas_background_and_anchors/04,controlled-v1/gas_background_and_anchors/04,SYNTHETIC_CONTROLLED_V1,controlled,SYNTHETIC,False,HAIRCUT,events,b_t,COMPLETED,PROPORTIONAL_FEASIBLE_POINT,,,385/144,,5,ETH,[],raw_by_asset_no_cross_asset_sum,a4c6d9cac1c30eeb112fa2200cf4d867be6d48af62efed49ffb175064eadcfca,QUERY_ACCEPTED
controlled-v1/gas_background_and_anchors/04,controlled-v1/gas_background_and_anchors/04,SYNTHETIC_CONTROLLED_V1,controlled,SYNTHETIC,False,HAIRCUT,events,a_u,COMPLETED,PROPORTIONAL_FEASIBLE_POINT,,,77/24,,6,ETH,[],raw_by_asset_no_cross_asset_sum,a4c6d9cac1c30eeb112fa2200cf4d867be6d48af62efed49ffb175064eadcfca,QUERY_ACCEPTED
controlled-v1/gas_background_and_anchors/04,controlled-v1/gas_background_and_anchors/04,SYNTHETIC_CONTROLLED_V1,controlled,SYNTHETIC,False,HAIRCUT,joint_by_asset,ETH,COMPLETED,PROPORTIONAL_FEASIBLE_POINT,,,847/144,,11,ETH,[],raw_by_asset_no_cross_asset_sum,a4c6d9cac1c30eeb112fa2200cf4d867be6d48af62efed49ffb175064eadcfca,QUERY_ACCEPTED
controlled-v1/gas_background_and_anchors/05,controlled-v1/gas_background_and_anchors/05,SYNTHETIC_CONTROLLED_V1,controlled,SYNTHETIC,False,BALANCE_INFORMATION_REMOVED,addresses,T|TOK,COMPLETED,feasible_interval,0,4,,,6,TOK,[],raw_by_asset_no_cross_asset_sum,a4a8085fb856f93d55e8a6bf4725ecaa028628d7645862c80d1c7fc1d91d0c2f,QUERY_ACCEPTED
controlled-v1/gas_background_and_anchors/05,controlled-v1/gas_background_and_anchors/05,SYNTHETIC_CONTROLLED_V1,controlled,SYNTHETIC,False,BALANCE_INFORMATION_REMOVED,addresses,U|TOK,COMPLETED,feasible_interval,0,4,,,6,TOK,[],raw_by_asset_no_cross_asset_sum,a4a8085fb856f93d55e8a6bf4725ecaa028628d7645862c80d1c7fc1d91d0c2f,QUERY_ACCEPTED
controlled-v1/gas_background_and_anchors/05,controlled-v1/gas_background_and_anchors/05,SYNTHETIC_CONTROLLED_V1,controlled,SYNTHETIC,False,BALANCE_INFORMATION_REMOVED,events,b_t,COMPLETED,feasible_interval,0,4,,,6,TOK,[],raw_by_asset_no_cross_asset_sum,a4a8085fb856f93d55e8a6bf4725ecaa028628d7645862c80d1c7fc1d91d0c2f,QUERY_ACCEPTED
controlled-v1/gas_background_and_anchors/05,controlled-v1/gas_background_and_anchors/05,SYNTHETIC_CONTROLLED_V1,controlled,SYNTHETIC,False,BALANCE_INFORMATION_REMOVED,events,a_u,COMPLETED,feasible_interval,0,4,,,6,TOK,[],raw_by_asset_no_cross_asset_sum,a4a8085fb856f93d55e8a6bf4725ecaa028628d7645862c80d1c7fc1d91d0c2f,QUERY_ACCEPTED
controlled-v1/gas_background_and_anchors/05,controlled-v1/gas_background_and_anchors/05,SYNTHETIC_CONTROLLED_V1,controlled,SYNTHETIC,False,BALANCE_INFORMATION_REMOVED,joint_by_asset,TOK,COMPLETED,feasible_interval,0,4,,,12,TOK,[],raw_by_asset_no_cross_asset_sum,a4a8085fb856f93d55e8a6bf4725ecaa028628d7645862c80d1c7fc1d91d0c2f,QUERY_ACCEPTED
controlled-v1/gas_background_and_anchors/05,controlled-v1/gas_background_and_anchors/05,SYNTHETIC_CONTROLLED_V1,controlled,SYNTHETIC,False,FULL_INTERVAL,addresses,T|TOK,COMPLETED,feasible_interval,0,4,,,6,TOK,[],raw_by_asset_no_cross_asset_sum,a4a8085fb856f93d55e8a6bf4725ecaa028628d7645862c80d1c7fc1d91d0c2f,QUERY_ACCEPTED
controlled-v1/gas_background_and_anchors/05,controlled-v1/gas_background_and_anchors/05,SYNTHETIC_CONTROLLED_V1,controlled,SYNTHETIC,False,FULL_INTERVAL,addresses,U|TOK,COMPLETED,feasible_interval,0,4,,,6,TOK,[],raw_by_asset_no_cross_asset_sum,a4a8085fb856f93d55e8a6bf4725ecaa028628d7645862c80d1c7fc1d91d0c2f,QUERY_ACCEPTED
controlled-v1/gas_background_and_anchors/05,controlled-v1/gas_background_and_anchors/05,SYNTHETIC_CONTROLLED_V1,controlled,SYNTHETIC,False,FULL_INTERVAL,events,b_t,COMPLETED,feasible_interval,0,4,,,6,TOK,[],raw_by_asset_no_cross_asset_sum,a4a8085fb856f93d55e8a6bf4725ecaa028628d7645862c80d1c7fc1d91d0c2f,QUERY_ACCEPTED
controlled-v1/gas_background_and_anchors/05,controlled-v1/gas_background_and_anchors/05,SYNTHETIC_CONTROLLED_V1,controlled,SYNTHETIC,False,FULL_INTERVAL,events,a_u,COMPLETED,feasible_interval,0,4,,,6,TOK,[],raw_by_asset_no_cross_asset_sum,a4a8085fb856f93d55e8a6bf4725ecaa028628d7645862c80d1c7fc1d91d0c2f,QUERY_ACCEPTED
controlled-v1/gas_background_and_anchors/05,controlled-v1/gas_background_and_anchors/05,SYNTHETIC_CONTROLLED_V1,controlled,SYNTHETIC,False,FULL_INTERVAL,joint_by_asset,TOK,COMPLETED,feasible_interval,4,4,,,12,TOK,[],raw_by_asset_no_cross_asset_sum,a4a8085fb856f93d55e8a6bf4725ecaa028628d7645862c80d1c7fc1d91d0c2f,QUERY_ACCEPTED
controlled-v1/gas_background_and_anchors/05,controlled-v1/gas_background_and_anchors/05,SYNTHETIC_CONTROLLED_V1,controlled,SYNTHETIC,False,BOUNDED_REACHABILITY,addresses,T|TOK,COMPLETED,ADDRESS_EVENT_SET_NO_AMOUNT,,,,,6,TOK,[],raw_by_asset_no_cross_asset_sum,a4a8085fb856f93d55e8a6bf4725ecaa028628d7645862c80d1c7fc1d91d0c2f,QUERY_ACCEPTED
controlled-v1/gas_background_and_anchors/05,controlled-v1/gas_background_and_anchors/05,SYNTHETIC_CONTROLLED_V1,controlled,SYNTHETIC,False,BOUNDED_REACHABILITY,addresses,U|TOK,COMPLETED,ADDRESS_EVENT_SET_NO_AMOUNT,,,,,6,TOK,[],raw_by_asset_no_cross_asset_sum,a4a8085fb856f93d55e8a6bf4725ecaa028628d7645862c80d1c7fc1d91d0c2f,QUERY_ACCEPTED
controlled-v1/gas_background_and_anchors/05,controlled-v1/gas_background_and_anchors/05,SYNTHETIC_CONTROLLED_V1,controlled,SYNTHETIC,False,BOUNDED_REACHABILITY,events,seed,COMPLETED,ADDRESS_EVENT_SET_NO_AMOUNT,,,,,4,TOK,[],raw_by_asset_no_cross_asset_sum,a4a8085fb856f93d55e8a6bf4725ecaa028628d7645862c80d1c7fc1d91d0c2f,QUERY_ACCEPTED
controlled-v1/gas_background_and_anchors/05,controlled-v1/gas_background_and_anchors/05,SYNTHETIC_CONTROLLED_V1,controlled,SYNTHETIC,False,BOUNDED_REACHABILITY,events,gas_success,COMPLETED,ADDRESS_EVENT_SET_NO_AMOUNT,,,,,1,ETH,[],raw_by_asset_no_cross_asset_sum,a4a8085fb856f93d55e8a6bf4725ecaa028628d7645862c80d1c7fc1d91d0c2f,QUERY_ACCEPTED
controlled-v1/gas_background_and_anchors/05,controlled-v1/gas_background_and_anchors/05,SYNTHETIC_CONTROLLED_V1,controlled,SYNTHETIC,False,BOUNDED_REACHABILITY,events,background_in,COMPLETED,ADDRESS_EVENT_SET_NO_AMOUNT,,,,,1,TOK,[],raw_by_asset_no_cross_asset_sum,a4a8085fb856f93d55e8a6bf4725ecaa028628d7645862c80d1c7fc1d91d0c2f,QUERY_ACCEPTED
controlled-v1/gas_background_and_anchors/05,controlled-v1/gas_background_and_anchors/05,SYNTHETIC_CONTROLLED_V1,controlled,SYNTHETIC,False,BOUNDED_REACHABILITY,events,gas_failed,COMPLETED,ADDRESS_EVENT_SET_NO_AMOUNT,,,,,1,ETH,[],raw_by_asset_no_cross_asset_sum,a4a8085fb856f93d55e8a6bf4725ecaa028628d7645862c80d1c7fc1d91d0c2f,QUERY_ACCEPTED
controlled-v1/gas_background_and_anchors/05,controlled-v1/gas_background_and_anchors/05,SYNTHETIC_CONTROLLED_V1,controlled,SYNTHETIC,False,BOUNDED_REACHABILITY,events,a_b,COMPLETED,ADDRESS_EVENT_SET_NO_AMOUNT,,,,,6,TOK,[],raw_by_asset_no_cross_asset_sum,a4a8085fb856f93d55e8a6bf4725ecaa028628d7645862c80d1c7fc1d91d0c2f,QUERY_ACCEPTED
controlled-v1/gas_background_and_anchors/05,controlled-v1/gas_background_and_anchors/05,SYNTHETIC_CONTROLLED_V1,controlled,SYNTHETIC,False,BOUNDED_REACHABILITY,events,b_t,COMPLETED,ADDRESS_EVENT_SET_NO_AMOUNT,,,,,6,TOK,[],raw_by_asset_no_cross_asset_sum,a4a8085fb856f93d55e8a6bf4725ecaa028628d7645862c80d1c7fc1d91d0c2f,QUERY_ACCEPTED
controlled-v1/gas_background_and_anchors/05,controlled-v1/gas_background_and_anchors/05,SYNTHETIC_CONTROLLED_V1,controlled,SYNTHETIC,False,BOUNDED_REACHABILITY,events,a_u,COMPLETED,ADDRESS_EVENT_SET_NO_AMOUNT,,,,,6,TOK,[],raw_by_asset_no_cross_asset_sum,a4a8085fb856f93d55e8a6bf4725ecaa028628d7645862c80d1c7fc1d91d0c2f,QUERY_ACCEPTED
controlled-v1/gas_background_and_anchors/05,controlled-v1/gas_background_and_anchors/05,SYNTHETIC_CONTROLLED_V1,controlled,SYNTHETIC,False,BOUNDED_REACHABILITY,joint_by_asset,TOK,COMPLETED,ADDRESS_EVENT_SET_NO_AMOUNT,,,,,12,TOK,[],raw_by_asset_no_cross_asset_sum,a4a8085fb856f93d55e8a6bf4725ecaa028628d7645862c80d1c7fc1d91d0c2f,QUERY_ACCEPTED
controlled-v1/gas_background_and_anchors/05,controlled-v1/gas_background_and_anchors/05,SYNTHETIC_CONTROLLED_V1,controlled,SYNTHETIC,False,POISON,addresses,T|TOK,COMPLETED,POISON_NOMINAL_RAW,,,,6,6,TOK,[],raw_by_asset_no_cross_asset_sum,a4a8085fb856f93d55e8a6bf4725ecaa028628d7645862c80d1c7fc1d91d0c2f,QUERY_ACCEPTED
controlled-v1/gas_background_and_anchors/05,controlled-v1/gas_background_and_anchors/05,SYNTHETIC_CONTROLLED_V1,controlled,SYNTHETIC,False,POISON,addresses,U|TOK,COMPLETED,POISON_NOMINAL_RAW,,,,6,6,TOK,[],raw_by_asset_no_cross_asset_sum,a4a8085fb856f93d55e8a6bf4725ecaa028628d7645862c80d1c7fc1d91d0c2f,QUERY_ACCEPTED
controlled-v1/gas_background_and_anchors/05,controlled-v1/gas_background_and_anchors/05,SYNTHETIC_CONTROLLED_V1,controlled,SYNTHETIC,False,POISON,events,seed,COMPLETED,POISON_NOMINAL_RAW,,,,4,4,TOK,[],raw_by_asset_no_cross_asset_sum,a4a8085fb856f93d55e8a6bf4725ecaa028628d7645862c80d1c7fc1d91d0c2f,QUERY_ACCEPTED
controlled-v1/gas_background_and_anchors/05,controlled-v1/gas_background_and_anchors/05,SYNTHETIC_CONTROLLED_V1,controlled,SYNTHETIC,False,POISON,events,gas_success,COMPLETED,POISON_NOMINAL_RAW,,,,0,1,ETH,[],raw_by_asset_no_cross_asset_sum,a4a8085fb856f93d55e8a6bf4725ecaa028628d7645862c80d1c7fc1d91d0c2f,QUERY_ACCEPTED
controlled-v1/gas_background_and_anchors/05,controlled-v1/gas_background_and_anchors/05,SYNTHETIC_CONTROLLED_V1,controlled,SYNTHETIC,False,POISON,events,background_in,COMPLETED,POISON_NOMINAL_RAW,,,,0,1,TOK,[],raw_by_asset_no_cross_asset_sum,a4a8085fb856f93d55e8a6bf4725ecaa028628d7645862c80d1c7fc1d91d0c2f,QUERY_ACCEPTED
controlled-v1/gas_background_and_anchors/05,controlled-v1/gas_background_and_anchors/05,SYNTHETIC_CONTROLLED_V1,controlled,SYNTHETIC,False,POISON,events,gas_failed,COMPLETED,POISON_NOMINAL_RAW,,,,0,1,ETH,[],raw_by_asset_no_cross_asset_sum,a4a8085fb856f93d55e8a6bf4725ecaa028628d7645862c80d1c7fc1d91d0c2f,QUERY_ACCEPTED
controlled-v1/gas_background_and_anchors/05,controlled-v1/gas_background_and_anchors/05,SYNTHETIC_CONTROLLED_V1,controlled,SYNTHETIC,False,POISON,events,a_b,COMPLETED,POISON_NOMINAL_RAW,,,,6,6,TOK,[],raw_by_asset_no_cross_asset_sum,a4a8085fb856f93d55e8a6bf4725ecaa028628d7645862c80d1c7fc1d91d0c2f,QUERY_ACCEPTED
controlled-v1/gas_background_and_anchors/05,controlled-v1/gas_background_and_anchors/05,SYNTHETIC_CONTROLLED_V1,controlled,SYNTHETIC,False,POISON,events,b_t,COMPLETED,POISON_NOMINAL_RAW,,,,6,6,TOK,[],raw_by_asset_no_cross_asset_sum,a4a8085fb856f93d55e8a6bf4725ecaa028628d7645862c80d1c7fc1d91d0c2f,QUERY_ACCEPTED
controlled-v1/gas_background_and_anchors/05,controlled-v1/gas_background_and_anchors/05,SYNTHETIC_CONTROLLED_V1,controlled,SYNTHETIC,False,POISON,events,a_u,COMPLETED,POISON_NOMINAL_RAW,,,,6,6,TOK,[],raw_by_asset_no_cross_asset_sum,a4a8085fb856f93d55e8a6bf4725ecaa028628d7645862c80d1c7fc1d91d0c2f,QUERY_ACCEPTED
controlled-v1/gas_background_and_anchors/05,controlled-v1/gas_background_and_anchors/05,SYNTHETIC_CONTROLLED_V1,controlled,SYNTHETIC,False,POISON,joint_by_asset,TOK,COMPLETED,POISON_NOMINAL_RAW,,,,12,12,TOK,[],raw_by_asset_no_cross_asset_sum,a4a8085fb856f93d55e8a6bf4725ecaa028628d7645862c80d1c7fc1d91d0c2f,QUERY_ACCEPTED
controlled-v1/gas_background_and_anchors/05,controlled-v1/gas_background_and_anchors/05,SYNTHETIC_CONTROLLED_V1,controlled,SYNTHETIC,False,HAIRCUT,addresses,T|TOK,COMPLETED,PROPORTIONAL_FEASIBLE_POINT,,,2,,6,TOK,[],raw_by_asset_no_cross_asset_sum,a4a8085fb856f93d55e8a6bf4725ecaa028628d7645862c80d1c7fc1d91d0c2f,QUERY_ACCEPTED
controlled-v1/gas_background_and_anchors/05,controlled-v1/gas_background_and_anchors/05,SYNTHETIC_CONTROLLED_V1,controlled,SYNTHETIC,False,HAIRCUT,addresses,U|TOK,COMPLETED,PROPORTIONAL_FEASIBLE_POINT,,,2,,6,TOK,[],raw_by_asset_no_cross_asset_sum,a4a8085fb856f93d55e8a6bf4725ecaa028628d7645862c80d1c7fc1d91d0c2f,QUERY_ACCEPTED
controlled-v1/gas_background_and_anchors/05,controlled-v1/gas_background_and_anchors/05,SYNTHETIC_CONTROLLED_V1,controlled,SYNTHETIC,False,HAIRCUT,events,seed,COMPLETED,PROPORTIONAL_FEASIBLE_POINT,,,4,,4,TOK,[],raw_by_asset_no_cross_asset_sum,a4a8085fb856f93d55e8a6bf4725ecaa028628d7645862c80d1c7fc1d91d0c2f,QUERY_ACCEPTED
controlled-v1/gas_background_and_anchors/05,controlled-v1/gas_background_and_anchors/05,SYNTHETIC_CONTROLLED_V1,controlled,SYNTHETIC,False,HAIRCUT,events,gas_success,COMPLETED,PROPORTIONAL_FEASIBLE_POINT,,,0,,1,ETH,[],raw_by_asset_no_cross_asset_sum,a4a8085fb856f93d55e8a6bf4725ecaa028628d7645862c80d1c7fc1d91d0c2f,QUERY_ACCEPTED
controlled-v1/gas_background_and_anchors/05,controlled-v1/gas_background_and_anchors/05,SYNTHETIC_CONTROLLED_V1,controlled,SYNTHETIC,False,HAIRCUT,events,background_in,COMPLETED,PROPORTIONAL_FEASIBLE_POINT,,,0,,1,TOK,[],raw_by_asset_no_cross_asset_sum,a4a8085fb856f93d55e8a6bf4725ecaa028628d7645862c80d1c7fc1d91d0c2f,QUERY_ACCEPTED
controlled-v1/gas_background_and_anchors/05,controlled-v1/gas_background_and_anchors/05,SYNTHETIC_CONTROLLED_V1,controlled,SYNTHETIC,False,HAIRCUT,events,gas_failed,COMPLETED,PROPORTIONAL_FEASIBLE_POINT,,,0,,1,ETH,[],raw_by_asset_no_cross_asset_sum,a4a8085fb856f93d55e8a6bf4725ecaa028628d7645862c80d1c7fc1d91d0c2f,QUERY_ACCEPTED
controlled-v1/gas_background_and_anchors/05,controlled-v1/gas_background_and_anchors/05,SYNTHETIC_CONTROLLED_V1,controlled,SYNTHETIC,False,HAIRCUT,events,a_b,COMPLETED,PROPORTIONAL_FEASIBLE_POINT,,,2,,6,TOK,[],raw_by_asset_no_cross_asset_sum,a4a8085fb856f93d55e8a6bf4725ecaa028628d7645862c80d1c7fc1d91d0c2f,QUERY_ACCEPTED
controlled-v1/gas_background_and_anchors/05,controlled-v1/gas_background_and_anchors/05,SYNTHETIC_CONTROLLED_V1,controlled,SYNTHETIC,False,HAIRCUT,events,b_t,COMPLETED,PROPORTIONAL_FEASIBLE_POINT,,,2,,6,TOK,[],raw_by_asset_no_cross_asset_sum,a4a8085fb856f93d55e8a6bf4725ecaa028628d7645862c80d1c7fc1d91d0c2f,QUERY_ACCEPTED
controlled-v1/gas_background_and_anchors/05,controlled-v1/gas_background_and_anchors/05,SYNTHETIC_CONTROLLED_V1,controlled,SYNTHETIC,False,HAIRCUT,events,a_u,COMPLETED,PROPORTIONAL_FEASIBLE_POINT,,,2,,6,TOK,[],raw_by_asset_no_cross_asset_sum,a4a8085fb856f93d55e8a6bf4725ecaa028628d7645862c80d1c7fc1d91d0c2f,QUERY_ACCEPTED
controlled-v1/gas_background_and_anchors/05,controlled-v1/gas_background_and_anchors/05,SYNTHETIC_CONTROLLED_V1,controlled,SYNTHETIC,False,HAIRCUT,joint_by_asset,TOK,COMPLETED,PROPORTIONAL_FEASIBLE_POINT,,,4,,12,TOK,[],raw_by_asset_no_cross_asset_sum,a4a8085fb856f93d55e8a6bf4725ecaa028628d7645862c80d1c7fc1d91d0c2f,QUERY_ACCEPTED
controlled-v1/gas_background_and_anchors/05,controlled-v1/gas_background_and_anchors/05,SYNTHETIC_CONTROLLED_V1,controlled,SYNTHETIC,False,NO_CROSS_TARGET_COUPLING,addresses,T|TOK,COMPLETED,product_of_target_specific_copies,0,4,,,6,TOK,[],raw_by_asset_no_cross_asset_sum,a4a8085fb856f93d55e8a6bf4725ecaa028628d7645862c80d1c7fc1d91d0c2f,QUERY_ACCEPTED
controlled-v1/gas_background_and_anchors/05,controlled-v1/gas_background_and_anchors/05,SYNTHETIC_CONTROLLED_V1,controlled,SYNTHETIC,False,NO_CROSS_TARGET_COUPLING,addresses,U|TOK,COMPLETED,product_of_target_specific_copies,0,4,,,6,TOK,[],raw_by_asset_no_cross_asset_sum,a4a8085fb856f93d55e8a6bf4725ecaa028628d7645862c80d1c7fc1d91d0c2f,QUERY_ACCEPTED
controlled-v1/gas_background_and_anchors/05,controlled-v1/gas_background_and_anchors/05,SYNTHETIC_CONTROLLED_V1,controlled,SYNTHETIC,False,NO_CROSS_TARGET_COUPLING,events,b_t,COMPLETED,product_of_target_specific_copies,0,4,,,6,TOK,[],raw_by_asset_no_cross_asset_sum,a4a8085fb856f93d55e8a6bf4725ecaa028628d7645862c80d1c7fc1d91d0c2f,QUERY_ACCEPTED
controlled-v1/gas_background_and_anchors/05,controlled-v1/gas_background_and_anchors/05,SYNTHETIC_CONTROLLED_V1,controlled,SYNTHETIC,False,NO_CROSS_TARGET_COUPLING,events,a_u,COMPLETED,product_of_target_specific_copies,0,4,,,6,TOK,[],raw_by_asset_no_cross_asset_sum,a4a8085fb856f93d55e8a6bf4725ecaa028628d7645862c80d1c7fc1d91d0c2f,QUERY_ACCEPTED
controlled-v1/gas_background_and_anchors/05,controlled-v1/gas_background_and_anchors/05,SYNTHETIC_CONTROLLED_V1,controlled,SYNTHETIC,False,NO_CROSS_TARGET_COUPLING,joint_by_asset,TOK,COMPLETED,product_of_target_specific_copies,0,8,,,12,TOK,[],raw_by_asset_no_cross_asset_sum,a4a8085fb856f93d55e8a6bf4725ecaa028628d7645862c80d1c7fc1d91d0c2f,QUERY_ACCEPTED
controlled-v1/gas_background_and_anchors/05,controlled-v1/gas_background_and_anchors/05,SYNTHETIC_CONTROLLED_V1,controlled,SYNTHETIC,False,NO_PROTOCOL_CONTINUATION,addresses,T|TOK,COMPLETED,feasible_interval,0,4,,,6,TOK,[],raw_by_asset_no_cross_asset_sum,a4a8085fb856f93d55e8a6bf4725ecaa028628d7645862c80d1c7fc1d91d0c2f,QUERY_ACCEPTED
controlled-v1/gas_background_and_anchors/05,controlled-v1/gas_background_and_anchors/05,SYNTHETIC_CONTROLLED_V1,controlled,SYNTHETIC,False,NO_PROTOCOL_CONTINUATION,addresses,U|TOK,COMPLETED,feasible_interval,0,4,,,6,TOK,[],raw_by_asset_no_cross_asset_sum,a4a8085fb856f93d55e8a6bf4725ecaa028628d7645862c80d1c7fc1d91d0c2f,QUERY_ACCEPTED
controlled-v1/gas_background_and_anchors/05,controlled-v1/gas_background_and_anchors/05,SYNTHETIC_CONTROLLED_V1,controlled,SYNTHETIC,False,NO_PROTOCOL_CONTINUATION,events,b_t,COMPLETED,feasible_interval,0,4,,,6,TOK,[],raw_by_asset_no_cross_asset_sum,a4a8085fb856f93d55e8a6bf4725ecaa028628d7645862c80d1c7fc1d91d0c2f,QUERY_ACCEPTED
controlled-v1/gas_background_and_anchors/05,controlled-v1/gas_background_and_anchors/05,SYNTHETIC_CONTROLLED_V1,controlled,SYNTHETIC,False,NO_PROTOCOL_CONTINUATION,events,a_u,COMPLETED,feasible_interval,0,4,,,6,TOK,[],raw_by_asset_no_cross_asset_sum,a4a8085fb856f93d55e8a6bf4725ecaa028628d7645862c80d1c7fc1d91d0c2f,QUERY_ACCEPTED
controlled-v1/gas_background_and_anchors/05,controlled-v1/gas_background_and_anchors/05,SYNTHETIC_CONTROLLED_V1,controlled,SYNTHETIC,False,NO_PROTOCOL_CONTINUATION,joint_by_asset,TOK,COMPLETED,feasible_interval,4,4,,,12,TOK,[],raw_by_asset_no_cross_asset_sum,a4a8085fb856f93d55e8a6bf4725ecaa028628d7645862c80d1c7fc1d91d0c2f,QUERY_ACCEPTED
controlled-v1/gas_background_and_anchors/06,controlled-v1/gas_background_and_anchors/06,SYNTHETIC_CONTROLLED_V1,controlled,SYNTHETIC,False,BOUNDED_REACHABILITY,addresses,T|TOK,COMPLETED,ADDRESS_EVENT_SET_NO_AMOUNT,,,,,5,TOK,[],raw_by_asset_no_cross_asset_sum,80b5ee79abcc18de7f52dfed1fd3999736fcfcef3cdde7df4962f8d2a607ad3c,QUERY_ACCEPTED
controlled-v1/gas_background_and_anchors/06,controlled-v1/gas_background_and_anchors/06,SYNTHETIC_CONTROLLED_V1,controlled,SYNTHETIC,False,BOUNDED_REACHABILITY,addresses,U|TOK,COMPLETED,ADDRESS_EVENT_SET_NO_AMOUNT,,,,,6,TOK,[],raw_by_asset_no_cross_asset_sum,80b5ee79abcc18de7f52dfed1fd3999736fcfcef3cdde7df4962f8d2a607ad3c,QUERY_ACCEPTED
controlled-v1/gas_background_and_anchors/06,controlled-v1/gas_background_and_anchors/06,SYNTHETIC_CONTROLLED_V1,controlled,SYNTHETIC,False,BOUNDED_REACHABILITY,events,seed,COMPLETED,ADDRESS_EVENT_SET_NO_AMOUNT,,,,,3,TOK,[],raw_by_asset_no_cross_asset_sum,80b5ee79abcc18de7f52dfed1fd3999736fcfcef3cdde7df4962f8d2a607ad3c,QUERY_ACCEPTED
controlled-v1/gas_background_and_anchors/06,controlled-v1/gas_background_and_anchors/06,SYNTHETIC_CONTROLLED_V1,controlled,SYNTHETIC,False,BOUNDED_REACHABILITY,events,gas_success,COMPLETED,ADDRESS_EVENT_SET_NO_AMOUNT,,,,,1,ETH,[],raw_by_asset_no_cross_asset_sum,80b5ee79abcc18de7f52dfed1fd3999736fcfcef3cdde7df4962f8d2a607ad3c,QUERY_ACCEPTED
controlled-v1/gas_background_and_anchors/06,controlled-v1/gas_background_and_anchors/06,SYNTHETIC_CONTROLLED_V1,controlled,SYNTHETIC,False,BOUNDED_REACHABILITY,events,background_in,COMPLETED,ADDRESS_EVENT_SET_NO_AMOUNT,,,,,1,TOK,[],raw_by_asset_no_cross_asset_sum,80b5ee79abcc18de7f52dfed1fd3999736fcfcef3cdde7df4962f8d2a607ad3c,QUERY_ACCEPTED
controlled-v1/gas_background_and_anchors/06,controlled-v1/gas_background_and_anchors/06,SYNTHETIC_CONTROLLED_V1,controlled,SYNTHETIC,False,BOUNDED_REACHABILITY,events,gas_failed,COMPLETED,ADDRESS_EVENT_SET_NO_AMOUNT,,,,,1,ETH,[],raw_by_asset_no_cross_asset_sum,80b5ee79abcc18de7f52dfed1fd3999736fcfcef3cdde7df4962f8d2a607ad3c,QUERY_ACCEPTED
controlled-v1/gas_background_and_anchors/06,controlled-v1/gas_background_and_anchors/06,SYNTHETIC_CONTROLLED_V1,controlled,SYNTHETIC,False,BOUNDED_REACHABILITY,events,a_b,COMPLETED,ADDRESS_EVENT_SET_NO_AMOUNT,,,,,5,TOK,[],raw_by_asset_no_cross_asset_sum,80b5ee79abcc18de7f52dfed1fd3999736fcfcef3cdde7df4962f8d2a607ad3c,QUERY_ACCEPTED
controlled-v1/gas_background_and_anchors/06,controlled-v1/gas_background_and_anchors/06,SYNTHETIC_CONTROLLED_V1,controlled,SYNTHETIC,False,BOUNDED_REACHABILITY,events,b_t,COMPLETED,ADDRESS_EVENT_SET_NO_AMOUNT,,,,,5,TOK,[],raw_by_asset_no_cross_asset_sum,80b5ee79abcc18de7f52dfed1fd3999736fcfcef3cdde7df4962f8d2a607ad3c,QUERY_ACCEPTED
controlled-v1/gas_background_and_anchors/06,controlled-v1/gas_background_and_anchors/06,SYNTHETIC_CONTROLLED_V1,controlled,SYNTHETIC,False,BOUNDED_REACHABILITY,events,a_u,COMPLETED,ADDRESS_EVENT_SET_NO_AMOUNT,,,,,6,TOK,[],raw_by_asset_no_cross_asset_sum,80b5ee79abcc18de7f52dfed1fd3999736fcfcef3cdde7df4962f8d2a607ad3c,QUERY_ACCEPTED
controlled-v1/gas_background_and_anchors/06,controlled-v1/gas_background_and_anchors/06,SYNTHETIC_CONTROLLED_V1,controlled,SYNTHETIC,False,BOUNDED_REACHABILITY,joint_by_asset,TOK,COMPLETED,ADDRESS_EVENT_SET_NO_AMOUNT,,,,,11,TOK,[],raw_by_asset_no_cross_asset_sum,80b5ee79abcc18de7f52dfed1fd3999736fcfcef3cdde7df4962f8d2a607ad3c,QUERY_ACCEPTED
controlled-v1/gas_background_and_anchors/06,controlled-v1/gas_background_and_anchors/06,SYNTHETIC_CONTROLLED_V1,controlled,SYNTHETIC,False,POISON,addresses,T|TOK,COMPLETED,POISON_NOMINAL_RAW,,,,5,5,TOK,[],raw_by_asset_no_cross_asset_sum,80b5ee79abcc18de7f52dfed1fd3999736fcfcef3cdde7df4962f8d2a607ad3c,QUERY_ACCEPTED
controlled-v1/gas_background_and_anchors/06,controlled-v1/gas_background_and_anchors/06,SYNTHETIC_CONTROLLED_V1,controlled,SYNTHETIC,False,POISON,addresses,U|TOK,COMPLETED,POISON_NOMINAL_RAW,,,,6,6,TOK,[],raw_by_asset_no_cross_asset_sum,80b5ee79abcc18de7f52dfed1fd3999736fcfcef3cdde7df4962f8d2a607ad3c,QUERY_ACCEPTED
controlled-v1/gas_background_and_anchors/06,controlled-v1/gas_background_and_anchors/06,SYNTHETIC_CONTROLLED_V1,controlled,SYNTHETIC,False,POISON,events,seed,COMPLETED,POISON_NOMINAL_RAW,,,,3,3,TOK,[],raw_by_asset_no_cross_asset_sum,80b5ee79abcc18de7f52dfed1fd3999736fcfcef3cdde7df4962f8d2a607ad3c,QUERY_ACCEPTED
controlled-v1/gas_background_and_anchors/06,controlled-v1/gas_background_and_anchors/06,SYNTHETIC_CONTROLLED_V1,controlled,SYNTHETIC,False,POISON,events,gas_success,COMPLETED,POISON_NOMINAL_RAW,,,,0,1,ETH,[],raw_by_asset_no_cross_asset_sum,80b5ee79abcc18de7f52dfed1fd3999736fcfcef3cdde7df4962f8d2a607ad3c,QUERY_ACCEPTED
controlled-v1/gas_background_and_anchors/06,controlled-v1/gas_background_and_anchors/06,SYNTHETIC_CONTROLLED_V1,controlled,SYNTHETIC,False,POISON,events,background_in,COMPLETED,POISON_NOMINAL_RAW,,,,0,1,TOK,[],raw_by_asset_no_cross_asset_sum,80b5ee79abcc18de7f52dfed1fd3999736fcfcef3cdde7df4962f8d2a607ad3c,QUERY_ACCEPTED
controlled-v1/gas_background_and_anchors/06,controlled-v1/gas_background_and_anchors/06,SYNTHETIC_CONTROLLED_V1,controlled,SYNTHETIC,False,POISON,events,gas_failed,COMPLETED,POISON_NOMINAL_RAW,,,,0,1,ETH,[],raw_by_asset_no_cross_asset_sum,80b5ee79abcc18de7f52dfed1fd3999736fcfcef3cdde7df4962f8d2a607ad3c,QUERY_ACCEPTED
controlled-v1/gas_background_and_anchors/06,controlled-v1/gas_background_and_anchors/06,SYNTHETIC_CONTROLLED_V1,controlled,SYNTHETIC,False,POISON,events,a_b,COMPLETED,POISON_NOMINAL_RAW,,,,5,5,TOK,[],raw_by_asset_no_cross_asset_sum,80b5ee79abcc18de7f52dfed1fd3999736fcfcef3cdde7df4962f8d2a607ad3c,QUERY_ACCEPTED
controlled-v1/gas_background_and_anchors/06,controlled-v1/gas_background_and_anchors/06,SYNTHETIC_CONTROLLED_V1,controlled,SYNTHETIC,False,POISON,events,b_t,COMPLETED,POISON_NOMINAL_RAW,,,,5,5,TOK,[],raw_by_asset_no_cross_asset_sum,80b5ee79abcc18de7f52dfed1fd3999736fcfcef3cdde7df4962f8d2a607ad3c,QUERY_ACCEPTED
controlled-v1/gas_background_and_anchors/06,controlled-v1/gas_background_and_anchors/06,SYNTHETIC_CONTROLLED_V1,controlled,SYNTHETIC,False,POISON,events,a_u,COMPLETED,POISON_NOMINAL_RAW,,,,6,6,TOK,[],raw_by_asset_no_cross_asset_sum,80b5ee79abcc18de7f52dfed1fd3999736fcfcef3cdde7df4962f8d2a607ad3c,QUERY_ACCEPTED
controlled-v1/gas_background_and_anchors/06,controlled-v1/gas_background_and_anchors/06,SYNTHETIC_CONTROLLED_V1,controlled,SYNTHETIC,False,POISON,joint_by_asset,TOK,COMPLETED,POISON_NOMINAL_RAW,,,,11,11,TOK,[],raw_by_asset_no_cross_asset_sum,80b5ee79abcc18de7f52dfed1fd3999736fcfcef3cdde7df4962f8d2a607ad3c,QUERY_ACCEPTED
controlled-v1/gas_background_and_anchors/06,controlled-v1/gas_background_and_anchors/06,SYNTHETIC_CONTROLLED_V1,controlled,SYNTHETIC,False,HAIRCUT,addresses,T|TOK,COMPLETED,PROPORTIONAL_FEASIBLE_POINT,,,15/11,,5,TOK,[],raw_by_asset_no_cross_asset_sum,80b5ee79abcc18de7f52dfed1fd3999736fcfcef3cdde7df4962f8d2a607ad3c,QUERY_ACCEPTED
controlled-v1/gas_background_and_anchors/06,controlled-v1/gas_background_and_anchors/06,SYNTHETIC_CONTROLLED_V1,controlled,SYNTHETIC,False,HAIRCUT,addresses,U|TOK,COMPLETED,PROPORTIONAL_FEASIBLE_POINT,,,18/11,,6,TOK,[],raw_by_asset_no_cross_asset_sum,80b5ee79abcc18de7f52dfed1fd3999736fcfcef3cdde7df4962f8d2a607ad3c,QUERY_ACCEPTED
controlled-v1/gas_background_and_anchors/06,controlled-v1/gas_background_and_anchors/06,SYNTHETIC_CONTROLLED_V1,controlled,SYNTHETIC,False,HAIRCUT,events,seed,COMPLETED,PROPORTIONAL_FEASIBLE_POINT,,,3,,3,TOK,[],raw_by_asset_no_cross_asset_sum,80b5ee79abcc18de7f52dfed1fd3999736fcfcef3cdde7df4962f8d2a607ad3c,QUERY_ACCEPTED
controlled-v1/gas_background_and_anchors/06,controlled-v1/gas_background_and_anchors/06,SYNTHETIC_CONTROLLED_V1,controlled,SYNTHETIC,False,HAIRCUT,events,gas_success,COMPLETED,PROPORTIONAL_FEASIBLE_POINT,,,0,,1,ETH,[],raw_by_asset_no_cross_asset_sum,80b5ee79abcc18de7f52dfed1fd3999736fcfcef3cdde7df4962f8d2a607ad3c,QUERY_ACCEPTED
controlled-v1/gas_background_and_anchors/06,controlled-v1/gas_background_and_anchors/06,SYNTHETIC_CONTROLLED_V1,controlled,SYNTHETIC,False,HAIRCUT,events,background_in,COMPLETED,PROPORTIONAL_FEASIBLE_POINT,,,0,,1,TOK,[],raw_by_asset_no_cross_asset_sum,80b5ee79abcc18de7f52dfed1fd3999736fcfcef3cdde7df4962f8d2a607ad3c,QUERY_ACCEPTED
controlled-v1/gas_background_and_anchors/06,controlled-v1/gas_background_and_anchors/06,SYNTHETIC_CONTROLLED_V1,controlled,SYNTHETIC,False,HAIRCUT,events,gas_failed,COMPLETED,PROPORTIONAL_FEASIBLE_POINT,,,0,,1,ETH,[],raw_by_asset_no_cross_asset_sum,80b5ee79abcc18de7f52dfed1fd3999736fcfcef3cdde7df4962f8d2a607ad3c,QUERY_ACCEPTED
controlled-v1/gas_background_and_anchors/06,controlled-v1/gas_background_and_anchors/06,SYNTHETIC_CONTROLLED_V1,controlled,SYNTHETIC,False,HAIRCUT,events,a_b,COMPLETED,PROPORTIONAL_FEASIBLE_POINT,,,15/11,,5,TOK,[],raw_by_asset_no_cross_asset_sum,80b5ee79abcc18de7f52dfed1fd3999736fcfcef3cdde7df4962f8d2a607ad3c,QUERY_ACCEPTED
controlled-v1/gas_background_and_anchors/06,controlled-v1/gas_background_and_anchors/06,SYNTHETIC_CONTROLLED_V1,controlled,SYNTHETIC,False,HAIRCUT,events,b_t,COMPLETED,PROPORTIONAL_FEASIBLE_POINT,,,15/11,,5,TOK,[],raw_by_asset_no_cross_asset_sum,80b5ee79abcc18de7f52dfed1fd3999736fcfcef3cdde7df4962f8d2a607ad3c,QUERY_ACCEPTED
controlled-v1/gas_background_and_anchors/06,controlled-v1/gas_background_and_anchors/06,SYNTHETIC_CONTROLLED_V1,controlled,SYNTHETIC,False,HAIRCUT,events,a_u,COMPLETED,PROPORTIONAL_FEASIBLE_POINT,,,18/11,,6,TOK,[],raw_by_asset_no_cross_asset_sum,80b5ee79abcc18de7f52dfed1fd3999736fcfcef3cdde7df4962f8d2a607ad3c,QUERY_ACCEPTED
controlled-v1/gas_background_and_anchors/06,controlled-v1/gas_background_and_anchors/06,SYNTHETIC_CONTROLLED_V1,controlled,SYNTHETIC,False,HAIRCUT,joint_by_asset,TOK,COMPLETED,PROPORTIONAL_FEASIBLE_POINT,,,3,,11,TOK,[],raw_by_asset_no_cross_asset_sum,80b5ee79abcc18de7f52dfed1fd3999736fcfcef3cdde7df4962f8d2a607ad3c,QUERY_ACCEPTED
controlled-v1/gas_background_and_anchors/06,controlled-v1/gas_background_and_anchors/06,SYNTHETIC_CONTROLLED_V1,controlled,SYNTHETIC,False,NO_CROSS_TARGET_COUPLING,addresses,T|TOK,COMPLETED,product_of_target_specific_copies,0,3,,,5,TOK,[],raw_by_asset_no_cross_asset_sum,80b5ee79abcc18de7f52dfed1fd3999736fcfcef3cdde7df4962f8d2a607ad3c,QUERY_ACCEPTED
controlled-v1/gas_background_and_anchors/06,controlled-v1/gas_background_and_anchors/06,SYNTHETIC_CONTROLLED_V1,controlled,SYNTHETIC,False,NO_CROSS_TARGET_COUPLING,addresses,U|TOK,COMPLETED,product_of_target_specific_copies,0,3,,,6,TOK,[],raw_by_asset_no_cross_asset_sum,80b5ee79abcc18de7f52dfed1fd3999736fcfcef3cdde7df4962f8d2a607ad3c,QUERY_ACCEPTED
controlled-v1/gas_background_and_anchors/06,controlled-v1/gas_background_and_anchors/06,SYNTHETIC_CONTROLLED_V1,controlled,SYNTHETIC,False,NO_CROSS_TARGET_COUPLING,events,b_t,COMPLETED,product_of_target_specific_copies,0,3,,,5,TOK,[],raw_by_asset_no_cross_asset_sum,80b5ee79abcc18de7f52dfed1fd3999736fcfcef3cdde7df4962f8d2a607ad3c,QUERY_ACCEPTED
controlled-v1/gas_background_and_anchors/06,controlled-v1/gas_background_and_anchors/06,SYNTHETIC_CONTROLLED_V1,controlled,SYNTHETIC,False,NO_CROSS_TARGET_COUPLING,events,a_u,COMPLETED,product_of_target_specific_copies,0,3,,,6,TOK,[],raw_by_asset_no_cross_asset_sum,80b5ee79abcc18de7f52dfed1fd3999736fcfcef3cdde7df4962f8d2a607ad3c,QUERY_ACCEPTED
controlled-v1/gas_background_and_anchors/06,controlled-v1/gas_background_and_anchors/06,SYNTHETIC_CONTROLLED_V1,controlled,SYNTHETIC,False,NO_CROSS_TARGET_COUPLING,joint_by_asset,TOK,COMPLETED,product_of_target_specific_copies,0,6,,,11,TOK,[],raw_by_asset_no_cross_asset_sum,80b5ee79abcc18de7f52dfed1fd3999736fcfcef3cdde7df4962f8d2a607ad3c,QUERY_ACCEPTED
controlled-v1/gas_background_and_anchors/06,controlled-v1/gas_background_and_anchors/06,SYNTHETIC_CONTROLLED_V1,controlled,SYNTHETIC,False,NO_PROTOCOL_CONTINUATION,addresses,T|TOK,COMPLETED,feasible_interval,0,3,,,5,TOK,[],raw_by_asset_no_cross_asset_sum,80b5ee79abcc18de7f52dfed1fd3999736fcfcef3cdde7df4962f8d2a607ad3c,QUERY_ACCEPTED
controlled-v1/gas_background_and_anchors/06,controlled-v1/gas_background_and_anchors/06,SYNTHETIC_CONTROLLED_V1,controlled,SYNTHETIC,False,NO_PROTOCOL_CONTINUATION,addresses,U|TOK,COMPLETED,feasible_interval,0,3,,,6,TOK,[],raw_by_asset_no_cross_asset_sum,80b5ee79abcc18de7f52dfed1fd3999736fcfcef3cdde7df4962f8d2a607ad3c,QUERY_ACCEPTED
controlled-v1/gas_background_and_anchors/06,controlled-v1/gas_background_and_anchors/06,SYNTHETIC_CONTROLLED_V1,controlled,SYNTHETIC,False,NO_PROTOCOL_CONTINUATION,events,b_t,COMPLETED,feasible_interval,0,3,,,5,TOK,[],raw_by_asset_no_cross_asset_sum,80b5ee79abcc18de7f52dfed1fd3999736fcfcef3cdde7df4962f8d2a607ad3c,QUERY_ACCEPTED
controlled-v1/gas_background_and_anchors/06,controlled-v1/gas_background_and_anchors/06,SYNTHETIC_CONTROLLED_V1,controlled,SYNTHETIC,False,NO_PROTOCOL_CONTINUATION,events,a_u,COMPLETED,feasible_interval,0,3,,,6,TOK,[],raw_by_asset_no_cross_asset_sum,80b5ee79abcc18de7f52dfed1fd3999736fcfcef3cdde7df4962f8d2a607ad3c,QUERY_ACCEPTED
controlled-v1/gas_background_and_anchors/06,controlled-v1/gas_background_and_anchors/06,SYNTHETIC_CONTROLLED_V1,controlled,SYNTHETIC,False,NO_PROTOCOL_CONTINUATION,joint_by_asset,TOK,COMPLETED,feasible_interval,3,3,,,11,TOK,[],raw_by_asset_no_cross_asset_sum,80b5ee79abcc18de7f52dfed1fd3999736fcfcef3cdde7df4962f8d2a607ad3c,QUERY_ACCEPTED
controlled-v1/gas_background_and_anchors/06,controlled-v1/gas_background_and_anchors/06,SYNTHETIC_CONTROLLED_V1,controlled,SYNTHETIC,False,BALANCE_INFORMATION_REMOVED,addresses,T|TOK,COMPLETED,feasible_interval,0,3,,,5,TOK,[],raw_by_asset_no_cross_asset_sum,80b5ee79abcc18de7f52dfed1fd3999736fcfcef3cdde7df4962f8d2a607ad3c,QUERY_ACCEPTED
controlled-v1/gas_background_and_anchors/06,controlled-v1/gas_background_and_anchors/06,SYNTHETIC_CONTROLLED_V1,controlled,SYNTHETIC,False,BALANCE_INFORMATION_REMOVED,addresses,U|TOK,COMPLETED,feasible_interval,0,3,,,6,TOK,[],raw_by_asset_no_cross_asset_sum,80b5ee79abcc18de7f52dfed1fd3999736fcfcef3cdde7df4962f8d2a607ad3c,QUERY_ACCEPTED
controlled-v1/gas_background_and_anchors/06,controlled-v1/gas_background_and_anchors/06,SYNTHETIC_CONTROLLED_V1,controlled,SYNTHETIC,False,BALANCE_INFORMATION_REMOVED,events,b_t,COMPLETED,feasible_interval,0,3,,,5,TOK,[],raw_by_asset_no_cross_asset_sum,80b5ee79abcc18de7f52dfed1fd3999736fcfcef3cdde7df4962f8d2a607ad3c,QUERY_ACCEPTED
controlled-v1/gas_background_and_anchors/06,controlled-v1/gas_background_and_anchors/06,SYNTHETIC_CONTROLLED_V1,controlled,SYNTHETIC,False,BALANCE_INFORMATION_REMOVED,events,a_u,COMPLETED,feasible_interval,0,3,,,6,TOK,[],raw_by_asset_no_cross_asset_sum,80b5ee79abcc18de7f52dfed1fd3999736fcfcef3cdde7df4962f8d2a607ad3c,QUERY_ACCEPTED
controlled-v1/gas_background_and_anchors/06,controlled-v1/gas_background_and_anchors/06,SYNTHETIC_CONTROLLED_V1,controlled,SYNTHETIC,False,BALANCE_INFORMATION_REMOVED,joint_by_asset,TOK,COMPLETED,feasible_interval,0,3,,,11,TOK,[],raw_by_asset_no_cross_asset_sum,80b5ee79abcc18de7f52dfed1fd3999736fcfcef3cdde7df4962f8d2a607ad3c,QUERY_ACCEPTED
controlled-v1/gas_background_and_anchors/06,controlled-v1/gas_background_and_anchors/06,SYNTHETIC_CONTROLLED_V1,controlled,SYNTHETIC,False,FULL_INTERVAL,addresses,T|TOK,COMPLETED,feasible_interval,0,3,,,5,TOK,[],raw_by_asset_no_cross_asset_sum,80b5ee79abcc18de7f52dfed1fd3999736fcfcef3cdde7df4962f8d2a607ad3c,QUERY_ACCEPTED
controlled-v1/gas_background_and_anchors/06,controlled-v1/gas_background_and_anchors/06,SYNTHETIC_CONTROLLED_V1,controlled,SYNTHETIC,False,FULL_INTERVAL,addresses,U|TOK,COMPLETED,feasible_interval,0,3,,,6,TOK,[],raw_by_asset_no_cross_asset_sum,80b5ee79abcc18de7f52dfed1fd3999736fcfcef3cdde7df4962f8d2a607ad3c,QUERY_ACCEPTED
controlled-v1/gas_background_and_anchors/06,controlled-v1/gas_background_and_anchors/06,SYNTHETIC_CONTROLLED_V1,controlled,SYNTHETIC,False,FULL_INTERVAL,events,b_t,COMPLETED,feasible_interval,0,3,,,5,TOK,[],raw_by_asset_no_cross_asset_sum,80b5ee79abcc18de7f52dfed1fd3999736fcfcef3cdde7df4962f8d2a607ad3c,QUERY_ACCEPTED
controlled-v1/gas_background_and_anchors/06,controlled-v1/gas_background_and_anchors/06,SYNTHETIC_CONTROLLED_V1,controlled,SYNTHETIC,False,FULL_INTERVAL,events,a_u,COMPLETED,feasible_interval,0,3,,,6,TOK,[],raw_by_asset_no_cross_asset_sum,80b5ee79abcc18de7f52dfed1fd3999736fcfcef3cdde7df4962f8d2a607ad3c,QUERY_ACCEPTED
controlled-v1/gas_background_and_anchors/06,controlled-v1/gas_background_and_anchors/06,SYNTHETIC_CONTROLLED_V1,controlled,SYNTHETIC,False,FULL_INTERVAL,joint_by_asset,TOK,COMPLETED,feasible_interval,3,3,,,11,TOK,[],raw_by_asset_no_cross_asset_sum,80b5ee79abcc18de7f52dfed1fd3999736fcfcef3cdde7df4962f8d2a607ad3c,QUERY_ACCEPTED
controlled-v1/gas_background_and_anchors/07,controlled-v1/gas_background_and_anchors/07,SYNTHETIC_CONTROLLED_V1,controlled,SYNTHETIC,False,HAIRCUT,addresses,T|TOK,COMPLETED,PROPORTIONAL_FEASIBLE_POINT,,,4,,7,TOK,[],raw_by_asset_no_cross_asset_sum,2f7c369da3ead744629b256c9a53c6becacc009458d0c08cdab47406137a4626,QUERY_ACCEPTED
controlled-v1/gas_background_and_anchors/07,controlled-v1/gas_background_and_anchors/07,SYNTHETIC_CONTROLLED_V1,controlled,SYNTHETIC,False,HAIRCUT,addresses,U|TOK,COMPLETED,PROPORTIONAL_FEASIBLE_POINT,,,4,,7,TOK,[],raw_by_asset_no_cross_asset_sum,2f7c369da3ead744629b256c9a53c6becacc009458d0c08cdab47406137a4626,QUERY_ACCEPTED
controlled-v1/gas_background_and_anchors/07,controlled-v1/gas_background_and_anchors/07,SYNTHETIC_CONTROLLED_V1,controlled,SYNTHETIC,False,HAIRCUT,events,seed,COMPLETED,PROPORTIONAL_FEASIBLE_POINT,,,8,,8,TOK,[],raw_by_asset_no_cross_asset_sum,2f7c369da3ead744629b256c9a53c6becacc009458d0c08cdab47406137a4626,QUERY_ACCEPTED
controlled-v1/gas_background_and_anchors/07,controlled-v1/gas_background_and_anchors/07,SYNTHETIC_CONTROLLED_V1,controlled,SYNTHETIC,False,HAIRCUT,events,gas_success,COMPLETED,PROPORTIONAL_FEASIBLE_POINT,,,0,,1,ETH,[],raw_by_asset_no_cross_asset_sum,2f7c369da3ead744629b256c9a53c6becacc009458d0c08cdab47406137a4626,QUERY_ACCEPTED
controlled-v1/gas_background_and_anchors/07,controlled-v1/gas_background_and_anchors/07,SYNTHETIC_CONTROLLED_V1,controlled,SYNTHETIC,False,HAIRCUT,events,background_in,COMPLETED,PROPORTIONAL_FEASIBLE_POINT,,,0,,1,TOK,[],raw_by_asset_no_cross_asset_sum,2f7c369da3ead744629b256c9a53c6becacc009458d0c08cdab47406137a4626,QUERY_ACCEPTED
controlled-v1/gas_background_and_anchors/07,controlled-v1/gas_background_and_anchors/07,SYNTHETIC_CONTROLLED_V1,controlled,SYNTHETIC,False,HAIRCUT,events,gas_failed,COMPLETED,PROPORTIONAL_FEASIBLE_POINT,,,0,,1,ETH,[],raw_by_asset_no_cross_asset_sum,2f7c369da3ead744629b256c9a53c6becacc009458d0c08cdab47406137a4626,QUERY_ACCEPTED
controlled-v1/gas_background_and_anchors/07,controlled-v1/gas_background_and_anchors/07,SYNTHETIC_CONTROLLED_V1,controlled,SYNTHETIC,False,HAIRCUT,events,a_b,COMPLETED,PROPORTIONAL_FEASIBLE_POINT,,,4,,7,TOK,[],raw_by_asset_no_cross_asset_sum,2f7c369da3ead744629b256c9a53c6becacc009458d0c08cdab47406137a4626,QUERY_ACCEPTED
controlled-v1/gas_background_and_anchors/07,controlled-v1/gas_background_and_anchors/07,SYNTHETIC_CONTROLLED_V1,controlled,SYNTHETIC,False,HAIRCUT,events,b_t,COMPLETED,PROPORTIONAL_FEASIBLE_POINT,,,4,,7,TOK,[],raw_by_asset_no_cross_asset_sum,2f7c369da3ead744629b256c9a53c6becacc009458d0c08cdab47406137a4626,QUERY_ACCEPTED
controlled-v1/gas_background_and_anchors/07,controlled-v1/gas_background_and_anchors/07,SYNTHETIC_CONTROLLED_V1,controlled,SYNTHETIC,False,HAIRCUT,events,a_u,COMPLETED,PROPORTIONAL_FEASIBLE_POINT,,,4,,7,TOK,[],raw_by_asset_no_cross_asset_sum,2f7c369da3ead744629b256c9a53c6becacc009458d0c08cdab47406137a4626,QUERY_ACCEPTED
controlled-v1/gas_background_and_anchors/07,controlled-v1/gas_background_and_anchors/07,SYNTHETIC_CONTROLLED_V1,controlled,SYNTHETIC,False,HAIRCUT,joint_by_asset,TOK,COMPLETED,PROPORTIONAL_FEASIBLE_POINT,,,8,,14,TOK,[],raw_by_asset_no_cross_asset_sum,2f7c369da3ead744629b256c9a53c6becacc009458d0c08cdab47406137a4626,QUERY_ACCEPTED
controlled-v1/gas_background_and_anchors/07,controlled-v1/gas_background_and_anchors/07,SYNTHETIC_CONTROLLED_V1,controlled,SYNTHETIC,False,NO_CROSS_TARGET_COUPLING,addresses,T|TOK,COMPLETED,product_of_target_specific_copies,1,7,,,7,TOK,[],raw_by_asset_no_cross_asset_sum,2f7c369da3ead744629b256c9a53c6becacc009458d0c08cdab47406137a4626,QUERY_ACCEPTED
controlled-v1/gas_background_and_anchors/07,controlled-v1/gas_background_and_anchors/07,SYNTHETIC_CONTROLLED_V1,controlled,SYNTHETIC,False,NO_CROSS_TARGET_COUPLING,addresses,U|TOK,COMPLETED,product_of_target_specific_copies,1,7,,,7,TOK,[],raw_by_asset_no_cross_asset_sum,2f7c369da3ead744629b256c9a53c6becacc009458d0c08cdab47406137a4626,QUERY_ACCEPTED
controlled-v1/gas_background_and_anchors/07,controlled-v1/gas_background_and_anchors/07,SYNTHETIC_CONTROLLED_V1,controlled,SYNTHETIC,False,NO_CROSS_TARGET_COUPLING,events,b_t,COMPLETED,product_of_target_specific_copies,1,7,,,7,TOK,[],raw_by_asset_no_cross_asset_sum,2f7c369da3ead744629b256c9a53c6becacc009458d0c08cdab47406137a4626,QUERY_ACCEPTED
controlled-v1/gas_background_and_anchors/07,controlled-v1/gas_background_and_anchors/07,SYNTHETIC_CONTROLLED_V1,controlled,SYNTHETIC,False,NO_CROSS_TARGET_COUPLING,events,a_u,COMPLETED,product_of_target_specific_copies,1,7,,,7,TOK,[],raw_by_asset_no_cross_asset_sum,2f7c369da3ead744629b256c9a53c6becacc009458d0c08cdab47406137a4626,QUERY_ACCEPTED
controlled-v1/gas_background_and_anchors/07,controlled-v1/gas_background_and_anchors/07,SYNTHETIC_CONTROLLED_V1,controlled,SYNTHETIC,False,NO_CROSS_TARGET_COUPLING,joint_by_asset,TOK,COMPLETED,product_of_target_specific_copies,2,14,,,14,TOK,[],raw_by_asset_no_cross_asset_sum,2f7c369da3ead744629b256c9a53c6becacc009458d0c08cdab47406137a4626,QUERY_ACCEPTED
controlled-v1/gas_background_and_anchors/07,controlled-v1/gas_background_and_anchors/07,SYNTHETIC_CONTROLLED_V1,controlled,SYNTHETIC,False,NO_PROTOCOL_CONTINUATION,addresses,T|TOK,COMPLETED,feasible_interval,1,7,,,7,TOK,[],raw_by_asset_no_cross_asset_sum,2f7c369da3ead744629b256c9a53c6becacc009458d0c08cdab47406137a4626,QUERY_ACCEPTED
controlled-v1/gas_background_and_anchors/07,controlled-v1/gas_background_and_anchors/07,SYNTHETIC_CONTROLLED_V1,controlled,SYNTHETIC,False,NO_PROTOCOL_CONTINUATION,addresses,U|TOK,COMPLETED,feasible_interval,1,7,,,7,TOK,[],raw_by_asset_no_cross_asset_sum,2f7c369da3ead744629b256c9a53c6becacc009458d0c08cdab47406137a4626,QUERY_ACCEPTED
controlled-v1/gas_background_and_anchors/07,controlled-v1/gas_background_and_anchors/07,SYNTHETIC_CONTROLLED_V1,controlled,SYNTHETIC,False,NO_PROTOCOL_CONTINUATION,events,b_t,COMPLETED,feasible_interval,1,7,,,7,TOK,[],raw_by_asset_no_cross_asset_sum,2f7c369da3ead744629b256c9a53c6becacc009458d0c08cdab47406137a4626,QUERY_ACCEPTED
controlled-v1/gas_background_and_anchors/07,controlled-v1/gas_background_and_anchors/07,SYNTHETIC_CONTROLLED_V1,controlled,SYNTHETIC,False,NO_PROTOCOL_CONTINUATION,events,a_u,COMPLETED,feasible_interval,1,7,,,7,TOK,[],raw_by_asset_no_cross_asset_sum,2f7c369da3ead744629b256c9a53c6becacc009458d0c08cdab47406137a4626,QUERY_ACCEPTED
controlled-v1/gas_background_and_anchors/07,controlled-v1/gas_background_and_anchors/07,SYNTHETIC_CONTROLLED_V1,controlled,SYNTHETIC,False,NO_PROTOCOL_CONTINUATION,joint_by_asset,TOK,COMPLETED,feasible_interval,8,8,,,14,TOK,[],raw_by_asset_no_cross_asset_sum,2f7c369da3ead744629b256c9a53c6becacc009458d0c08cdab47406137a4626,QUERY_ACCEPTED
controlled-v1/gas_background_and_anchors/07,controlled-v1/gas_background_and_anchors/07,SYNTHETIC_CONTROLLED_V1,controlled,SYNTHETIC,False,BALANCE_INFORMATION_REMOVED,addresses,T|TOK,COMPLETED,feasible_interval,0,7,,,7,TOK,[],raw_by_asset_no_cross_asset_sum,2f7c369da3ead744629b256c9a53c6becacc009458d0c08cdab47406137a4626,QUERY_ACCEPTED
controlled-v1/gas_background_and_anchors/07,controlled-v1/gas_background_and_anchors/07,SYNTHETIC_CONTROLLED_V1,controlled,SYNTHETIC,False,BALANCE_INFORMATION_REMOVED,addresses,U|TOK,COMPLETED,feasible_interval,0,7,,,7,TOK,[],raw_by_asset_no_cross_asset_sum,2f7c369da3ead744629b256c9a53c6becacc009458d0c08cdab47406137a4626,QUERY_ACCEPTED
controlled-v1/gas_background_and_anchors/07,controlled-v1/gas_background_and_anchors/07,SYNTHETIC_CONTROLLED_V1,controlled,SYNTHETIC,False,BALANCE_INFORMATION_REMOVED,events,b_t,COMPLETED,feasible_interval,0,7,,,7,TOK,[],raw_by_asset_no_cross_asset_sum,2f7c369da3ead744629b256c9a53c6becacc009458d0c08cdab47406137a4626,QUERY_ACCEPTED
controlled-v1/gas_background_and_anchors/07,controlled-v1/gas_background_and_anchors/07,SYNTHETIC_CONTROLLED_V1,controlled,SYNTHETIC,False,BALANCE_INFORMATION_REMOVED,events,a_u,COMPLETED,feasible_interval,0,7,,,7,TOK,[],raw_by_asset_no_cross_asset_sum,2f7c369da3ead744629b256c9a53c6becacc009458d0c08cdab47406137a4626,QUERY_ACCEPTED
controlled-v1/gas_background_and_anchors/07,controlled-v1/gas_background_and_anchors/07,SYNTHETIC_CONTROLLED_V1,controlled,SYNTHETIC,False,BALANCE_INFORMATION_REMOVED,joint_by_asset,TOK,COMPLETED,feasible_interval,0,8,,,14,TOK,[],raw_by_asset_no_cross_asset_sum,2f7c369da3ead744629b256c9a53c6becacc009458d0c08cdab47406137a4626,QUERY_ACCEPTED
controlled-v1/gas_background_and_anchors/07,controlled-v1/gas_background_and_anchors/07,SYNTHETIC_CONTROLLED_V1,controlled,SYNTHETIC,False,FULL_INTERVAL,addresses,T|TOK,COMPLETED,feasible_interval,1,7,,,7,TOK,[],raw_by_asset_no_cross_asset_sum,2f7c369da3ead744629b256c9a53c6becacc009458d0c08cdab47406137a4626,QUERY_ACCEPTED
controlled-v1/gas_background_and_anchors/07,controlled-v1/gas_background_and_anchors/07,SYNTHETIC_CONTROLLED_V1,controlled,SYNTHETIC,False,FULL_INTERVAL,addresses,U|TOK,COMPLETED,feasible_interval,1,7,,,7,TOK,[],raw_by_asset_no_cross_asset_sum,2f7c369da3ead744629b256c9a53c6becacc009458d0c08cdab47406137a4626,QUERY_ACCEPTED
controlled-v1/gas_background_and_anchors/07,controlled-v1/gas_background_and_anchors/07,SYNTHETIC_CONTROLLED_V1,controlled,SYNTHETIC,False,FULL_INTERVAL,events,b_t,COMPLETED,feasible_interval,1,7,,,7,TOK,[],raw_by_asset_no_cross_asset_sum,2f7c369da3ead744629b256c9a53c6becacc009458d0c08cdab47406137a4626,QUERY_ACCEPTED
controlled-v1/gas_background_and_anchors/07,controlled-v1/gas_background_and_anchors/07,SYNTHETIC_CONTROLLED_V1,controlled,SYNTHETIC,False,FULL_INTERVAL,events,a_u,COMPLETED,feasible_interval,1,7,,,7,TOK,[],raw_by_asset_no_cross_asset_sum,2f7c369da3ead744629b256c9a53c6becacc009458d0c08cdab47406137a4626,QUERY_ACCEPTED
controlled-v1/gas_background_and_anchors/07,controlled-v1/gas_background_and_anchors/07,SYNTHETIC_CONTROLLED_V1,controlled,SYNTHETIC,False,FULL_INTERVAL,joint_by_asset,TOK,COMPLETED,feasible_interval,8,8,,,14,TOK,[],raw_by_asset_no_cross_asset_sum,2f7c369da3ead744629b256c9a53c6becacc009458d0c08cdab47406137a4626,QUERY_ACCEPTED
controlled-v1/gas_background_and_anchors/07,controlled-v1/gas_background_and_anchors/07,SYNTHETIC_CONTROLLED_V1,controlled,SYNTHETIC,False,BOUNDED_REACHABILITY,addresses,T|TOK,COMPLETED,ADDRESS_EVENT_SET_NO_AMOUNT,,,,,7,TOK,[],raw_by_asset_no_cross_asset_sum,2f7c369da3ead744629b256c9a53c6becacc009458d0c08cdab47406137a4626,QUERY_ACCEPTED
controlled-v1/gas_background_and_anchors/07,controlled-v1/gas_background_and_anchors/07,SYNTHETIC_CONTROLLED_V1,controlled,SYNTHETIC,False,BOUNDED_REACHABILITY,addresses,U|TOK,COMPLETED,ADDRESS_EVENT_SET_NO_AMOUNT,,,,,7,TOK,[],raw_by_asset_no_cross_asset_sum,2f7c369da3ead744629b256c9a53c6becacc009458d0c08cdab47406137a4626,QUERY_ACCEPTED
controlled-v1/gas_background_and_anchors/07,controlled-v1/gas_background_and_anchors/07,SYNTHETIC_CONTROLLED_V1,controlled,SYNTHETIC,False,BOUNDED_REACHABILITY,events,seed,COMPLETED,ADDRESS_EVENT_SET_NO_AMOUNT,,,,,8,TOK,[],raw_by_asset_no_cross_asset_sum,2f7c369da3ead744629b256c9a53c6becacc009458d0c08cdab47406137a4626,QUERY_ACCEPTED
controlled-v1/gas_background_and_anchors/07,controlled-v1/gas_background_and_anchors/07,SYNTHETIC_CONTROLLED_V1,controlled,SYNTHETIC,False,BOUNDED_REACHABILITY,events,gas_success,COMPLETED,ADDRESS_EVENT_SET_NO_AMOUNT,,,,,1,ETH,[],raw_by_asset_no_cross_asset_sum,2f7c369da3ead744629b256c9a53c6becacc009458d0c08cdab47406137a4626,QUERY_ACCEPTED
controlled-v1/gas_background_and_anchors/07,controlled-v1/gas_background_and_anchors/07,SYNTHETIC_CONTROLLED_V1,controlled,SYNTHETIC,False,BOUNDED_REACHABILITY,events,background_in,COMPLETED,ADDRESS_EVENT_SET_NO_AMOUNT,,,,,1,TOK,[],raw_by_asset_no_cross_asset_sum,2f7c369da3ead744629b256c9a53c6becacc009458d0c08cdab47406137a4626,QUERY_ACCEPTED
controlled-v1/gas_background_and_anchors/07,controlled-v1/gas_background_and_anchors/07,SYNTHETIC_CONTROLLED_V1,controlled,SYNTHETIC,False,BOUNDED_REACHABILITY,events,gas_failed,COMPLETED,ADDRESS_EVENT_SET_NO_AMOUNT,,,,,1,ETH,[],raw_by_asset_no_cross_asset_sum,2f7c369da3ead744629b256c9a53c6becacc009458d0c08cdab47406137a4626,QUERY_ACCEPTED
controlled-v1/gas_background_and_anchors/07,controlled-v1/gas_background_and_anchors/07,SYNTHETIC_CONTROLLED_V1,controlled,SYNTHETIC,False,BOUNDED_REACHABILITY,events,a_b,COMPLETED,ADDRESS_EVENT_SET_NO_AMOUNT,,,,,7,TOK,[],raw_by_asset_no_cross_asset_sum,2f7c369da3ead744629b256c9a53c6becacc009458d0c08cdab47406137a4626,QUERY_ACCEPTED
controlled-v1/gas_background_and_anchors/07,controlled-v1/gas_background_and_anchors/07,SYNTHETIC_CONTROLLED_V1,controlled,SYNTHETIC,False,BOUNDED_REACHABILITY,events,b_t,COMPLETED,ADDRESS_EVENT_SET_NO_AMOUNT,,,,,7,TOK,[],raw_by_asset_no_cross_asset_sum,2f7c369da3ead744629b256c9a53c6becacc009458d0c08cdab47406137a4626,QUERY_ACCEPTED
controlled-v1/gas_background_and_anchors/07,controlled-v1/gas_background_and_anchors/07,SYNTHETIC_CONTROLLED_V1,controlled,SYNTHETIC,False,BOUNDED_REACHABILITY,events,a_u,COMPLETED,ADDRESS_EVENT_SET_NO_AMOUNT,,,,,7,TOK,[],raw_by_asset_no_cross_asset_sum,2f7c369da3ead744629b256c9a53c6becacc009458d0c08cdab47406137a4626,QUERY_ACCEPTED
controlled-v1/gas_background_and_anchors/07,controlled-v1/gas_background_and_anchors/07,SYNTHETIC_CONTROLLED_V1,controlled,SYNTHETIC,False,BOUNDED_REACHABILITY,joint_by_asset,TOK,COMPLETED,ADDRESS_EVENT_SET_NO_AMOUNT,,,,,14,TOK,[],raw_by_asset_no_cross_asset_sum,2f7c369da3ead744629b256c9a53c6becacc009458d0c08cdab47406137a4626,QUERY_ACCEPTED
controlled-v1/gas_background_and_anchors/07,controlled-v1/gas_background_and_anchors/07,SYNTHETIC_CONTROLLED_V1,controlled,SYNTHETIC,False,POISON,addresses,T|TOK,COMPLETED,POISON_NOMINAL_RAW,,,,7,7,TOK,[],raw_by_asset_no_cross_asset_sum,2f7c369da3ead744629b256c9a53c6becacc009458d0c08cdab47406137a4626,QUERY_ACCEPTED
controlled-v1/gas_background_and_anchors/07,controlled-v1/gas_background_and_anchors/07,SYNTHETIC_CONTROLLED_V1,controlled,SYNTHETIC,False,POISON,addresses,U|TOK,COMPLETED,POISON_NOMINAL_RAW,,,,7,7,TOK,[],raw_by_asset_no_cross_asset_sum,2f7c369da3ead744629b256c9a53c6becacc009458d0c08cdab47406137a4626,QUERY_ACCEPTED
controlled-v1/gas_background_and_anchors/07,controlled-v1/gas_background_and_anchors/07,SYNTHETIC_CONTROLLED_V1,controlled,SYNTHETIC,False,POISON,events,seed,COMPLETED,POISON_NOMINAL_RAW,,,,8,8,TOK,[],raw_by_asset_no_cross_asset_sum,2f7c369da3ead744629b256c9a53c6becacc009458d0c08cdab47406137a4626,QUERY_ACCEPTED
controlled-v1/gas_background_and_anchors/07,controlled-v1/gas_background_and_anchors/07,SYNTHETIC_CONTROLLED_V1,controlled,SYNTHETIC,False,POISON,events,gas_success,COMPLETED,POISON_NOMINAL_RAW,,,,0,1,ETH,[],raw_by_asset_no_cross_asset_sum,2f7c369da3ead744629b256c9a53c6becacc009458d0c08cdab47406137a4626,QUERY_ACCEPTED
controlled-v1/gas_background_and_anchors/07,controlled-v1/gas_background_and_anchors/07,SYNTHETIC_CONTROLLED_V1,controlled,SYNTHETIC,False,POISON,events,background_in,COMPLETED,POISON_NOMINAL_RAW,,,,0,1,TOK,[],raw_by_asset_no_cross_asset_sum,2f7c369da3ead744629b256c9a53c6becacc009458d0c08cdab47406137a4626,QUERY_ACCEPTED
controlled-v1/gas_background_and_anchors/07,controlled-v1/gas_background_and_anchors/07,SYNTHETIC_CONTROLLED_V1,controlled,SYNTHETIC,False,POISON,events,gas_failed,COMPLETED,POISON_NOMINAL_RAW,,,,0,1,ETH,[],raw_by_asset_no_cross_asset_sum,2f7c369da3ead744629b256c9a53c6becacc009458d0c08cdab47406137a4626,QUERY_ACCEPTED
controlled-v1/gas_background_and_anchors/07,controlled-v1/gas_background_and_anchors/07,SYNTHETIC_CONTROLLED_V1,controlled,SYNTHETIC,False,POISON,events,a_b,COMPLETED,POISON_NOMINAL_RAW,,,,7,7,TOK,[],raw_by_asset_no_cross_asset_sum,2f7c369da3ead744629b256c9a53c6becacc009458d0c08cdab47406137a4626,QUERY_ACCEPTED
controlled-v1/gas_background_and_anchors/07,controlled-v1/gas_background_and_anchors/07,SYNTHETIC_CONTROLLED_V1,controlled,SYNTHETIC,False,POISON,events,b_t,COMPLETED,POISON_NOMINAL_RAW,,,,7,7,TOK,[],raw_by_asset_no_cross_asset_sum,2f7c369da3ead744629b256c9a53c6becacc009458d0c08cdab47406137a4626,QUERY_ACCEPTED
controlled-v1/gas_background_and_anchors/07,controlled-v1/gas_background_and_anchors/07,SYNTHETIC_CONTROLLED_V1,controlled,SYNTHETIC,False,POISON,events,a_u,COMPLETED,POISON_NOMINAL_RAW,,,,7,7,TOK,[],raw_by_asset_no_cross_asset_sum,2f7c369da3ead744629b256c9a53c6becacc009458d0c08cdab47406137a4626,QUERY_ACCEPTED
controlled-v1/gas_background_and_anchors/07,controlled-v1/gas_background_and_anchors/07,SYNTHETIC_CONTROLLED_V1,controlled,SYNTHETIC,False,POISON,joint_by_asset,TOK,COMPLETED,POISON_NOMINAL_RAW,,,,14,14,TOK,[],raw_by_asset_no_cross_asset_sum,2f7c369da3ead744629b256c9a53c6becacc009458d0c08cdab47406137a4626,QUERY_ACCEPTED
controlled-v1/gas_background_and_anchors/08,controlled-v1/gas_background_and_anchors/08,SYNTHETIC_CONTROLLED_V1,controlled,SYNTHETIC,False,FULL_INTERVAL,addresses,T|TOK,COMPLETED,feasible_interval,0,6,,,7,TOK,[],raw_by_asset_no_cross_asset_sum,b81cca5e6d3f9a2d26f9917d48b57586f2891dfcecbc091c23ff3d85fbdc82d2,QUERY_ACCEPTED
controlled-v1/gas_background_and_anchors/08,controlled-v1/gas_background_and_anchors/08,SYNTHETIC_CONTROLLED_V1,controlled,SYNTHETIC,False,FULL_INTERVAL,addresses,U|TOK,COMPLETED,feasible_interval,0,6,,,7,TOK,[],raw_by_asset_no_cross_asset_sum,b81cca5e6d3f9a2d26f9917d48b57586f2891dfcecbc091c23ff3d85fbdc82d2,QUERY_ACCEPTED
controlled-v1/gas_background_and_anchors/08,controlled-v1/gas_background_and_anchors/08,SYNTHETIC_CONTROLLED_V1,controlled,SYNTHETIC,False,FULL_INTERVAL,events,b_t,COMPLETED,feasible_interval,0,6,,,7,TOK,[],raw_by_asset_no_cross_asset_sum,b81cca5e6d3f9a2d26f9917d48b57586f2891dfcecbc091c23ff3d85fbdc82d2,QUERY_ACCEPTED
controlled-v1/gas_background_and_anchors/08,controlled-v1/gas_background_and_anchors/08,SYNTHETIC_CONTROLLED_V1,controlled,SYNTHETIC,False,FULL_INTERVAL,events,a_u,COMPLETED,feasible_interval,0,6,,,7,TOK,[],raw_by_asset_no_cross_asset_sum,b81cca5e6d3f9a2d26f9917d48b57586f2891dfcecbc091c23ff3d85fbdc82d2,QUERY_ACCEPTED
controlled-v1/gas_background_and_anchors/08,controlled-v1/gas_background_and_anchors/08,SYNTHETIC_CONTROLLED_V1,controlled,SYNTHETIC,False,FULL_INTERVAL,joint_by_asset,TOK,COMPLETED,feasible_interval,6,6,,,14,TOK,[],raw_by_asset_no_cross_asset_sum,b81cca5e6d3f9a2d26f9917d48b57586f2891dfcecbc091c23ff3d85fbdc82d2,QUERY_ACCEPTED
controlled-v1/gas_background_and_anchors/08,controlled-v1/gas_background_and_anchors/08,SYNTHETIC_CONTROLLED_V1,controlled,SYNTHETIC,False,BOUNDED_REACHABILITY,addresses,T|TOK,COMPLETED,ADDRESS_EVENT_SET_NO_AMOUNT,,,,,7,TOK,[],raw_by_asset_no_cross_asset_sum,b81cca5e6d3f9a2d26f9917d48b57586f2891dfcecbc091c23ff3d85fbdc82d2,QUERY_ACCEPTED
controlled-v1/gas_background_and_anchors/08,controlled-v1/gas_background_and_anchors/08,SYNTHETIC_CONTROLLED_V1,controlled,SYNTHETIC,False,BOUNDED_REACHABILITY,addresses,U|TOK,COMPLETED,ADDRESS_EVENT_SET_NO_AMOUNT,,,,,7,TOK,[],raw_by_asset_no_cross_asset_sum,b81cca5e6d3f9a2d26f9917d48b57586f2891dfcecbc091c23ff3d85fbdc82d2,QUERY_ACCEPTED
controlled-v1/gas_background_and_anchors/08,controlled-v1/gas_background_and_anchors/08,SYNTHETIC_CONTROLLED_V1,controlled,SYNTHETIC,False,BOUNDED_REACHABILITY,events,seed,COMPLETED,ADDRESS_EVENT_SET_NO_AMOUNT,,,,,6,TOK,[],raw_by_asset_no_cross_asset_sum,b81cca5e6d3f9a2d26f9917d48b57586f2891dfcecbc091c23ff3d85fbdc82d2,QUERY_ACCEPTED
controlled-v1/gas_background_and_anchors/08,controlled-v1/gas_background_and_anchors/08,SYNTHETIC_CONTROLLED_V1,controlled,SYNTHETIC,False,BOUNDED_REACHABILITY,events,gas_success,COMPLETED,ADDRESS_EVENT_SET_NO_AMOUNT,,,,,1,ETH,[],raw_by_asset_no_cross_asset_sum,b81cca5e6d3f9a2d26f9917d48b57586f2891dfcecbc091c23ff3d85fbdc82d2,QUERY_ACCEPTED
controlled-v1/gas_background_and_anchors/08,controlled-v1/gas_background_and_anchors/08,SYNTHETIC_CONTROLLED_V1,controlled,SYNTHETIC,False,BOUNDED_REACHABILITY,events,background_in,COMPLETED,ADDRESS_EVENT_SET_NO_AMOUNT,,,,,1,TOK,[],raw_by_asset_no_cross_asset_sum,b81cca5e6d3f9a2d26f9917d48b57586f2891dfcecbc091c23ff3d85fbdc82d2,QUERY_ACCEPTED
controlled-v1/gas_background_and_anchors/08,controlled-v1/gas_background_and_anchors/08,SYNTHETIC_CONTROLLED_V1,controlled,SYNTHETIC,False,BOUNDED_REACHABILITY,events,gas_failed,COMPLETED,ADDRESS_EVENT_SET_NO_AMOUNT,,,,,1,ETH,[],raw_by_asset_no_cross_asset_sum,b81cca5e6d3f9a2d26f9917d48b57586f2891dfcecbc091c23ff3d85fbdc82d2,QUERY_ACCEPTED
controlled-v1/gas_background_and_anchors/08,controlled-v1/gas_background_and_anchors/08,SYNTHETIC_CONTROLLED_V1,controlled,SYNTHETIC,False,BOUNDED_REACHABILITY,events,a_b,COMPLETED,ADDRESS_EVENT_SET_NO_AMOUNT,,,,,7,TOK,[],raw_by_asset_no_cross_asset_sum,b81cca5e6d3f9a2d26f9917d48b57586f2891dfcecbc091c23ff3d85fbdc82d2,QUERY_ACCEPTED
controlled-v1/gas_background_and_anchors/08,controlled-v1/gas_background_and_anchors/08,SYNTHETIC_CONTROLLED_V1,controlled,SYNTHETIC,False,BOUNDED_REACHABILITY,events,b_t,COMPLETED,ADDRESS_EVENT_SET_NO_AMOUNT,,,,,7,TOK,[],raw_by_asset_no_cross_asset_sum,b81cca5e6d3f9a2d26f9917d48b57586f2891dfcecbc091c23ff3d85fbdc82d2,QUERY_ACCEPTED
controlled-v1/gas_background_and_anchors/08,controlled-v1/gas_background_and_anchors/08,SYNTHETIC_CONTROLLED_V1,controlled,SYNTHETIC,False,BOUNDED_REACHABILITY,events,a_u,COMPLETED,ADDRESS_EVENT_SET_NO_AMOUNT,,,,,7,TOK,[],raw_by_asset_no_cross_asset_sum,b81cca5e6d3f9a2d26f9917d48b57586f2891dfcecbc091c23ff3d85fbdc82d2,QUERY_ACCEPTED
controlled-v1/gas_background_and_anchors/08,controlled-v1/gas_background_and_anchors/08,SYNTHETIC_CONTROLLED_V1,controlled,SYNTHETIC,False,BOUNDED_REACHABILITY,joint_by_asset,TOK,COMPLETED,ADDRESS_EVENT_SET_NO_AMOUNT,,,,,14,TOK,[],raw_by_asset_no_cross_asset_sum,b81cca5e6d3f9a2d26f9917d48b57586f2891dfcecbc091c23ff3d85fbdc82d2,QUERY_ACCEPTED
controlled-v1/gas_background_and_anchors/08,controlled-v1/gas_background_and_anchors/08,SYNTHETIC_CONTROLLED_V1,controlled,SYNTHETIC,False,POISON,addresses,T|TOK,COMPLETED,POISON_NOMINAL_RAW,,,,7,7,TOK,[],raw_by_asset_no_cross_asset_sum,b81cca5e6d3f9a2d26f9917d48b57586f2891dfcecbc091c23ff3d85fbdc82d2,QUERY_ACCEPTED
controlled-v1/gas_background_and_anchors/08,controlled-v1/gas_background_and_anchors/08,SYNTHETIC_CONTROLLED_V1,controlled,SYNTHETIC,False,POISON,addresses,U|TOK,COMPLETED,POISON_NOMINAL_RAW,,,,7,7,TOK,[],raw_by_asset_no_cross_asset_sum,b81cca5e6d3f9a2d26f9917d48b57586f2891dfcecbc091c23ff3d85fbdc82d2,QUERY_ACCEPTED
controlled-v1/gas_background_and_anchors/08,controlled-v1/gas_background_and_anchors/08,SYNTHETIC_CONTROLLED_V1,controlled,SYNTHETIC,False,POISON,events,seed,COMPLETED,POISON_NOMINAL_RAW,,,,6,6,TOK,[],raw_by_asset_no_cross_asset_sum,b81cca5e6d3f9a2d26f9917d48b57586f2891dfcecbc091c23ff3d85fbdc82d2,QUERY_ACCEPTED
controlled-v1/gas_background_and_anchors/08,controlled-v1/gas_background_and_anchors/08,SYNTHETIC_CONTROLLED_V1,controlled,SYNTHETIC,False,POISON,events,gas_success,COMPLETED,POISON_NOMINAL_RAW,,,,0,1,ETH,[],raw_by_asset_no_cross_asset_sum,b81cca5e6d3f9a2d26f9917d48b57586f2891dfcecbc091c23ff3d85fbdc82d2,QUERY_ACCEPTED
controlled-v1/gas_background_and_anchors/08,controlled-v1/gas_background_and_anchors/08,SYNTHETIC_CONTROLLED_V1,controlled,SYNTHETIC,False,POISON,events,background_in,COMPLETED,POISON_NOMINAL_RAW,,,,0,1,TOK,[],raw_by_asset_no_cross_asset_sum,b81cca5e6d3f9a2d26f9917d48b57586f2891dfcecbc091c23ff3d85fbdc82d2,QUERY_ACCEPTED
controlled-v1/gas_background_and_anchors/08,controlled-v1/gas_background_and_anchors/08,SYNTHETIC_CONTROLLED_V1,controlled,SYNTHETIC,False,POISON,events,gas_failed,COMPLETED,POISON_NOMINAL_RAW,,,,0,1,ETH,[],raw_by_asset_no_cross_asset_sum,b81cca5e6d3f9a2d26f9917d48b57586f2891dfcecbc091c23ff3d85fbdc82d2,QUERY_ACCEPTED
controlled-v1/gas_background_and_anchors/08,controlled-v1/gas_background_and_anchors/08,SYNTHETIC_CONTROLLED_V1,controlled,SYNTHETIC,False,POISON,events,a_b,COMPLETED,POISON_NOMINAL_RAW,,,,7,7,TOK,[],raw_by_asset_no_cross_asset_sum,b81cca5e6d3f9a2d26f9917d48b57586f2891dfcecbc091c23ff3d85fbdc82d2,QUERY_ACCEPTED
controlled-v1/gas_background_and_anchors/08,controlled-v1/gas_background_and_anchors/08,SYNTHETIC_CONTROLLED_V1,controlled,SYNTHETIC,False,POISON,events,b_t,COMPLETED,POISON_NOMINAL_RAW,,,,7,7,TOK,[],raw_by_asset_no_cross_asset_sum,b81cca5e6d3f9a2d26f9917d48b57586f2891dfcecbc091c23ff3d85fbdc82d2,QUERY_ACCEPTED
controlled-v1/gas_background_and_anchors/08,controlled-v1/gas_background_and_anchors/08,SYNTHETIC_CONTROLLED_V1,controlled,SYNTHETIC,False,POISON,events,a_u,COMPLETED,POISON_NOMINAL_RAW,,,,7,7,TOK,[],raw_by_asset_no_cross_asset_sum,b81cca5e6d3f9a2d26f9917d48b57586f2891dfcecbc091c23ff3d85fbdc82d2,QUERY_ACCEPTED
controlled-v1/gas_background_and_anchors/08,controlled-v1/gas_background_and_anchors/08,SYNTHETIC_CONTROLLED_V1,controlled,SYNTHETIC,False,POISON,joint_by_asset,TOK,COMPLETED,POISON_NOMINAL_RAW,,,,14,14,TOK,[],raw_by_asset_no_cross_asset_sum,b81cca5e6d3f9a2d26f9917d48b57586f2891dfcecbc091c23ff3d85fbdc82d2,QUERY_ACCEPTED
controlled-v1/gas_background_and_anchors/08,controlled-v1/gas_background_and_anchors/08,SYNTHETIC_CONTROLLED_V1,controlled,SYNTHETIC,False,HAIRCUT,addresses,T|TOK,COMPLETED,PROPORTIONAL_FEASIBLE_POINT,,,3,,7,TOK,[],raw_by_asset_no_cross_asset_sum,b81cca5e6d3f9a2d26f9917d48b57586f2891dfcecbc091c23ff3d85fbdc82d2,QUERY_ACCEPTED
controlled-v1/gas_background_and_anchors/08,controlled-v1/gas_background_and_anchors/08,SYNTHETIC_CONTROLLED_V1,controlled,SYNTHETIC,False,HAIRCUT,addresses,U|TOK,COMPLETED,PROPORTIONAL_FEASIBLE_POINT,,,3,,7,TOK,[],raw_by_asset_no_cross_asset_sum,b81cca5e6d3f9a2d26f9917d48b57586f2891dfcecbc091c23ff3d85fbdc82d2,QUERY_ACCEPTED
controlled-v1/gas_background_and_anchors/08,controlled-v1/gas_background_and_anchors/08,SYNTHETIC_CONTROLLED_V1,controlled,SYNTHETIC,False,HAIRCUT,events,seed,COMPLETED,PROPORTIONAL_FEASIBLE_POINT,,,6,,6,TOK,[],raw_by_asset_no_cross_asset_sum,b81cca5e6d3f9a2d26f9917d48b57586f2891dfcecbc091c23ff3d85fbdc82d2,QUERY_ACCEPTED
controlled-v1/gas_background_and_anchors/08,controlled-v1/gas_background_and_anchors/08,SYNTHETIC_CONTROLLED_V1,controlled,SYNTHETIC,False,HAIRCUT,events,gas_success,COMPLETED,PROPORTIONAL_FEASIBLE_POINT,,,0,,1,ETH,[],raw_by_asset_no_cross_asset_sum,b81cca5e6d3f9a2d26f9917d48b57586f2891dfcecbc091c23ff3d85fbdc82d2,QUERY_ACCEPTED
controlled-v1/gas_background_and_anchors/08,controlled-v1/gas_background_and_anchors/08,SYNTHETIC_CONTROLLED_V1,controlled,SYNTHETIC,False,HAIRCUT,events,background_in,COMPLETED,PROPORTIONAL_FEASIBLE_POINT,,,0,,1,TOK,[],raw_by_asset_no_cross_asset_sum,b81cca5e6d3f9a2d26f9917d48b57586f2891dfcecbc091c23ff3d85fbdc82d2,QUERY_ACCEPTED
controlled-v1/gas_background_and_anchors/08,controlled-v1/gas_background_and_anchors/08,SYNTHETIC_CONTROLLED_V1,controlled,SYNTHETIC,False,HAIRCUT,events,gas_failed,COMPLETED,PROPORTIONAL_FEASIBLE_POINT,,,0,,1,ETH,[],raw_by_asset_no_cross_asset_sum,b81cca5e6d3f9a2d26f9917d48b57586f2891dfcecbc091c23ff3d85fbdc82d2,QUERY_ACCEPTED
controlled-v1/gas_background_and_anchors/08,controlled-v1/gas_background_and_anchors/08,SYNTHETIC_CONTROLLED_V1,controlled,SYNTHETIC,False,HAIRCUT,events,a_b,COMPLETED,PROPORTIONAL_FEASIBLE_POINT,,,3,,7,TOK,[],raw_by_asset_no_cross_asset_sum,b81cca5e6d3f9a2d26f9917d48b57586f2891dfcecbc091c23ff3d85fbdc82d2,QUERY_ACCEPTED
controlled-v1/gas_background_and_anchors/08,controlled-v1/gas_background_and_anchors/08,SYNTHETIC_CONTROLLED_V1,controlled,SYNTHETIC,False,HAIRCUT,events,b_t,COMPLETED,PROPORTIONAL_FEASIBLE_POINT,,,3,,7,TOK,[],raw_by_asset_no_cross_asset_sum,b81cca5e6d3f9a2d26f9917d48b57586f2891dfcecbc091c23ff3d85fbdc82d2,QUERY_ACCEPTED
controlled-v1/gas_background_and_anchors/08,controlled-v1/gas_background_and_anchors/08,SYNTHETIC_CONTROLLED_V1,controlled,SYNTHETIC,False,HAIRCUT,events,a_u,COMPLETED,PROPORTIONAL_FEASIBLE_POINT,,,3,,7,TOK,[],raw_by_asset_no_cross_asset_sum,b81cca5e6d3f9a2d26f9917d48b57586f2891dfcecbc091c23ff3d85fbdc82d2,QUERY_ACCEPTED
controlled-v1/gas_background_and_anchors/08,controlled-v1/gas_background_and_anchors/08,SYNTHETIC_CONTROLLED_V1,controlled,SYNTHETIC,False,HAIRCUT,joint_by_asset,TOK,COMPLETED,PROPORTIONAL_FEASIBLE_POINT,,,6,,14,TOK,[],raw_by_asset_no_cross_asset_sum,b81cca5e6d3f9a2d26f9917d48b57586f2891dfcecbc091c23ff3d85fbdc82d2,QUERY_ACCEPTED
controlled-v1/gas_background_and_anchors/08,controlled-v1/gas_background_and_anchors/08,SYNTHETIC_CONTROLLED_V1,controlled,SYNTHETIC,False,NO_CROSS_TARGET_COUPLING,addresses,T|TOK,COMPLETED,product_of_target_specific_copies,0,6,,,7,TOK,[],raw_by_asset_no_cross_asset_sum,b81cca5e6d3f9a2d26f9917d48b57586f2891dfcecbc091c23ff3d85fbdc82d2,QUERY_ACCEPTED
controlled-v1/gas_background_and_anchors/08,controlled-v1/gas_background_and_anchors/08,SYNTHETIC_CONTROLLED_V1,controlled,SYNTHETIC,False,NO_CROSS_TARGET_COUPLING,addresses,U|TOK,COMPLETED,product_of_target_specific_copies,0,6,,,7,TOK,[],raw_by_asset_no_cross_asset_sum,b81cca5e6d3f9a2d26f9917d48b57586f2891dfcecbc091c23ff3d85fbdc82d2,QUERY_ACCEPTED
controlled-v1/gas_background_and_anchors/08,controlled-v1/gas_background_and_anchors/08,SYNTHETIC_CONTROLLED_V1,controlled,SYNTHETIC,False,NO_CROSS_TARGET_COUPLING,events,b_t,COMPLETED,product_of_target_specific_copies,0,6,,,7,TOK,[],raw_by_asset_no_cross_asset_sum,b81cca5e6d3f9a2d26f9917d48b57586f2891dfcecbc091c23ff3d85fbdc82d2,QUERY_ACCEPTED
controlled-v1/gas_background_and_anchors/08,controlled-v1/gas_background_and_anchors/08,SYNTHETIC_CONTROLLED_V1,controlled,SYNTHETIC,False,NO_CROSS_TARGET_COUPLING,events,a_u,COMPLETED,product_of_target_specific_copies,0,6,,,7,TOK,[],raw_by_asset_no_cross_asset_sum,b81cca5e6d3f9a2d26f9917d48b57586f2891dfcecbc091c23ff3d85fbdc82d2,QUERY_ACCEPTED
controlled-v1/gas_background_and_anchors/08,controlled-v1/gas_background_and_anchors/08,SYNTHETIC_CONTROLLED_V1,controlled,SYNTHETIC,False,NO_CROSS_TARGET_COUPLING,joint_by_asset,TOK,COMPLETED,product_of_target_specific_copies,0,12,,,14,TOK,[],raw_by_asset_no_cross_asset_sum,b81cca5e6d3f9a2d26f9917d48b57586f2891dfcecbc091c23ff3d85fbdc82d2,QUERY_ACCEPTED
controlled-v1/gas_background_and_anchors/08,controlled-v1/gas_background_and_anchors/08,SYNTHETIC_CONTROLLED_V1,controlled,SYNTHETIC,False,NO_PROTOCOL_CONTINUATION,addresses,T|TOK,COMPLETED,feasible_interval,0,6,,,7,TOK,[],raw_by_asset_no_cross_asset_sum,b81cca5e6d3f9a2d26f9917d48b57586f2891dfcecbc091c23ff3d85fbdc82d2,QUERY_ACCEPTED
controlled-v1/gas_background_and_anchors/08,controlled-v1/gas_background_and_anchors/08,SYNTHETIC_CONTROLLED_V1,controlled,SYNTHETIC,False,NO_PROTOCOL_CONTINUATION,addresses,U|TOK,COMPLETED,feasible_interval,0,6,,,7,TOK,[],raw_by_asset_no_cross_asset_sum,b81cca5e6d3f9a2d26f9917d48b57586f2891dfcecbc091c23ff3d85fbdc82d2,QUERY_ACCEPTED
controlled-v1/gas_background_and_anchors/08,controlled-v1/gas_background_and_anchors/08,SYNTHETIC_CONTROLLED_V1,controlled,SYNTHETIC,False,NO_PROTOCOL_CONTINUATION,events,b_t,COMPLETED,feasible_interval,0,6,,,7,TOK,[],raw_by_asset_no_cross_asset_sum,b81cca5e6d3f9a2d26f9917d48b57586f2891dfcecbc091c23ff3d85fbdc82d2,QUERY_ACCEPTED
controlled-v1/gas_background_and_anchors/08,controlled-v1/gas_background_and_anchors/08,SYNTHETIC_CONTROLLED_V1,controlled,SYNTHETIC,False,NO_PROTOCOL_CONTINUATION,events,a_u,COMPLETED,feasible_interval,0,6,,,7,TOK,[],raw_by_asset_no_cross_asset_sum,b81cca5e6d3f9a2d26f9917d48b57586f2891dfcecbc091c23ff3d85fbdc82d2,QUERY_ACCEPTED
controlled-v1/gas_background_and_anchors/08,controlled-v1/gas_background_and_anchors/08,SYNTHETIC_CONTROLLED_V1,controlled,SYNTHETIC,False,NO_PROTOCOL_CONTINUATION,joint_by_asset,TOK,COMPLETED,feasible_interval,6,6,,,14,TOK,[],raw_by_asset_no_cross_asset_sum,b81cca5e6d3f9a2d26f9917d48b57586f2891dfcecbc091c23ff3d85fbdc82d2,QUERY_ACCEPTED
controlled-v1/gas_background_and_anchors/08,controlled-v1/gas_background_and_anchors/08,SYNTHETIC_CONTROLLED_V1,controlled,SYNTHETIC,False,BALANCE_INFORMATION_REMOVED,addresses,T|TOK,COMPLETED,feasible_interval,0,6,,,7,TOK,[],raw_by_asset_no_cross_asset_sum,b81cca5e6d3f9a2d26f9917d48b57586f2891dfcecbc091c23ff3d85fbdc82d2,QUERY_ACCEPTED
controlled-v1/gas_background_and_anchors/08,controlled-v1/gas_background_and_anchors/08,SYNTHETIC_CONTROLLED_V1,controlled,SYNTHETIC,False,BALANCE_INFORMATION_REMOVED,addresses,U|TOK,COMPLETED,feasible_interval,0,6,,,7,TOK,[],raw_by_asset_no_cross_asset_sum,b81cca5e6d3f9a2d26f9917d48b57586f2891dfcecbc091c23ff3d85fbdc82d2,QUERY_ACCEPTED
controlled-v1/gas_background_and_anchors/08,controlled-v1/gas_background_and_anchors/08,SYNTHETIC_CONTROLLED_V1,controlled,SYNTHETIC,False,BALANCE_INFORMATION_REMOVED,events,b_t,COMPLETED,feasible_interval,0,6,,,7,TOK,[],raw_by_asset_no_cross_asset_sum,b81cca5e6d3f9a2d26f9917d48b57586f2891dfcecbc091c23ff3d85fbdc82d2,QUERY_ACCEPTED
controlled-v1/gas_background_and_anchors/08,controlled-v1/gas_background_and_anchors/08,SYNTHETIC_CONTROLLED_V1,controlled,SYNTHETIC,False,BALANCE_INFORMATION_REMOVED,events,a_u,COMPLETED,feasible_interval,0,6,,,7,TOK,[],raw_by_asset_no_cross_asset_sum,b81cca5e6d3f9a2d26f9917d48b57586f2891dfcecbc091c23ff3d85fbdc82d2,QUERY_ACCEPTED
controlled-v1/gas_background_and_anchors/08,controlled-v1/gas_background_and_anchors/08,SYNTHETIC_CONTROLLED_V1,controlled,SYNTHETIC,False,BALANCE_INFORMATION_REMOVED,joint_by_asset,TOK,COMPLETED,feasible_interval,0,6,,,14,TOK,[],raw_by_asset_no_cross_asset_sum,b81cca5e6d3f9a2d26f9917d48b57586f2891dfcecbc091c23ff3d85fbdc82d2,QUERY_ACCEPTED
controlled-v1/gas_background_and_anchors/09,controlled-v1/gas_background_and_anchors/09,SYNTHETIC_CONTROLLED_V1,controlled,SYNTHETIC,False,HAIRCUT,addresses,T|TOK,COMPLETED,PROPORTIONAL_FEASIBLE_POINT,,,3,,6,TOK,[],raw_by_asset_no_cross_asset_sum,161f3cac6d738ba9d26338020872c8bf3d4ad2a56b5228509393cb9527a628cf,QUERY_ACCEPTED
controlled-v1/gas_background_and_anchors/09,controlled-v1/gas_background_and_anchors/09,SYNTHETIC_CONTROLLED_V1,controlled,SYNTHETIC,False,HAIRCUT,addresses,U|TOK,COMPLETED,PROPORTIONAL_FEASIBLE_POINT,,,3,,6,TOK,[],raw_by_asset_no_cross_asset_sum,161f3cac6d738ba9d26338020872c8bf3d4ad2a56b5228509393cb9527a628cf,QUERY_ACCEPTED
controlled-v1/gas_background_and_anchors/09,controlled-v1/gas_background_and_anchors/09,SYNTHETIC_CONTROLLED_V1,controlled,SYNTHETIC,False,HAIRCUT,events,seed,COMPLETED,PROPORTIONAL_FEASIBLE_POINT,,,6,,6,TOK,[],raw_by_asset_no_cross_asset_sum,161f3cac6d738ba9d26338020872c8bf3d4ad2a56b5228509393cb9527a628cf,QUERY_ACCEPTED
controlled-v1/gas_background_and_anchors/09,controlled-v1/gas_background_and_anchors/09,SYNTHETIC_CONTROLLED_V1,controlled,SYNTHETIC,False,HAIRCUT,events,gas_success,COMPLETED,PROPORTIONAL_FEASIBLE_POINT,,,0,,1,ETH,[],raw_by_asset_no_cross_asset_sum,161f3cac6d738ba9d26338020872c8bf3d4ad2a56b5228509393cb9527a628cf,QUERY_ACCEPTED
controlled-v1/gas_background_and_anchors/09,controlled-v1/gas_background_and_anchors/09,SYNTHETIC_CONTROLLED_V1,controlled,SYNTHETIC,False,HAIRCUT,events,background_in,COMPLETED,PROPORTIONAL_FEASIBLE_POINT,,,0,,1,TOK,[],raw_by_asset_no_cross_asset_sum,161f3cac6d738ba9d26338020872c8bf3d4ad2a56b5228509393cb9527a628cf,QUERY_ACCEPTED
controlled-v1/gas_background_and_anchors/09,controlled-v1/gas_background_and_anchors/09,SYNTHETIC_CONTROLLED_V1,controlled,SYNTHETIC,False,HAIRCUT,events,gas_failed,COMPLETED,PROPORTIONAL_FEASIBLE_POINT,,,0,,1,ETH,[],raw_by_asset_no_cross_asset_sum,161f3cac6d738ba9d26338020872c8bf3d4ad2a56b5228509393cb9527a628cf,QUERY_ACCEPTED
controlled-v1/gas_background_and_anchors/09,controlled-v1/gas_background_and_anchors/09,SYNTHETIC_CONTROLLED_V1,controlled,SYNTHETIC,False,HAIRCUT,events,a_b,COMPLETED,PROPORTIONAL_FEASIBLE_POINT,,,3,,6,TOK,[],raw_by_asset_no_cross_asset_sum,161f3cac6d738ba9d26338020872c8bf3d4ad2a56b5228509393cb9527a628cf,QUERY_ACCEPTED
controlled-v1/gas_background_and_anchors/09,controlled-v1/gas_background_and_anchors/09,SYNTHETIC_CONTROLLED_V1,controlled,SYNTHETIC,False,HAIRCUT,events,b_t,COMPLETED,PROPORTIONAL_FEASIBLE_POINT,,,3,,6,TOK,[],raw_by_asset_no_cross_asset_sum,161f3cac6d738ba9d26338020872c8bf3d4ad2a56b5228509393cb9527a628cf,QUERY_ACCEPTED
controlled-v1/gas_background_and_anchors/09,controlled-v1/gas_background_and_anchors/09,SYNTHETIC_CONTROLLED_V1,controlled,SYNTHETIC,False,HAIRCUT,events,a_u,COMPLETED,PROPORTIONAL_FEASIBLE_POINT,,,3,,6,TOK,[],raw_by_asset_no_cross_asset_sum,161f3cac6d738ba9d26338020872c8bf3d4ad2a56b5228509393cb9527a628cf,QUERY_ACCEPTED
controlled-v1/gas_background_and_anchors/09,controlled-v1/gas_background_and_anchors/09,SYNTHETIC_CONTROLLED_V1,controlled,SYNTHETIC,False,HAIRCUT,joint_by_asset,TOK,COMPLETED,PROPORTIONAL_FEASIBLE_POINT,,,6,,12,TOK,[],raw_by_asset_no_cross_asset_sum,161f3cac6d738ba9d26338020872c8bf3d4ad2a56b5228509393cb9527a628cf,QUERY_ACCEPTED
controlled-v1/gas_background_and_anchors/09,controlled-v1/gas_background_and_anchors/09,SYNTHETIC_CONTROLLED_V1,controlled,SYNTHETIC,False,NO_CROSS_TARGET_COUPLING,addresses,T|TOK,COMPLETED,product_of_target_specific_copies,0,6,,,6,TOK,[],raw_by_asset_no_cross_asset_sum,161f3cac6d738ba9d26338020872c8bf3d4ad2a56b5228509393cb9527a628cf,QUERY_ACCEPTED
controlled-v1/gas_background_and_anchors/09,controlled-v1/gas_background_and_anchors/09,SYNTHETIC_CONTROLLED_V1,controlled,SYNTHETIC,False,NO_CROSS_TARGET_COUPLING,addresses,U|TOK,COMPLETED,product_of_target_specific_copies,0,6,,,6,TOK,[],raw_by_asset_no_cross_asset_sum,161f3cac6d738ba9d26338020872c8bf3d4ad2a56b5228509393cb9527a628cf,QUERY_ACCEPTED
controlled-v1/gas_background_and_anchors/09,controlled-v1/gas_background_and_anchors/09,SYNTHETIC_CONTROLLED_V1,controlled,SYNTHETIC,False,NO_CROSS_TARGET_COUPLING,events,b_t,COMPLETED,product_of_target_specific_copies,0,6,,,6,TOK,[],raw_by_asset_no_cross_asset_sum,161f3cac6d738ba9d26338020872c8bf3d4ad2a56b5228509393cb9527a628cf,QUERY_ACCEPTED
controlled-v1/gas_background_and_anchors/09,controlled-v1/gas_background_and_anchors/09,SYNTHETIC_CONTROLLED_V1,controlled,SYNTHETIC,False,NO_CROSS_TARGET_COUPLING,events,a_u,COMPLETED,product_of_target_specific_copies,0,6,,,6,TOK,[],raw_by_asset_no_cross_asset_sum,161f3cac6d738ba9d26338020872c8bf3d4ad2a56b5228509393cb9527a628cf,QUERY_ACCEPTED
controlled-v1/gas_background_and_anchors/09,controlled-v1/gas_background_and_anchors/09,SYNTHETIC_CONTROLLED_V1,controlled,SYNTHETIC,False,NO_CROSS_TARGET_COUPLING,joint_by_asset,TOK,COMPLETED,product_of_target_specific_copies,0,12,,,12,TOK,[],raw_by_asset_no_cross_asset_sum,161f3cac6d738ba9d26338020872c8bf3d4ad2a56b5228509393cb9527a628cf,QUERY_ACCEPTED
controlled-v1/gas_background_and_anchors/09,controlled-v1/gas_background_and_anchors/09,SYNTHETIC_CONTROLLED_V1,controlled,SYNTHETIC,False,NO_PROTOCOL_CONTINUATION,addresses,T|TOK,COMPLETED,feasible_interval,0,6,,,6,TOK,[],raw_by_asset_no_cross_asset_sum,161f3cac6d738ba9d26338020872c8bf3d4ad2a56b5228509393cb9527a628cf,QUERY_ACCEPTED
controlled-v1/gas_background_and_anchors/09,controlled-v1/gas_background_and_anchors/09,SYNTHETIC_CONTROLLED_V1,controlled,SYNTHETIC,False,NO_PROTOCOL_CONTINUATION,addresses,U|TOK,COMPLETED,feasible_interval,0,6,,,6,TOK,[],raw_by_asset_no_cross_asset_sum,161f3cac6d738ba9d26338020872c8bf3d4ad2a56b5228509393cb9527a628cf,QUERY_ACCEPTED
controlled-v1/gas_background_and_anchors/09,controlled-v1/gas_background_and_anchors/09,SYNTHETIC_CONTROLLED_V1,controlled,SYNTHETIC,False,NO_PROTOCOL_CONTINUATION,events,b_t,COMPLETED,feasible_interval,0,6,,,6,TOK,[],raw_by_asset_no_cross_asset_sum,161f3cac6d738ba9d26338020872c8bf3d4ad2a56b5228509393cb9527a628cf,QUERY_ACCEPTED
controlled-v1/gas_background_and_anchors/09,controlled-v1/gas_background_and_anchors/09,SYNTHETIC_CONTROLLED_V1,controlled,SYNTHETIC,False,NO_PROTOCOL_CONTINUATION,events,a_u,COMPLETED,feasible_interval,0,6,,,6,TOK,[],raw_by_asset_no_cross_asset_sum,161f3cac6d738ba9d26338020872c8bf3d4ad2a56b5228509393cb9527a628cf,QUERY_ACCEPTED
controlled-v1/gas_background_and_anchors/09,controlled-v1/gas_background_and_anchors/09,SYNTHETIC_CONTROLLED_V1,controlled,SYNTHETIC,False,NO_PROTOCOL_CONTINUATION,joint_by_asset,TOK,COMPLETED,feasible_interval,6,6,,,12,TOK,[],raw_by_asset_no_cross_asset_sum,161f3cac6d738ba9d26338020872c8bf3d4ad2a56b5228509393cb9527a628cf,QUERY_ACCEPTED
controlled-v1/gas_background_and_anchors/09,controlled-v1/gas_background_and_anchors/09,SYNTHETIC_CONTROLLED_V1,controlled,SYNTHETIC,False,BALANCE_INFORMATION_REMOVED,addresses,T|TOK,COMPLETED,feasible_interval,0,6,,,6,TOK,[],raw_by_asset_no_cross_asset_sum,161f3cac6d738ba9d26338020872c8bf3d4ad2a56b5228509393cb9527a628cf,QUERY_ACCEPTED
controlled-v1/gas_background_and_anchors/09,controlled-v1/gas_background_and_anchors/09,SYNTHETIC_CONTROLLED_V1,controlled,SYNTHETIC,False,BALANCE_INFORMATION_REMOVED,addresses,U|TOK,COMPLETED,feasible_interval,0,6,,,6,TOK,[],raw_by_asset_no_cross_asset_sum,161f3cac6d738ba9d26338020872c8bf3d4ad2a56b5228509393cb9527a628cf,QUERY_ACCEPTED
controlled-v1/gas_background_and_anchors/09,controlled-v1/gas_background_and_anchors/09,SYNTHETIC_CONTROLLED_V1,controlled,SYNTHETIC,False,BALANCE_INFORMATION_REMOVED,events,b_t,COMPLETED,feasible_interval,0,6,,,6,TOK,[],raw_by_asset_no_cross_asset_sum,161f3cac6d738ba9d26338020872c8bf3d4ad2a56b5228509393cb9527a628cf,QUERY_ACCEPTED
controlled-v1/gas_background_and_anchors/09,controlled-v1/gas_background_and_anchors/09,SYNTHETIC_CONTROLLED_V1,controlled,SYNTHETIC,False,BALANCE_INFORMATION_REMOVED,events,a_u,COMPLETED,feasible_interval,0,6,,,6,TOK,[],raw_by_asset_no_cross_asset_sum,161f3cac6d738ba9d26338020872c8bf3d4ad2a56b5228509393cb9527a628cf,QUERY_ACCEPTED
controlled-v1/gas_background_and_anchors/09,controlled-v1/gas_background_and_anchors/09,SYNTHETIC_CONTROLLED_V1,controlled,SYNTHETIC,False,BALANCE_INFORMATION_REMOVED,joint_by_asset,TOK,COMPLETED,feasible_interval,0,6,,,12,TOK,[],raw_by_asset_no_cross_asset_sum,161f3cac6d738ba9d26338020872c8bf3d4ad2a56b5228509393cb9527a628cf,QUERY_ACCEPTED
controlled-v1/gas_background_and_anchors/09,controlled-v1/gas_background_and_anchors/09,SYNTHETIC_CONTROLLED_V1,controlled,SYNTHETIC,False,FULL_INTERVAL,addresses,T|TOK,COMPLETED,feasible_interval,0,6,,,6,TOK,[],raw_by_asset_no_cross_asset_sum,161f3cac6d738ba9d26338020872c8bf3d4ad2a56b5228509393cb9527a628cf,QUERY_ACCEPTED
controlled-v1/gas_background_and_anchors/09,controlled-v1/gas_background_and_anchors/09,SYNTHETIC_CONTROLLED_V1,controlled,SYNTHETIC,False,FULL_INTERVAL,addresses,U|TOK,COMPLETED,feasible_interval,0,6,,,6,TOK,[],raw_by_asset_no_cross_asset_sum,161f3cac6d738ba9d26338020872c8bf3d4ad2a56b5228509393cb9527a628cf,QUERY_ACCEPTED
controlled-v1/gas_background_and_anchors/09,controlled-v1/gas_background_and_anchors/09,SYNTHETIC_CONTROLLED_V1,controlled,SYNTHETIC,False,FULL_INTERVAL,events,b_t,COMPLETED,feasible_interval,0,6,,,6,TOK,[],raw_by_asset_no_cross_asset_sum,161f3cac6d738ba9d26338020872c8bf3d4ad2a56b5228509393cb9527a628cf,QUERY_ACCEPTED
controlled-v1/gas_background_and_anchors/09,controlled-v1/gas_background_and_anchors/09,SYNTHETIC_CONTROLLED_V1,controlled,SYNTHETIC,False,FULL_INTERVAL,events,a_u,COMPLETED,feasible_interval,0,6,,,6,TOK,[],raw_by_asset_no_cross_asset_sum,161f3cac6d738ba9d26338020872c8bf3d4ad2a56b5228509393cb9527a628cf,QUERY_ACCEPTED
controlled-v1/gas_background_and_anchors/09,controlled-v1/gas_background_and_anchors/09,SYNTHETIC_CONTROLLED_V1,controlled,SYNTHETIC,False,FULL_INTERVAL,joint_by_asset,TOK,COMPLETED,feasible_interval,6,6,,,12,TOK,[],raw_by_asset_no_cross_asset_sum,161f3cac6d738ba9d26338020872c8bf3d4ad2a56b5228509393cb9527a628cf,QUERY_ACCEPTED
controlled-v1/gas_background_and_anchors/09,controlled-v1/gas_background_and_anchors/09,SYNTHETIC_CONTROLLED_V1,controlled,SYNTHETIC,False,BOUNDED_REACHABILITY,addresses,T|TOK,COMPLETED,ADDRESS_EVENT_SET_NO_AMOUNT,,,,,6,TOK,[],raw_by_asset_no_cross_asset_sum,161f3cac6d738ba9d26338020872c8bf3d4ad2a56b5228509393cb9527a628cf,QUERY_ACCEPTED
controlled-v1/gas_background_and_anchors/09,controlled-v1/gas_background_and_anchors/09,SYNTHETIC_CONTROLLED_V1,controlled,SYNTHETIC,False,BOUNDED_REACHABILITY,addresses,U|TOK,COMPLETED,ADDRESS_EVENT_SET_NO_AMOUNT,,,,,6,TOK,[],raw_by_asset_no_cross_asset_sum,161f3cac6d738ba9d26338020872c8bf3d4ad2a56b5228509393cb9527a628cf,QUERY_ACCEPTED
controlled-v1/gas_background_and_anchors/09,controlled-v1/gas_background_and_anchors/09,SYNTHETIC_CONTROLLED_V1,controlled,SYNTHETIC,False,BOUNDED_REACHABILITY,events,seed,COMPLETED,ADDRESS_EVENT_SET_NO_AMOUNT,,,,,6,TOK,[],raw_by_asset_no_cross_asset_sum,161f3cac6d738ba9d26338020872c8bf3d4ad2a56b5228509393cb9527a628cf,QUERY_ACCEPTED
controlled-v1/gas_background_and_anchors/09,controlled-v1/gas_background_and_anchors/09,SYNTHETIC_CONTROLLED_V1,controlled,SYNTHETIC,False,BOUNDED_REACHABILITY,events,gas_success,COMPLETED,ADDRESS_EVENT_SET_NO_AMOUNT,,,,,1,ETH,[],raw_by_asset_no_cross_asset_sum,161f3cac6d738ba9d26338020872c8bf3d4ad2a56b5228509393cb9527a628cf,QUERY_ACCEPTED
controlled-v1/gas_background_and_anchors/09,controlled-v1/gas_background_and_anchors/09,SYNTHETIC_CONTROLLED_V1,controlled,SYNTHETIC,False,BOUNDED_REACHABILITY,events,background_in,COMPLETED,ADDRESS_EVENT_SET_NO_AMOUNT,,,,,1,TOK,[],raw_by_asset_no_cross_asset_sum,161f3cac6d738ba9d26338020872c8bf3d4ad2a56b5228509393cb9527a628cf,QUERY_ACCEPTED
controlled-v1/gas_background_and_anchors/09,controlled-v1/gas_background_and_anchors/09,SYNTHETIC_CONTROLLED_V1,controlled,SYNTHETIC,False,BOUNDED_REACHABILITY,events,gas_failed,COMPLETED,ADDRESS_EVENT_SET_NO_AMOUNT,,,,,1,ETH,[],raw_by_asset_no_cross_asset_sum,161f3cac6d738ba9d26338020872c8bf3d4ad2a56b5228509393cb9527a628cf,QUERY_ACCEPTED
controlled-v1/gas_background_and_anchors/09,controlled-v1/gas_background_and_anchors/09,SYNTHETIC_CONTROLLED_V1,controlled,SYNTHETIC,False,BOUNDED_REACHABILITY,events,a_b,COMPLETED,ADDRESS_EVENT_SET_NO_AMOUNT,,,,,6,TOK,[],raw_by_asset_no_cross_asset_sum,161f3cac6d738ba9d26338020872c8bf3d4ad2a56b5228509393cb9527a628cf,QUERY_ACCEPTED
controlled-v1/gas_background_and_anchors/09,controlled-v1/gas_background_and_anchors/09,SYNTHETIC_CONTROLLED_V1,controlled,SYNTHETIC,False,BOUNDED_REACHABILITY,events,b_t,COMPLETED,ADDRESS_EVENT_SET_NO_AMOUNT,,,,,6,TOK,[],raw_by_asset_no_cross_asset_sum,161f3cac6d738ba9d26338020872c8bf3d4ad2a56b5228509393cb9527a628cf,QUERY_ACCEPTED
controlled-v1/gas_background_and_anchors/09,controlled-v1/gas_background_and_anchors/09,SYNTHETIC_CONTROLLED_V1,controlled,SYNTHETIC,False,BOUNDED_REACHABILITY,events,a_u,COMPLETED,ADDRESS_EVENT_SET_NO_AMOUNT,,,,,6,TOK,[],raw_by_asset_no_cross_asset_sum,161f3cac6d738ba9d26338020872c8bf3d4ad2a56b5228509393cb9527a628cf,QUERY_ACCEPTED
controlled-v1/gas_background_and_anchors/09,controlled-v1/gas_background_and_anchors/09,SYNTHETIC_CONTROLLED_V1,controlled,SYNTHETIC,False,BOUNDED_REACHABILITY,joint_by_asset,TOK,COMPLETED,ADDRESS_EVENT_SET_NO_AMOUNT,,,,,12,TOK,[],raw_by_asset_no_cross_asset_sum,161f3cac6d738ba9d26338020872c8bf3d4ad2a56b5228509393cb9527a628cf,QUERY_ACCEPTED
controlled-v1/gas_background_and_anchors/09,controlled-v1/gas_background_and_anchors/09,SYNTHETIC_CONTROLLED_V1,controlled,SYNTHETIC,False,POISON,addresses,T|TOK,COMPLETED,POISON_NOMINAL_RAW,,,,6,6,TOK,[],raw_by_asset_no_cross_asset_sum,161f3cac6d738ba9d26338020872c8bf3d4ad2a56b5228509393cb9527a628cf,QUERY_ACCEPTED
controlled-v1/gas_background_and_anchors/09,controlled-v1/gas_background_and_anchors/09,SYNTHETIC_CONTROLLED_V1,controlled,SYNTHETIC,False,POISON,addresses,U|TOK,COMPLETED,POISON_NOMINAL_RAW,,,,6,6,TOK,[],raw_by_asset_no_cross_asset_sum,161f3cac6d738ba9d26338020872c8bf3d4ad2a56b5228509393cb9527a628cf,QUERY_ACCEPTED
controlled-v1/gas_background_and_anchors/09,controlled-v1/gas_background_and_anchors/09,SYNTHETIC_CONTROLLED_V1,controlled,SYNTHETIC,False,POISON,events,seed,COMPLETED,POISON_NOMINAL_RAW,,,,6,6,TOK,[],raw_by_asset_no_cross_asset_sum,161f3cac6d738ba9d26338020872c8bf3d4ad2a56b5228509393cb9527a628cf,QUERY_ACCEPTED
controlled-v1/gas_background_and_anchors/09,controlled-v1/gas_background_and_anchors/09,SYNTHETIC_CONTROLLED_V1,controlled,SYNTHETIC,False,POISON,events,gas_success,COMPLETED,POISON_NOMINAL_RAW,,,,0,1,ETH,[],raw_by_asset_no_cross_asset_sum,161f3cac6d738ba9d26338020872c8bf3d4ad2a56b5228509393cb9527a628cf,QUERY_ACCEPTED
controlled-v1/gas_background_and_anchors/09,controlled-v1/gas_background_and_anchors/09,SYNTHETIC_CONTROLLED_V1,controlled,SYNTHETIC,False,POISON,events,background_in,COMPLETED,POISON_NOMINAL_RAW,,,,0,1,TOK,[],raw_by_asset_no_cross_asset_sum,161f3cac6d738ba9d26338020872c8bf3d4ad2a56b5228509393cb9527a628cf,QUERY_ACCEPTED
controlled-v1/gas_background_and_anchors/09,controlled-v1/gas_background_and_anchors/09,SYNTHETIC_CONTROLLED_V1,controlled,SYNTHETIC,False,POISON,events,gas_failed,COMPLETED,POISON_NOMINAL_RAW,,,,0,1,ETH,[],raw_by_asset_no_cross_asset_sum,161f3cac6d738ba9d26338020872c8bf3d4ad2a56b5228509393cb9527a628cf,QUERY_ACCEPTED
controlled-v1/gas_background_and_anchors/09,controlled-v1/gas_background_and_anchors/09,SYNTHETIC_CONTROLLED_V1,controlled,SYNTHETIC,False,POISON,events,a_b,COMPLETED,POISON_NOMINAL_RAW,,,,6,6,TOK,[],raw_by_asset_no_cross_asset_sum,161f3cac6d738ba9d26338020872c8bf3d4ad2a56b5228509393cb9527a628cf,QUERY_ACCEPTED
controlled-v1/gas_background_and_anchors/09,controlled-v1/gas_background_and_anchors/09,SYNTHETIC_CONTROLLED_V1,controlled,SYNTHETIC,False,POISON,events,b_t,COMPLETED,POISON_NOMINAL_RAW,,,,6,6,TOK,[],raw_by_asset_no_cross_asset_sum,161f3cac6d738ba9d26338020872c8bf3d4ad2a56b5228509393cb9527a628cf,QUERY_ACCEPTED
controlled-v1/gas_background_and_anchors/09,controlled-v1/gas_background_and_anchors/09,SYNTHETIC_CONTROLLED_V1,controlled,SYNTHETIC,False,POISON,events,a_u,COMPLETED,POISON_NOMINAL_RAW,,,,6,6,TOK,[],raw_by_asset_no_cross_asset_sum,161f3cac6d738ba9d26338020872c8bf3d4ad2a56b5228509393cb9527a628cf,QUERY_ACCEPTED
controlled-v1/gas_background_and_anchors/09,controlled-v1/gas_background_and_anchors/09,SYNTHETIC_CONTROLLED_V1,controlled,SYNTHETIC,False,POISON,joint_by_asset,TOK,COMPLETED,POISON_NOMINAL_RAW,,,,12,12,TOK,[],raw_by_asset_no_cross_asset_sum,161f3cac6d738ba9d26338020872c8bf3d4ad2a56b5228509393cb9527a628cf,QUERY_ACCEPTED
controlled-v1/canonical_weth_1to1/00,controlled-v1/canonical_weth_1to1/00,SYNTHETIC_CONTROLLED_V1,controlled,SYNTHETIC,False,POISON,addresses,T|WETH,COMPLETED,POISON_NOMINAL_RAW,,,,4,4,WETH,[],raw_by_asset_no_cross_asset_sum,f45f75d9b7a110885575176b0ad52b97807b06e74166b04e30c87c240f6707f3,QUERY_ACCEPTED
controlled-v1/canonical_weth_1to1/00,controlled-v1/canonical_weth_1to1/00,SYNTHETIC_CONTROLLED_V1,controlled,SYNTHETIC,False,POISON,events,seed,COMPLETED,POISON_NOMINAL_RAW,,,,2,2,ETH,[],raw_by_asset_no_cross_asset_sum,f45f75d9b7a110885575176b0ad52b97807b06e74166b04e30c87c240f6707f3,QUERY_ACCEPTED
controlled-v1/canonical_weth_1to1/00,controlled-v1/canonical_weth_1to1/00,SYNTHETIC_CONTROLLED_V1,controlled,SYNTHETIC,False,POISON,events,wrap:input,COMPLETED,POISON_NOMINAL_RAW,,,,4,4,ETH,[],raw_by_asset_no_cross_asset_sum,f45f75d9b7a110885575176b0ad52b97807b06e74166b04e30c87c240f6707f3,QUERY_ACCEPTED
controlled-v1/canonical_weth_1to1/00,controlled-v1/canonical_weth_1to1/00,SYNTHETIC_CONTROLLED_V1,controlled,SYNTHETIC,False,POISON,events,wrap:refund,COMPLETED,POISON_NOMINAL_RAW,,,,0,0,ETH,[],raw_by_asset_no_cross_asset_sum,f45f75d9b7a110885575176b0ad52b97807b06e74166b04e30c87c240f6707f3,QUERY_ACCEPTED
controlled-v1/canonical_weth_1to1/00,controlled-v1/canonical_weth_1to1/00,SYNTHETIC_CONTROLLED_V1,controlled,SYNTHETIC,False,POISON,events,wrap:net,COMPLETED,POISON_NOMINAL_RAW,,,,4,4,ETH,[],raw_by_asset_no_cross_asset_sum,f45f75d9b7a110885575176b0ad52b97807b06e74166b04e30c87c240f6707f3,QUERY_ACCEPTED
controlled-v1/canonical_weth_1to1/00,controlled-v1/canonical_weth_1to1/00,SYNTHETIC_CONTROLLED_V1,controlled,SYNTHETIC,False,POISON,events,wrap:output,COMPLETED,POISON_NOMINAL_RAW,,,,4,4,WETH,[],raw_by_asset_no_cross_asset_sum,f45f75d9b7a110885575176b0ad52b97807b06e74166b04e30c87c240f6707f3,QUERY_ACCEPTED
controlled-v1/canonical_weth_1to1/00,controlled-v1/canonical_weth_1to1/00,SYNTHETIC_CONTROLLED_V1,controlled,SYNTHETIC,False,POISON,events,weth_enter,COMPLETED,POISON_NOMINAL_RAW,,,,4,4,WETH,[],raw_by_asset_no_cross_asset_sum,f45f75d9b7a110885575176b0ad52b97807b06e74166b04e30c87c240f6707f3,QUERY_ACCEPTED
controlled-v1/canonical_weth_1to1/00,controlled-v1/canonical_weth_1to1/00,SYNTHETIC_CONTROLLED_V1,controlled,SYNTHETIC,False,POISON,joint_by_asset,WETH,COMPLETED,POISON_NOMINAL_RAW,,,,4,4,WETH,[],raw_by_asset_no_cross_asset_sum,f45f75d9b7a110885575176b0ad52b97807b06e74166b04e30c87c240f6707f3,QUERY_ACCEPTED
controlled-v1/canonical_weth_1to1/00,controlled-v1/canonical_weth_1to1/00,SYNTHETIC_CONTROLLED_V1,controlled,SYNTHETIC,False,HAIRCUT,addresses,T|WETH,COMPLETED,PROPORTIONAL_FEASIBLE_POINT,,,2,,4,WETH,[],raw_by_asset_no_cross_asset_sum,f45f75d9b7a110885575176b0ad52b97807b06e74166b04e30c87c240f6707f3,QUERY_ACCEPTED
controlled-v1/canonical_weth_1to1/00,controlled-v1/canonical_weth_1to1/00,SYNTHETIC_CONTROLLED_V1,controlled,SYNTHETIC,False,HAIRCUT,events,seed,COMPLETED,PROPORTIONAL_FEASIBLE_POINT,,,2,,2,ETH,[],raw_by_asset_no_cross_asset_sum,f45f75d9b7a110885575176b0ad52b97807b06e74166b04e30c87c240f6707f3,QUERY_ACCEPTED
controlled-v1/canonical_weth_1to1/00,controlled-v1/canonical_weth_1to1/00,SYNTHETIC_CONTROLLED_V1,controlled,SYNTHETIC,False,HAIRCUT,events,wrap:input,COMPLETED,PROPORTIONAL_FEASIBLE_POINT,,,2,,4,ETH,[],raw_by_asset_no_cross_asset_sum,f45f75d9b7a110885575176b0ad52b97807b06e74166b04e30c87c240f6707f3,QUERY_ACCEPTED
controlled-v1/canonical_weth_1to1/00,controlled-v1/canonical_weth_1to1/00,SYNTHETIC_CONTROLLED_V1,controlled,SYNTHETIC,False,HAIRCUT,events,wrap:refund,COMPLETED,PROPORTIONAL_FEASIBLE_POINT,,,0,,0,ETH,[],raw_by_asset_no_cross_asset_sum,f45f75d9b7a110885575176b0ad52b97807b06e74166b04e30c87c240f6707f3,QUERY_ACCEPTED
controlled-v1/canonical_weth_1to1/00,controlled-v1/canonical_weth_1to1/00,SYNTHETIC_CONTROLLED_V1,controlled,SYNTHETIC,False,HAIRCUT,events,wrap:net,COMPLETED,PROPORTIONAL_FEASIBLE_POINT,,,2,,4,ETH,[],raw_by_asset_no_cross_asset_sum,f45f75d9b7a110885575176b0ad52b97807b06e74166b04e30c87c240f6707f3,QUERY_ACCEPTED
controlled-v1/canonical_weth_1to1/00,controlled-v1/canonical_weth_1to1/00,SYNTHETIC_CONTROLLED_V1,controlled,SYNTHETIC,False,HAIRCUT,events,wrap:output,COMPLETED,PROPORTIONAL_FEASIBLE_POINT,,,2,,4,WETH,[],raw_by_asset_no_cross_asset_sum,f45f75d9b7a110885575176b0ad52b97807b06e74166b04e30c87c240f6707f3,QUERY_ACCEPTED
controlled-v1/canonical_weth_1to1/00,controlled-v1/canonical_weth_1to1/00,SYNTHETIC_CONTROLLED_V1,controlled,SYNTHETIC,False,HAIRCUT,events,weth_enter,COMPLETED,PROPORTIONAL_FEASIBLE_POINT,,,2,,4,WETH,[],raw_by_asset_no_cross_asset_sum,f45f75d9b7a110885575176b0ad52b97807b06e74166b04e30c87c240f6707f3,QUERY_ACCEPTED
controlled-v1/canonical_weth_1to1/00,controlled-v1/canonical_weth_1to1/00,SYNTHETIC_CONTROLLED_V1,controlled,SYNTHETIC,False,HAIRCUT,joint_by_asset,WETH,COMPLETED,PROPORTIONAL_FEASIBLE_POINT,,,2,,4,WETH,[],raw_by_asset_no_cross_asset_sum,f45f75d9b7a110885575176b0ad52b97807b06e74166b04e30c87c240f6707f3,QUERY_ACCEPTED
controlled-v1/canonical_weth_1to1/00,controlled-v1/canonical_weth_1to1/00,SYNTHETIC_CONTROLLED_V1,controlled,SYNTHETIC,False,NO_CROSS_TARGET_COUPLING,addresses,T|WETH,COMPLETED,product_of_target_specific_copies,2,2,,,4,WETH,[],raw_by_asset_no_cross_asset_sum,f45f75d9b7a110885575176b0ad52b97807b06e74166b04e30c87c240f6707f3,QUERY_ACCEPTED
controlled-v1/canonical_weth_1to1/00,controlled-v1/canonical_weth_1to1/00,SYNTHETIC_CONTROLLED_V1,controlled,SYNTHETIC,False,NO_CROSS_TARGET_COUPLING,events,weth_enter,COMPLETED,product_of_target_specific_copies,2,2,,,4,WETH,[],raw_by_asset_no_cross_asset_sum,f45f75d9b7a110885575176b0ad52b97807b06e74166b04e30c87c240f6707f3,QUERY_ACCEPTED
controlled-v1/canonical_weth_1to1/00,controlled-v1/canonical_weth_1to1/00,SYNTHETIC_CONTROLLED_V1,controlled,SYNTHETIC,False,NO_CROSS_TARGET_COUPLING,joint_by_asset,WETH,COMPLETED,product_of_target_specific_copies,2,2,,,4,WETH,[],raw_by_asset_no_cross_asset_sum,f45f75d9b7a110885575176b0ad52b97807b06e74166b04e30c87c240f6707f3,QUERY_ACCEPTED
controlled-v1/canonical_weth_1to1/00,controlled-v1/canonical_weth_1to1/00,SYNTHETIC_CONTROLLED_V1,controlled,SYNTHETIC,False,NO_PROTOCOL_CONTINUATION,addresses,T|WETH,COMPLETED,feasible_interval,0,0,,,4,WETH,[],raw_by_asset_no_cross_asset_sum,f45f75d9b7a110885575176b0ad52b97807b06e74166b04e30c87c240f6707f3,QUERY_ACCEPTED
controlled-v1/canonical_weth_1to1/00,controlled-v1/canonical_weth_1to1/00,SYNTHETIC_CONTROLLED_V1,controlled,SYNTHETIC,False,NO_PROTOCOL_CONTINUATION,events,weth_enter,COMPLETED,feasible_interval,0,0,,,4,WETH,[],raw_by_asset_no_cross_asset_sum,f45f75d9b7a110885575176b0ad52b97807b06e74166b04e30c87c240f6707f3,QUERY_ACCEPTED
controlled-v1/canonical_weth_1to1/00,controlled-v1/canonical_weth_1to1/00,SYNTHETIC_CONTROLLED_V1,controlled,SYNTHETIC,False,NO_PROTOCOL_CONTINUATION,joint_by_asset,WETH,COMPLETED,feasible_interval,0,0,,,4,WETH,[],raw_by_asset_no_cross_asset_sum,f45f75d9b7a110885575176b0ad52b97807b06e74166b04e30c87c240f6707f3,QUERY_ACCEPTED
controlled-v1/canonical_weth_1to1/00,controlled-v1/canonical_weth_1to1/00,SYNTHETIC_CONTROLLED_V1,controlled,SYNTHETIC,False,BALANCE_INFORMATION_REMOVED,addresses,T|WETH,COMPLETED,feasible_interval,0,2,,,4,WETH,[],raw_by_asset_no_cross_asset_sum,f45f75d9b7a110885575176b0ad52b97807b06e74166b04e30c87c240f6707f3,QUERY_ACCEPTED
controlled-v1/canonical_weth_1to1/00,controlled-v1/canonical_weth_1to1/00,SYNTHETIC_CONTROLLED_V1,controlled,SYNTHETIC,False,BALANCE_INFORMATION_REMOVED,events,weth_enter,COMPLETED,feasible_interval,0,2,,,4,WETH,[],raw_by_asset_no_cross_asset_sum,f45f75d9b7a110885575176b0ad52b97807b06e74166b04e30c87c240f6707f3,QUERY_ACCEPTED
controlled-v1/canonical_weth_1to1/00,controlled-v1/canonical_weth_1to1/00,SYNTHETIC_CONTROLLED_V1,controlled,SYNTHETIC,False,BALANCE_INFORMATION_REMOVED,joint_by_asset,WETH,COMPLETED,feasible_interval,0,2,,,4,WETH,[],raw_by_asset_no_cross_asset_sum,f45f75d9b7a110885575176b0ad52b97807b06e74166b04e30c87c240f6707f3,QUERY_ACCEPTED
controlled-v1/canonical_weth_1to1/00,controlled-v1/canonical_weth_1to1/00,SYNTHETIC_CONTROLLED_V1,controlled,SYNTHETIC,False,FULL_INTERVAL,addresses,T|WETH,COMPLETED,feasible_interval,2,2,,,4,WETH,[],raw_by_asset_no_cross_asset_sum,f45f75d9b7a110885575176b0ad52b97807b06e74166b04e30c87c240f6707f3,QUERY_ACCEPTED
controlled-v1/canonical_weth_1to1/00,controlled-v1/canonical_weth_1to1/00,SYNTHETIC_CONTROLLED_V1,controlled,SYNTHETIC,False,FULL_INTERVAL,events,weth_enter,COMPLETED,feasible_interval,2,2,,,4,WETH,[],raw_by_asset_no_cross_asset_sum,f45f75d9b7a110885575176b0ad52b97807b06e74166b04e30c87c240f6707f3,QUERY_ACCEPTED
controlled-v1/canonical_weth_1to1/00,controlled-v1/canonical_weth_1to1/00,SYNTHETIC_CONTROLLED_V1,controlled,SYNTHETIC,False,FULL_INTERVAL,joint_by_asset,WETH,COMPLETED,feasible_interval,2,2,,,4,WETH,[],raw_by_asset_no_cross_asset_sum,f45f75d9b7a110885575176b0ad52b97807b06e74166b04e30c87c240f6707f3,QUERY_ACCEPTED
controlled-v1/canonical_weth_1to1/00,controlled-v1/canonical_weth_1to1/00,SYNTHETIC_CONTROLLED_V1,controlled,SYNTHETIC,False,BOUNDED_REACHABILITY,addresses,T|WETH,COMPLETED,ADDRESS_EVENT_SET_NO_AMOUNT,,,,,4,WETH,[],raw_by_asset_no_cross_asset_sum,f45f75d9b7a110885575176b0ad52b97807b06e74166b04e30c87c240f6707f3,QUERY_ACCEPTED
controlled-v1/canonical_weth_1to1/00,controlled-v1/canonical_weth_1to1/00,SYNTHETIC_CONTROLLED_V1,controlled,SYNTHETIC,False,BOUNDED_REACHABILITY,events,seed,COMPLETED,ADDRESS_EVENT_SET_NO_AMOUNT,,,,,2,ETH,[],raw_by_asset_no_cross_asset_sum,f45f75d9b7a110885575176b0ad52b97807b06e74166b04e30c87c240f6707f3,QUERY_ACCEPTED
controlled-v1/canonical_weth_1to1/00,controlled-v1/canonical_weth_1to1/00,SYNTHETIC_CONTROLLED_V1,controlled,SYNTHETIC,False,BOUNDED_REACHABILITY,events,wrap:input,COMPLETED,ADDRESS_EVENT_SET_NO_AMOUNT,,,,,4,ETH,[],raw_by_asset_no_cross_asset_sum,f45f75d9b7a110885575176b0ad52b97807b06e74166b04e30c87c240f6707f3,QUERY_ACCEPTED
controlled-v1/canonical_weth_1to1/00,controlled-v1/canonical_weth_1to1/00,SYNTHETIC_CONTROLLED_V1,controlled,SYNTHETIC,False,BOUNDED_REACHABILITY,events,wrap:refund,COMPLETED,ADDRESS_EVENT_SET_NO_AMOUNT,,,,,0,ETH,[],raw_by_asset_no_cross_asset_sum,f45f75d9b7a110885575176b0ad52b97807b06e74166b04e30c87c240f6707f3,QUERY_ACCEPTED
controlled-v1/canonical_weth_1to1/00,controlled-v1/canonical_weth_1to1/00,SYNTHETIC_CONTROLLED_V1,controlled,SYNTHETIC,False,BOUNDED_REACHABILITY,events,wrap:net,COMPLETED,ADDRESS_EVENT_SET_NO_AMOUNT,,,,,4,ETH,[],raw_by_asset_no_cross_asset_sum,f45f75d9b7a110885575176b0ad52b97807b06e74166b04e30c87c240f6707f3,QUERY_ACCEPTED
controlled-v1/canonical_weth_1to1/00,controlled-v1/canonical_weth_1to1/00,SYNTHETIC_CONTROLLED_V1,controlled,SYNTHETIC,False,BOUNDED_REACHABILITY,events,wrap:output,COMPLETED,ADDRESS_EVENT_SET_NO_AMOUNT,,,,,4,WETH,[],raw_by_asset_no_cross_asset_sum,f45f75d9b7a110885575176b0ad52b97807b06e74166b04e30c87c240f6707f3,QUERY_ACCEPTED
controlled-v1/canonical_weth_1to1/00,controlled-v1/canonical_weth_1to1/00,SYNTHETIC_CONTROLLED_V1,controlled,SYNTHETIC,False,BOUNDED_REACHABILITY,events,weth_enter,COMPLETED,ADDRESS_EVENT_SET_NO_AMOUNT,,,,,4,WETH,[],raw_by_asset_no_cross_asset_sum,f45f75d9b7a110885575176b0ad52b97807b06e74166b04e30c87c240f6707f3,QUERY_ACCEPTED
controlled-v1/canonical_weth_1to1/00,controlled-v1/canonical_weth_1to1/00,SYNTHETIC_CONTROLLED_V1,controlled,SYNTHETIC,False,BOUNDED_REACHABILITY,joint_by_asset,WETH,COMPLETED,ADDRESS_EVENT_SET_NO_AMOUNT,,,,,4,WETH,[],raw_by_asset_no_cross_asset_sum,f45f75d9b7a110885575176b0ad52b97807b06e74166b04e30c87c240f6707f3,QUERY_ACCEPTED
controlled-v1/canonical_weth_1to1/01,controlled-v1/canonical_weth_1to1/01,SYNTHETIC_CONTROLLED_V1,controlled,SYNTHETIC,False,POISON,addresses,T|WETH,COMPLETED,POISON_NOMINAL_RAW,,,,1,1,WETH,[],raw_by_asset_no_cross_asset_sum,ae446dee6ba1ceb8d3b9b5cd8d5c09a6efd7ef6bf0a4b09eb8a58c2e34a5cd71,QUERY_ACCEPTED
controlled-v1/canonical_weth_1to1/01,controlled-v1/canonical_weth_1to1/01,SYNTHETIC_CONTROLLED_V1,controlled,SYNTHETIC,False,POISON,addresses,U|WETH,COMPLETED,POISON_NOMINAL_RAW,,,,2,2,WETH,[],raw_by_asset_no_cross_asset_sum,ae446dee6ba1ceb8d3b9b5cd8d5c09a6efd7ef6bf0a4b09eb8a58c2e34a5cd71,QUERY_ACCEPTED
controlled-v1/canonical_weth_1to1/01,controlled-v1/canonical_weth_1to1/01,SYNTHETIC_CONTROLLED_V1,controlled,SYNTHETIC,False,POISON,events,seed,COMPLETED,POISON_NOMINAL_RAW,,,,2,2,ETH,[],raw_by_asset_no_cross_asset_sum,ae446dee6ba1ceb8d3b9b5cd8d5c09a6efd7ef6bf0a4b09eb8a58c2e34a5cd71,QUERY_ACCEPTED
controlled-v1/canonical_weth_1to1/01,controlled-v1/canonical_weth_1to1/01,SYNTHETIC_CONTROLLED_V1,controlled,SYNTHETIC,False,POISON,events,wrap:input,COMPLETED,POISON_NOMINAL_RAW,,,,4,4,ETH,[],raw_by_asset_no_cross_asset_sum,ae446dee6ba1ceb8d3b9b5cd8d5c09a6efd7ef6bf0a4b09eb8a58c2e34a5cd71,QUERY_ACCEPTED
controlled-v1/canonical_weth_1to1/01,controlled-v1/canonical_weth_1to1/01,SYNTHETIC_CONTROLLED_V1,controlled,SYNTHETIC,False,POISON,events,wrap:refund,COMPLETED,POISON_NOMINAL_RAW,,,,1,1,ETH,[],raw_by_asset_no_cross_asset_sum,ae446dee6ba1ceb8d3b9b5cd8d5c09a6efd7ef6bf0a4b09eb8a58c2e34a5cd71,QUERY_ACCEPTED
controlled-v1/canonical_weth_1to1/01,controlled-v1/canonical_weth_1to1/01,SYNTHETIC_CONTROLLED_V1,controlled,SYNTHETIC,False,POISON,events,wrap:net,COMPLETED,POISON_NOMINAL_RAW,,,,3,3,ETH,[],raw_by_asset_no_cross_asset_sum,ae446dee6ba1ceb8d3b9b5cd8d5c09a6efd7ef6bf0a4b09eb8a58c2e34a5cd71,QUERY_ACCEPTED
controlled-v1/canonical_weth_1to1/01,controlled-v1/canonical_weth_1to1/01,SYNTHETIC_CONTROLLED_V1,controlled,SYNTHETIC,False,POISON,events,wrap:output,COMPLETED,POISON_NOMINAL_RAW,,,,3,3,WETH,[],raw_by_asset_no_cross_asset_sum,ae446dee6ba1ceb8d3b9b5cd8d5c09a6efd7ef6bf0a4b09eb8a58c2e34a5cd71,QUERY_ACCEPTED
controlled-v1/canonical_weth_1to1/01,controlled-v1/canonical_weth_1to1/01,SYNTHETIC_CONTROLLED_V1,controlled,SYNTHETIC,False,POISON,events,weth_split:input,COMPLETED,POISON_NOMINAL_RAW,,,,3,3,WETH,[],raw_by_asset_no_cross_asset_sum,ae446dee6ba1ceb8d3b9b5cd8d5c09a6efd7ef6bf0a4b09eb8a58c2e34a5cd71,QUERY_ACCEPTED
controlled-v1/canonical_weth_1to1/01,controlled-v1/canonical_weth_1to1/01,SYNTHETIC_CONTROLLED_V1,controlled,SYNTHETIC,False,POISON,events,weth_split:output0,COMPLETED,POISON_NOMINAL_RAW,,,,1,1,WETH,[],raw_by_asset_no_cross_asset_sum,ae446dee6ba1ceb8d3b9b5cd8d5c09a6efd7ef6bf0a4b09eb8a58c2e34a5cd71,QUERY_ACCEPTED
controlled-v1/canonical_weth_1to1/01,controlled-v1/canonical_weth_1to1/01,SYNTHETIC_CONTROLLED_V1,controlled,SYNTHETIC,False,POISON,events,weth_split:output1,COMPLETED,POISON_NOMINAL_RAW,,,,2,2,WETH,[],raw_by_asset_no_cross_asset_sum,ae446dee6ba1ceb8d3b9b5cd8d5c09a6efd7ef6bf0a4b09eb8a58c2e34a5cd71,QUERY_ACCEPTED
controlled-v1/canonical_weth_1to1/01,controlled-v1/canonical_weth_1to1/01,SYNTHETIC_CONTROLLED_V1,controlled,SYNTHETIC,False,POISON,joint_by_asset,WETH,COMPLETED,POISON_NOMINAL_RAW,,,,3,3,WETH,[],raw_by_asset_no_cross_asset_sum,ae446dee6ba1ceb8d3b9b5cd8d5c09a6efd7ef6bf0a4b09eb8a58c2e34a5cd71,QUERY_ACCEPTED
controlled-v1/canonical_weth_1to1/01,controlled-v1/canonical_weth_1to1/01,SYNTHETIC_CONTROLLED_V1,controlled,SYNTHETIC,False,HAIRCUT,addresses,T|WETH,COMPLETED,PROPORTIONAL_FEASIBLE_POINT,,,1/2,,1,WETH,[],raw_by_asset_no_cross_asset_sum,ae446dee6ba1ceb8d3b9b5cd8d5c09a6efd7ef6bf0a4b09eb8a58c2e34a5cd71,QUERY_ACCEPTED
controlled-v1/canonical_weth_1to1/01,controlled-v1/canonical_weth_1to1/01,SYNTHETIC_CONTROLLED_V1,controlled,SYNTHETIC,False,HAIRCUT,addresses,U|WETH,COMPLETED,PROPORTIONAL_FEASIBLE_POINT,,,1,,2,WETH,[],raw_by_asset_no_cross_asset_sum,ae446dee6ba1ceb8d3b9b5cd8d5c09a6efd7ef6bf0a4b09eb8a58c2e34a5cd71,QUERY_ACCEPTED
controlled-v1/canonical_weth_1to1/01,controlled-v1/canonical_weth_1to1/01,SYNTHETIC_CONTROLLED_V1,controlled,SYNTHETIC,False,HAIRCUT,events,seed,COMPLETED,PROPORTIONAL_FEASIBLE_POINT,,,2,,2,ETH,[],raw_by_asset_no_cross_asset_sum,ae446dee6ba1ceb8d3b9b5cd8d5c09a6efd7ef6bf0a4b09eb8a58c2e34a5cd71,QUERY_ACCEPTED
controlled-v1/canonical_weth_1to1/01,controlled-v1/canonical_weth_1to1/01,SYNTHETIC_CONTROLLED_V1,controlled,SYNTHETIC,False,HAIRCUT,events,wrap:input,COMPLETED,PROPORTIONAL_FEASIBLE_POINT,,,2,,4,ETH,[],raw_by_asset_no_cross_asset_sum,ae446dee6ba1ceb8d3b9b5cd8d5c09a6efd7ef6bf0a4b09eb8a58c2e34a5cd71,QUERY_ACCEPTED
controlled-v1/canonical_weth_1to1/01,controlled-v1/canonical_weth_1to1/01,SYNTHETIC_CONTROLLED_V1,controlled,SYNTHETIC,False,HAIRCUT,events,wrap:refund,COMPLETED,PROPORTIONAL_FEASIBLE_POINT,,,1/2,,1,ETH,[],raw_by_asset_no_cross_asset_sum,ae446dee6ba1ceb8d3b9b5cd8d5c09a6efd7ef6bf0a4b09eb8a58c2e34a5cd71,QUERY_ACCEPTED
controlled-v1/canonical_weth_1to1/01,controlled-v1/canonical_weth_1to1/01,SYNTHETIC_CONTROLLED_V1,controlled,SYNTHETIC,False,HAIRCUT,events,wrap:net,COMPLETED,PROPORTIONAL_FEASIBLE_POINT,,,3/2,,3,ETH,[],raw_by_asset_no_cross_asset_sum,ae446dee6ba1ceb8d3b9b5cd8d5c09a6efd7ef6bf0a4b09eb8a58c2e34a5cd71,QUERY_ACCEPTED
controlled-v1/canonical_weth_1to1/01,controlled-v1/canonical_weth_1to1/01,SYNTHETIC_CONTROLLED_V1,controlled,SYNTHETIC,False,HAIRCUT,events,wrap:output,COMPLETED,PROPORTIONAL_FEASIBLE_POINT,,,3/2,,3,WETH,[],raw_by_asset_no_cross_asset_sum,ae446dee6ba1ceb8d3b9b5cd8d5c09a6efd7ef6bf0a4b09eb8a58c2e34a5cd71,QUERY_ACCEPTED
controlled-v1/canonical_weth_1to1/01,controlled-v1/canonical_weth_1to1/01,SYNTHETIC_CONTROLLED_V1,controlled,SYNTHETIC,False,HAIRCUT,events,weth_split:input,COMPLETED,PROPORTIONAL_FEASIBLE_POINT,,,3/2,,3,WETH,[],raw_by_asset_no_cross_asset_sum,ae446dee6ba1ceb8d3b9b5cd8d5c09a6efd7ef6bf0a4b09eb8a58c2e34a5cd71,QUERY_ACCEPTED
controlled-v1/canonical_weth_1to1/01,controlled-v1/canonical_weth_1to1/01,SYNTHETIC_CONTROLLED_V1,controlled,SYNTHETIC,False,HAIRCUT,events,weth_split:output0,COMPLETED,PROPORTIONAL_FEASIBLE_POINT,,,1/2,,1,WETH,[],raw_by_asset_no_cross_asset_sum,ae446dee6ba1ceb8d3b9b5cd8d5c09a6efd7ef6bf0a4b09eb8a58c2e34a5cd71,QUERY_ACCEPTED
controlled-v1/canonical_weth_1to1/01,controlled-v1/canonical_weth_1to1/01,SYNTHETIC_CONTROLLED_V1,controlled,SYNTHETIC,False,HAIRCUT,events,weth_split:output1,COMPLETED,PROPORTIONAL_FEASIBLE_POINT,,,1,,2,WETH,[],raw_by_asset_no_cross_asset_sum,ae446dee6ba1ceb8d3b9b5cd8d5c09a6efd7ef6bf0a4b09eb8a58c2e34a5cd71,QUERY_ACCEPTED
controlled-v1/canonical_weth_1to1/01,controlled-v1/canonical_weth_1to1/01,SYNTHETIC_CONTROLLED_V1,controlled,SYNTHETIC,False,HAIRCUT,joint_by_asset,WETH,COMPLETED,PROPORTIONAL_FEASIBLE_POINT,,,3/2,,3,WETH,[],raw_by_asset_no_cross_asset_sum,ae446dee6ba1ceb8d3b9b5cd8d5c09a6efd7ef6bf0a4b09eb8a58c2e34a5cd71,QUERY_ACCEPTED
controlled-v1/canonical_weth_1to1/01,controlled-v1/canonical_weth_1to1/01,SYNTHETIC_CONTROLLED_V1,controlled,SYNTHETIC,False,NO_CROSS_TARGET_COUPLING,addresses,T|WETH,COMPLETED,product_of_target_specific_copies,0,1,,,1,WETH,[],raw_by_asset_no_cross_asset_sum,ae446dee6ba1ceb8d3b9b5cd8d5c09a6efd7ef6bf0a4b09eb8a58c2e34a5cd71,QUERY_ACCEPTED
controlled-v1/canonical_weth_1to1/01,controlled-v1/canonical_weth_1to1/01,SYNTHETIC_CONTROLLED_V1,controlled,SYNTHETIC,False,NO_CROSS_TARGET_COUPLING,addresses,U|WETH,COMPLETED,product_of_target_specific_copies,0,2,,,2,WETH,[],raw_by_asset_no_cross_asset_sum,ae446dee6ba1ceb8d3b9b5cd8d5c09a6efd7ef6bf0a4b09eb8a58c2e34a5cd71,QUERY_ACCEPTED
controlled-v1/canonical_weth_1to1/01,controlled-v1/canonical_weth_1to1/01,SYNTHETIC_CONTROLLED_V1,controlled,SYNTHETIC,False,NO_CROSS_TARGET_COUPLING,events,weth_split:output0,COMPLETED,product_of_target_specific_copies,0,1,,,1,WETH,[],raw_by_asset_no_cross_asset_sum,ae446dee6ba1ceb8d3b9b5cd8d5c09a6efd7ef6bf0a4b09eb8a58c2e34a5cd71,QUERY_ACCEPTED
controlled-v1/canonical_weth_1to1/01,controlled-v1/canonical_weth_1to1/01,SYNTHETIC_CONTROLLED_V1,controlled,SYNTHETIC,False,NO_CROSS_TARGET_COUPLING,events,weth_split:output1,COMPLETED,product_of_target_specific_copies,0,2,,,2,WETH,[],raw_by_asset_no_cross_asset_sum,ae446dee6ba1ceb8d3b9b5cd8d5c09a6efd7ef6bf0a4b09eb8a58c2e34a5cd71,QUERY_ACCEPTED
controlled-v1/canonical_weth_1to1/01,controlled-v1/canonical_weth_1to1/01,SYNTHETIC_CONTROLLED_V1,controlled,SYNTHETIC,False,NO_CROSS_TARGET_COUPLING,joint_by_asset,WETH,COMPLETED,product_of_target_specific_copies,0,3,,,3,WETH,[],raw_by_asset_no_cross_asset_sum,ae446dee6ba1ceb8d3b9b5cd8d5c09a6efd7ef6bf0a4b09eb8a58c2e34a5cd71,QUERY_ACCEPTED
controlled-v1/canonical_weth_1to1/01,controlled-v1/canonical_weth_1to1/01,SYNTHETIC_CONTROLLED_V1,controlled,SYNTHETIC,False,NO_PROTOCOL_CONTINUATION,addresses,T|WETH,COMPLETED,feasible_interval,0,0,,,1,WETH,[],raw_by_asset_no_cross_asset_sum,ae446dee6ba1ceb8d3b9b5cd8d5c09a6efd7ef6bf0a4b09eb8a58c2e34a5cd71,QUERY_ACCEPTED
controlled-v1/canonical_weth_1to1/01,controlled-v1/canonical_weth_1to1/01,SYNTHETIC_CONTROLLED_V1,controlled,SYNTHETIC,False,NO_PROTOCOL_CONTINUATION,addresses,U|WETH,COMPLETED,feasible_interval,0,0,,,2,WETH,[],raw_by_asset_no_cross_asset_sum,ae446dee6ba1ceb8d3b9b5cd8d5c09a6efd7ef6bf0a4b09eb8a58c2e34a5cd71,QUERY_ACCEPTED
controlled-v1/canonical_weth_1to1/01,controlled-v1/canonical_weth_1to1/01,SYNTHETIC_CONTROLLED_V1,controlled,SYNTHETIC,False,NO_PROTOCOL_CONTINUATION,events,weth_split:output0,COMPLETED,feasible_interval,0,0,,,1,WETH,[],raw_by_asset_no_cross_asset_sum,ae446dee6ba1ceb8d3b9b5cd8d5c09a6efd7ef6bf0a4b09eb8a58c2e34a5cd71,QUERY_ACCEPTED
controlled-v1/canonical_weth_1to1/01,controlled-v1/canonical_weth_1to1/01,SYNTHETIC_CONTROLLED_V1,controlled,SYNTHETIC,False,NO_PROTOCOL_CONTINUATION,events,weth_split:output1,COMPLETED,feasible_interval,0,0,,,2,WETH,[],raw_by_asset_no_cross_asset_sum,ae446dee6ba1ceb8d3b9b5cd8d5c09a6efd7ef6bf0a4b09eb8a58c2e34a5cd71,QUERY_ACCEPTED
controlled-v1/canonical_weth_1to1/01,controlled-v1/canonical_weth_1to1/01,SYNTHETIC_CONTROLLED_V1,controlled,SYNTHETIC,False,NO_PROTOCOL_CONTINUATION,joint_by_asset,WETH,COMPLETED,feasible_interval,0,0,,,3,WETH,[],raw_by_asset_no_cross_asset_sum,ae446dee6ba1ceb8d3b9b5cd8d5c09a6efd7ef6bf0a4b09eb8a58c2e34a5cd71,QUERY_ACCEPTED
controlled-v1/canonical_weth_1to1/01,controlled-v1/canonical_weth_1to1/01,SYNTHETIC_CONTROLLED_V1,controlled,SYNTHETIC,False,BALANCE_INFORMATION_REMOVED,addresses,T|WETH,COMPLETED,feasible_interval,0,1,,,1,WETH,[],raw_by_asset_no_cross_asset_sum,ae446dee6ba1ceb8d3b9b5cd8d5c09a6efd7ef6bf0a4b09eb8a58c2e34a5cd71,QUERY_ACCEPTED
controlled-v1/canonical_weth_1to1/01,controlled-v1/canonical_weth_1to1/01,SYNTHETIC_CONTROLLED_V1,controlled,SYNTHETIC,False,BALANCE_INFORMATION_REMOVED,addresses,U|WETH,COMPLETED,feasible_interval,0,2,,,2,WETH,[],raw_by_asset_no_cross_asset_sum,ae446dee6ba1ceb8d3b9b5cd8d5c09a6efd7ef6bf0a4b09eb8a58c2e34a5cd71,QUERY_ACCEPTED
controlled-v1/canonical_weth_1to1/01,controlled-v1/canonical_weth_1to1/01,SYNTHETIC_CONTROLLED_V1,controlled,SYNTHETIC,False,BALANCE_INFORMATION_REMOVED,events,weth_split:output0,COMPLETED,feasible_interval,0,1,,,1,WETH,[],raw_by_asset_no_cross_asset_sum,ae446dee6ba1ceb8d3b9b5cd8d5c09a6efd7ef6bf0a4b09eb8a58c2e34a5cd71,QUERY_ACCEPTED
controlled-v1/canonical_weth_1to1/01,controlled-v1/canonical_weth_1to1/01,SYNTHETIC_CONTROLLED_V1,controlled,SYNTHETIC,False,BALANCE_INFORMATION_REMOVED,events,weth_split:output1,COMPLETED,feasible_interval,0,2,,,2,WETH,[],raw_by_asset_no_cross_asset_sum,ae446dee6ba1ceb8d3b9b5cd8d5c09a6efd7ef6bf0a4b09eb8a58c2e34a5cd71,QUERY_ACCEPTED
controlled-v1/canonical_weth_1to1/01,controlled-v1/canonical_weth_1to1/01,SYNTHETIC_CONTROLLED_V1,controlled,SYNTHETIC,False,BALANCE_INFORMATION_REMOVED,joint_by_asset,WETH,COMPLETED,feasible_interval,0,2,,,3,WETH,[],raw_by_asset_no_cross_asset_sum,ae446dee6ba1ceb8d3b9b5cd8d5c09a6efd7ef6bf0a4b09eb8a58c2e34a5cd71,QUERY_ACCEPTED
controlled-v1/canonical_weth_1to1/01,controlled-v1/canonical_weth_1to1/01,SYNTHETIC_CONTROLLED_V1,controlled,SYNTHETIC,False,FULL_INTERVAL,addresses,T|WETH,COMPLETED,feasible_interval,0,1,,,1,WETH,[],raw_by_asset_no_cross_asset_sum,ae446dee6ba1ceb8d3b9b5cd8d5c09a6efd7ef6bf0a4b09eb8a58c2e34a5cd71,QUERY_ACCEPTED
controlled-v1/canonical_weth_1to1/01,controlled-v1/canonical_weth_1to1/01,SYNTHETIC_CONTROLLED_V1,controlled,SYNTHETIC,False,FULL_INTERVAL,addresses,U|WETH,COMPLETED,feasible_interval,0,2,,,2,WETH,[],raw_by_asset_no_cross_asset_sum,ae446dee6ba1ceb8d3b9b5cd8d5c09a6efd7ef6bf0a4b09eb8a58c2e34a5cd71,QUERY_ACCEPTED
controlled-v1/canonical_weth_1to1/01,controlled-v1/canonical_weth_1to1/01,SYNTHETIC_CONTROLLED_V1,controlled,SYNTHETIC,False,FULL_INTERVAL,events,weth_split:output0,COMPLETED,feasible_interval,0,1,,,1,WETH,[],raw_by_asset_no_cross_asset_sum,ae446dee6ba1ceb8d3b9b5cd8d5c09a6efd7ef6bf0a4b09eb8a58c2e34a5cd71,QUERY_ACCEPTED
controlled-v1/canonical_weth_1to1/01,controlled-v1/canonical_weth_1to1/01,SYNTHETIC_CONTROLLED_V1,controlled,SYNTHETIC,False,FULL_INTERVAL,events,weth_split:output1,COMPLETED,feasible_interval,0,2,,,2,WETH,[],raw_by_asset_no_cross_asset_sum,ae446dee6ba1ceb8d3b9b5cd8d5c09a6efd7ef6bf0a4b09eb8a58c2e34a5cd71,QUERY_ACCEPTED
controlled-v1/canonical_weth_1to1/01,controlled-v1/canonical_weth_1to1/01,SYNTHETIC_CONTROLLED_V1,controlled,SYNTHETIC,False,FULL_INTERVAL,joint_by_asset,WETH,COMPLETED,feasible_interval,1,2,,,3,WETH,[],raw_by_asset_no_cross_asset_sum,ae446dee6ba1ceb8d3b9b5cd8d5c09a6efd7ef6bf0a4b09eb8a58c2e34a5cd71,QUERY_ACCEPTED
controlled-v1/canonical_weth_1to1/01,controlled-v1/canonical_weth_1to1/01,SYNTHETIC_CONTROLLED_V1,controlled,SYNTHETIC,False,BOUNDED_REACHABILITY,addresses,T|WETH,COMPLETED,ADDRESS_EVENT_SET_NO_AMOUNT,,,,,1,WETH,[],raw_by_asset_no_cross_asset_sum,ae446dee6ba1ceb8d3b9b5cd8d5c09a6efd7ef6bf0a4b09eb8a58c2e34a5cd71,QUERY_ACCEPTED
controlled-v1/canonical_weth_1to1/01,controlled-v1/canonical_weth_1to1/01,SYNTHETIC_CONTROLLED_V1,controlled,SYNTHETIC,False,BOUNDED_REACHABILITY,addresses,U|WETH,COMPLETED,ADDRESS_EVENT_SET_NO_AMOUNT,,,,,2,WETH,[],raw_by_asset_no_cross_asset_sum,ae446dee6ba1ceb8d3b9b5cd8d5c09a6efd7ef6bf0a4b09eb8a58c2e34a5cd71,QUERY_ACCEPTED
controlled-v1/canonical_weth_1to1/01,controlled-v1/canonical_weth_1to1/01,SYNTHETIC_CONTROLLED_V1,controlled,SYNTHETIC,False,BOUNDED_REACHABILITY,events,seed,COMPLETED,ADDRESS_EVENT_SET_NO_AMOUNT,,,,,2,ETH,[],raw_by_asset_no_cross_asset_sum,ae446dee6ba1ceb8d3b9b5cd8d5c09a6efd7ef6bf0a4b09eb8a58c2e34a5cd71,QUERY_ACCEPTED
controlled-v1/canonical_weth_1to1/01,controlled-v1/canonical_weth_1to1/01,SYNTHETIC_CONTROLLED_V1,controlled,SYNTHETIC,False,BOUNDED_REACHABILITY,events,wrap:input,COMPLETED,ADDRESS_EVENT_SET_NO_AMOUNT,,,,,4,ETH,[],raw_by_asset_no_cross_asset_sum,ae446dee6ba1ceb8d3b9b5cd8d5c09a6efd7ef6bf0a4b09eb8a58c2e34a5cd71,QUERY_ACCEPTED
controlled-v1/canonical_weth_1to1/01,controlled-v1/canonical_weth_1to1/01,SYNTHETIC_CONTROLLED_V1,controlled,SYNTHETIC,False,BOUNDED_REACHABILITY,events,wrap:refund,COMPLETED,ADDRESS_EVENT_SET_NO_AMOUNT,,,,,1,ETH,[],raw_by_asset_no_cross_asset_sum,ae446dee6ba1ceb8d3b9b5cd8d5c09a6efd7ef6bf0a4b09eb8a58c2e34a5cd71,QUERY_ACCEPTED
controlled-v1/canonical_weth_1to1/01,controlled-v1/canonical_weth_1to1/01,SYNTHETIC_CONTROLLED_V1,controlled,SYNTHETIC,False,BOUNDED_REACHABILITY,events,wrap:net,COMPLETED,ADDRESS_EVENT_SET_NO_AMOUNT,,,,,3,ETH,[],raw_by_asset_no_cross_asset_sum,ae446dee6ba1ceb8d3b9b5cd8d5c09a6efd7ef6bf0a4b09eb8a58c2e34a5cd71,QUERY_ACCEPTED
controlled-v1/canonical_weth_1to1/01,controlled-v1/canonical_weth_1to1/01,SYNTHETIC_CONTROLLED_V1,controlled,SYNTHETIC,False,BOUNDED_REACHABILITY,events,wrap:output,COMPLETED,ADDRESS_EVENT_SET_NO_AMOUNT,,,,,3,WETH,[],raw_by_asset_no_cross_asset_sum,ae446dee6ba1ceb8d3b9b5cd8d5c09a6efd7ef6bf0a4b09eb8a58c2e34a5cd71,QUERY_ACCEPTED
controlled-v1/canonical_weth_1to1/01,controlled-v1/canonical_weth_1to1/01,SYNTHETIC_CONTROLLED_V1,controlled,SYNTHETIC,False,BOUNDED_REACHABILITY,events,weth_split:input,COMPLETED,ADDRESS_EVENT_SET_NO_AMOUNT,,,,,3,WETH,[],raw_by_asset_no_cross_asset_sum,ae446dee6ba1ceb8d3b9b5cd8d5c09a6efd7ef6bf0a4b09eb8a58c2e34a5cd71,QUERY_ACCEPTED
controlled-v1/canonical_weth_1to1/01,controlled-v1/canonical_weth_1to1/01,SYNTHETIC_CONTROLLED_V1,controlled,SYNTHETIC,False,BOUNDED_REACHABILITY,events,weth_split:output0,COMPLETED,ADDRESS_EVENT_SET_NO_AMOUNT,,,,,1,WETH,[],raw_by_asset_no_cross_asset_sum,ae446dee6ba1ceb8d3b9b5cd8d5c09a6efd7ef6bf0a4b09eb8a58c2e34a5cd71,QUERY_ACCEPTED
controlled-v1/canonical_weth_1to1/01,controlled-v1/canonical_weth_1to1/01,SYNTHETIC_CONTROLLED_V1,controlled,SYNTHETIC,False,BOUNDED_REACHABILITY,events,weth_split:output1,COMPLETED,ADDRESS_EVENT_SET_NO_AMOUNT,,,,,2,WETH,[],raw_by_asset_no_cross_asset_sum,ae446dee6ba1ceb8d3b9b5cd8d5c09a6efd7ef6bf0a4b09eb8a58c2e34a5cd71,QUERY_ACCEPTED
controlled-v1/canonical_weth_1to1/01,controlled-v1/canonical_weth_1to1/01,SYNTHETIC_CONTROLLED_V1,controlled,SYNTHETIC,False,BOUNDED_REACHABILITY,joint_by_asset,WETH,COMPLETED,ADDRESS_EVENT_SET_NO_AMOUNT,,,,,3,WETH,[],raw_by_asset_no_cross_asset_sum,ae446dee6ba1ceb8d3b9b5cd8d5c09a6efd7ef6bf0a4b09eb8a58c2e34a5cd71,QUERY_ACCEPTED
controlled-v1/canonical_weth_1to1/02,controlled-v1/canonical_weth_1to1/02,SYNTHETIC_CONTROLLED_V1,controlled,SYNTHETIC,False,FULL_INTERVAL,addresses,T|WETH,COMPLETED,feasible_interval,6,6,,,8,WETH,[],raw_by_asset_no_cross_asset_sum,d890b0524645165af8f0abd1a4df36aed131331559f69a207da98f76359e0806,QUERY_ACCEPTED
controlled-v1/canonical_weth_1to1/02,controlled-v1/canonical_weth_1to1/02,SYNTHETIC_CONTROLLED_V1,controlled,SYNTHETIC,False,FULL_INTERVAL,events,weth_enter,COMPLETED,feasible_interval,6,6,,,8,WETH,[],raw_by_asset_no_cross_asset_sum,d890b0524645165af8f0abd1a4df36aed131331559f69a207da98f76359e0806,QUERY_ACCEPTED
controlled-v1/canonical_weth_1to1/02,controlled-v1/canonical_weth_1to1/02,SYNTHETIC_CONTROLLED_V1,controlled,SYNTHETIC,False,FULL_INTERVAL,joint_by_asset,WETH,COMPLETED,feasible_interval,6,6,,,8,WETH,[],raw_by_asset_no_cross_asset_sum,d890b0524645165af8f0abd1a4df36aed131331559f69a207da98f76359e0806,QUERY_ACCEPTED
controlled-v1/canonical_weth_1to1/02,controlled-v1/canonical_weth_1to1/02,SYNTHETIC_CONTROLLED_V1,controlled,SYNTHETIC,False,BOUNDED_REACHABILITY,addresses,T|WETH,COMPLETED,ADDRESS_EVENT_SET_NO_AMOUNT,,,,,8,WETH,[],raw_by_asset_no_cross_asset_sum,d890b0524645165af8f0abd1a4df36aed131331559f69a207da98f76359e0806,QUERY_ACCEPTED
controlled-v1/canonical_weth_1to1/02,controlled-v1/canonical_weth_1to1/02,SYNTHETIC_CONTROLLED_V1,controlled,SYNTHETIC,False,BOUNDED_REACHABILITY,events,seed,COMPLETED,ADDRESS_EVENT_SET_NO_AMOUNT,,,,,6,ETH,[],raw_by_asset_no_cross_asset_sum,d890b0524645165af8f0abd1a4df36aed131331559f69a207da98f76359e0806,QUERY_ACCEPTED
controlled-v1/canonical_weth_1to1/02,controlled-v1/canonical_weth_1to1/02,SYNTHETIC_CONTROLLED_V1,controlled,SYNTHETIC,False,BOUNDED_REACHABILITY,events,wrap:input,COMPLETED,ADDRESS_EVENT_SET_NO_AMOUNT,,,,,8,ETH,[],raw_by_asset_no_cross_asset_sum,d890b0524645165af8f0abd1a4df36aed131331559f69a207da98f76359e0806,QUERY_ACCEPTED
controlled-v1/canonical_weth_1to1/02,controlled-v1/canonical_weth_1to1/02,SYNTHETIC_CONTROLLED_V1,controlled,SYNTHETIC,False,BOUNDED_REACHABILITY,events,wrap:refund,COMPLETED,ADDRESS_EVENT_SET_NO_AMOUNT,,,,,0,ETH,[],raw_by_asset_no_cross_asset_sum,d890b0524645165af8f0abd1a4df36aed131331559f69a207da98f76359e0806,QUERY_ACCEPTED
controlled-v1/canonical_weth_1to1/02,controlled-v1/canonical_weth_1to1/02,SYNTHETIC_CONTROLLED_V1,controlled,SYNTHETIC,False,BOUNDED_REACHABILITY,events,wrap:net,COMPLETED,ADDRESS_EVENT_SET_NO_AMOUNT,,,,,8,ETH,[],raw_by_asset_no_cross_asset_sum,d890b0524645165af8f0abd1a4df36aed131331559f69a207da98f76359e0806,QUERY_ACCEPTED
controlled-v1/canonical_weth_1to1/02,controlled-v1/canonical_weth_1to1/02,SYNTHETIC_CONTROLLED_V1,controlled,SYNTHETIC,False,BOUNDED_REACHABILITY,events,wrap:output,COMPLETED,ADDRESS_EVENT_SET_NO_AMOUNT,,,,,8,WETH,[],raw_by_asset_no_cross_asset_sum,d890b0524645165af8f0abd1a4df36aed131331559f69a207da98f76359e0806,QUERY_ACCEPTED
controlled-v1/canonical_weth_1to1/02,controlled-v1/canonical_weth_1to1/02,SYNTHETIC_CONTROLLED_V1,controlled,SYNTHETIC,False,BOUNDED_REACHABILITY,events,weth_enter,COMPLETED,ADDRESS_EVENT_SET_NO_AMOUNT,,,,,8,WETH,[],raw_by_asset_no_cross_asset_sum,d890b0524645165af8f0abd1a4df36aed131331559f69a207da98f76359e0806,QUERY_ACCEPTED
controlled-v1/canonical_weth_1to1/02,controlled-v1/canonical_weth_1to1/02,SYNTHETIC_CONTROLLED_V1,controlled,SYNTHETIC,False,BOUNDED_REACHABILITY,joint_by_asset,WETH,COMPLETED,ADDRESS_EVENT_SET_NO_AMOUNT,,,,,8,WETH,[],raw_by_asset_no_cross_asset_sum,d890b0524645165af8f0abd1a4df36aed131331559f69a207da98f76359e0806,QUERY_ACCEPTED
controlled-v1/canonical_weth_1to1/02,controlled-v1/canonical_weth_1to1/02,SYNTHETIC_CONTROLLED_V1,controlled,SYNTHETIC,False,POISON,addresses,T|WETH,COMPLETED,POISON_NOMINAL_RAW,,,,8,8,WETH,[],raw_by_asset_no_cross_asset_sum,d890b0524645165af8f0abd1a4df36aed131331559f69a207da98f76359e0806,QUERY_ACCEPTED
controlled-v1/canonical_weth_1to1/02,controlled-v1/canonical_weth_1to1/02,SYNTHETIC_CONTROLLED_V1,controlled,SYNTHETIC,False,POISON,events,seed,COMPLETED,POISON_NOMINAL_RAW,,,,6,6,ETH,[],raw_by_asset_no_cross_asset_sum,d890b0524645165af8f0abd1a4df36aed131331559f69a207da98f76359e0806,QUERY_ACCEPTED
controlled-v1/canonical_weth_1to1/02,controlled-v1/canonical_weth_1to1/02,SYNTHETIC_CONTROLLED_V1,controlled,SYNTHETIC,False,POISON,events,wrap:input,COMPLETED,POISON_NOMINAL_RAW,,,,8,8,ETH,[],raw_by_asset_no_cross_asset_sum,d890b0524645165af8f0abd1a4df36aed131331559f69a207da98f76359e0806,QUERY_ACCEPTED
controlled-v1/canonical_weth_1to1/02,controlled-v1/canonical_weth_1to1/02,SYNTHETIC_CONTROLLED_V1,controlled,SYNTHETIC,False,POISON,events,wrap:refund,COMPLETED,POISON_NOMINAL_RAW,,,,0,0,ETH,[],raw_by_asset_no_cross_asset_sum,d890b0524645165af8f0abd1a4df36aed131331559f69a207da98f76359e0806,QUERY_ACCEPTED
controlled-v1/canonical_weth_1to1/02,controlled-v1/canonical_weth_1to1/02,SYNTHETIC_CONTROLLED_V1,controlled,SYNTHETIC,False,POISON,events,wrap:net,COMPLETED,POISON_NOMINAL_RAW,,,,8,8,ETH,[],raw_by_asset_no_cross_asset_sum,d890b0524645165af8f0abd1a4df36aed131331559f69a207da98f76359e0806,QUERY_ACCEPTED
controlled-v1/canonical_weth_1to1/02,controlled-v1/canonical_weth_1to1/02,SYNTHETIC_CONTROLLED_V1,controlled,SYNTHETIC,False,POISON,events,wrap:output,COMPLETED,POISON_NOMINAL_RAW,,,,8,8,WETH,[],raw_by_asset_no_cross_asset_sum,d890b0524645165af8f0abd1a4df36aed131331559f69a207da98f76359e0806,QUERY_ACCEPTED
controlled-v1/canonical_weth_1to1/02,controlled-v1/canonical_weth_1to1/02,SYNTHETIC_CONTROLLED_V1,controlled,SYNTHETIC,False,POISON,events,weth_enter,COMPLETED,POISON_NOMINAL_RAW,,,,8,8,WETH,[],raw_by_asset_no_cross_asset_sum,d890b0524645165af8f0abd1a4df36aed131331559f69a207da98f76359e0806,QUERY_ACCEPTED
controlled-v1/canonical_weth_1to1/02,controlled-v1/canonical_weth_1to1/02,SYNTHETIC_CONTROLLED_V1,controlled,SYNTHETIC,False,POISON,joint_by_asset,WETH,COMPLETED,POISON_NOMINAL_RAW,,,,8,8,WETH,[],raw_by_asset_no_cross_asset_sum,d890b0524645165af8f0abd1a4df36aed131331559f69a207da98f76359e0806,QUERY_ACCEPTED
controlled-v1/canonical_weth_1to1/02,controlled-v1/canonical_weth_1to1/02,SYNTHETIC_CONTROLLED_V1,controlled,SYNTHETIC,False,HAIRCUT,addresses,T|WETH,COMPLETED,PROPORTIONAL_FEASIBLE_POINT,,,6,,8,WETH,[],raw_by_asset_no_cross_asset_sum,d890b0524645165af8f0abd1a4df36aed131331559f69a207da98f76359e0806,QUERY_ACCEPTED
controlled-v1/canonical_weth_1to1/02,controlled-v1/canonical_weth_1to1/02,SYNTHETIC_CONTROLLED_V1,controlled,SYNTHETIC,False,HAIRCUT,events,seed,COMPLETED,PROPORTIONAL_FEASIBLE_POINT,,,6,,6,ETH,[],raw_by_asset_no_cross_asset_sum,d890b0524645165af8f0abd1a4df36aed131331559f69a207da98f76359e0806,QUERY_ACCEPTED
controlled-v1/canonical_weth_1to1/02,controlled-v1/canonical_weth_1to1/02,SYNTHETIC_CONTROLLED_V1,controlled,SYNTHETIC,False,HAIRCUT,events,wrap:input,COMPLETED,PROPORTIONAL_FEASIBLE_POINT,,,6,,8,ETH,[],raw_by_asset_no_cross_asset_sum,d890b0524645165af8f0abd1a4df36aed131331559f69a207da98f76359e0806,QUERY_ACCEPTED
controlled-v1/canonical_weth_1to1/02,controlled-v1/canonical_weth_1to1/02,SYNTHETIC_CONTROLLED_V1,controlled,SYNTHETIC,False,HAIRCUT,events,wrap:refund,COMPLETED,PROPORTIONAL_FEASIBLE_POINT,,,0,,0,ETH,[],raw_by_asset_no_cross_asset_sum,d890b0524645165af8f0abd1a4df36aed131331559f69a207da98f76359e0806,QUERY_ACCEPTED
controlled-v1/canonical_weth_1to1/02,controlled-v1/canonical_weth_1to1/02,SYNTHETIC_CONTROLLED_V1,controlled,SYNTHETIC,False,HAIRCUT,events,wrap:net,COMPLETED,PROPORTIONAL_FEASIBLE_POINT,,,6,,8,ETH,[],raw_by_asset_no_cross_asset_sum,d890b0524645165af8f0abd1a4df36aed131331559f69a207da98f76359e0806,QUERY_ACCEPTED
controlled-v1/canonical_weth_1to1/02,controlled-v1/canonical_weth_1to1/02,SYNTHETIC_CONTROLLED_V1,controlled,SYNTHETIC,False,HAIRCUT,events,wrap:output,COMPLETED,PROPORTIONAL_FEASIBLE_POINT,,,6,,8,WETH,[],raw_by_asset_no_cross_asset_sum,d890b0524645165af8f0abd1a4df36aed131331559f69a207da98f76359e0806,QUERY_ACCEPTED
controlled-v1/canonical_weth_1to1/02,controlled-v1/canonical_weth_1to1/02,SYNTHETIC_CONTROLLED_V1,controlled,SYNTHETIC,False,HAIRCUT,events,weth_enter,COMPLETED,PROPORTIONAL_FEASIBLE_POINT,,,6,,8,WETH,[],raw_by_asset_no_cross_asset_sum,d890b0524645165af8f0abd1a4df36aed131331559f69a207da98f76359e0806,QUERY_ACCEPTED
controlled-v1/canonical_weth_1to1/02,controlled-v1/canonical_weth_1to1/02,SYNTHETIC_CONTROLLED_V1,controlled,SYNTHETIC,False,HAIRCUT,joint_by_asset,WETH,COMPLETED,PROPORTIONAL_FEASIBLE_POINT,,,6,,8,WETH,[],raw_by_asset_no_cross_asset_sum,d890b0524645165af8f0abd1a4df36aed131331559f69a207da98f76359e0806,QUERY_ACCEPTED
controlled-v1/canonical_weth_1to1/02,controlled-v1/canonical_weth_1to1/02,SYNTHETIC_CONTROLLED_V1,controlled,SYNTHETIC,False,NO_CROSS_TARGET_COUPLING,addresses,T|WETH,COMPLETED,product_of_target_specific_copies,6,6,,,8,WETH,[],raw_by_asset_no_cross_asset_sum,d890b0524645165af8f0abd1a4df36aed131331559f69a207da98f76359e0806,QUERY_ACCEPTED
controlled-v1/canonical_weth_1to1/02,controlled-v1/canonical_weth_1to1/02,SYNTHETIC_CONTROLLED_V1,controlled,SYNTHETIC,False,NO_CROSS_TARGET_COUPLING,events,weth_enter,COMPLETED,product_of_target_specific_copies,6,6,,,8,WETH,[],raw_by_asset_no_cross_asset_sum,d890b0524645165af8f0abd1a4df36aed131331559f69a207da98f76359e0806,QUERY_ACCEPTED
controlled-v1/canonical_weth_1to1/02,controlled-v1/canonical_weth_1to1/02,SYNTHETIC_CONTROLLED_V1,controlled,SYNTHETIC,False,NO_CROSS_TARGET_COUPLING,joint_by_asset,WETH,COMPLETED,product_of_target_specific_copies,6,6,,,8,WETH,[],raw_by_asset_no_cross_asset_sum,d890b0524645165af8f0abd1a4df36aed131331559f69a207da98f76359e0806,QUERY_ACCEPTED
controlled-v1/canonical_weth_1to1/02,controlled-v1/canonical_weth_1to1/02,SYNTHETIC_CONTROLLED_V1,controlled,SYNTHETIC,False,NO_PROTOCOL_CONTINUATION,addresses,T|WETH,COMPLETED,feasible_interval,0,0,,,8,WETH,[],raw_by_asset_no_cross_asset_sum,d890b0524645165af8f0abd1a4df36aed131331559f69a207da98f76359e0806,QUERY_ACCEPTED
controlled-v1/canonical_weth_1to1/02,controlled-v1/canonical_weth_1to1/02,SYNTHETIC_CONTROLLED_V1,controlled,SYNTHETIC,False,NO_PROTOCOL_CONTINUATION,events,weth_enter,COMPLETED,feasible_interval,0,0,,,8,WETH,[],raw_by_asset_no_cross_asset_sum,d890b0524645165af8f0abd1a4df36aed131331559f69a207da98f76359e0806,QUERY_ACCEPTED
controlled-v1/canonical_weth_1to1/02,controlled-v1/canonical_weth_1to1/02,SYNTHETIC_CONTROLLED_V1,controlled,SYNTHETIC,False,NO_PROTOCOL_CONTINUATION,joint_by_asset,WETH,COMPLETED,feasible_interval,0,0,,,8,WETH,[],raw_by_asset_no_cross_asset_sum,d890b0524645165af8f0abd1a4df36aed131331559f69a207da98f76359e0806,QUERY_ACCEPTED
controlled-v1/canonical_weth_1to1/02,controlled-v1/canonical_weth_1to1/02,SYNTHETIC_CONTROLLED_V1,controlled,SYNTHETIC,False,BALANCE_INFORMATION_REMOVED,addresses,T|WETH,COMPLETED,feasible_interval,0,6,,,8,WETH,[],raw_by_asset_no_cross_asset_sum,d890b0524645165af8f0abd1a4df36aed131331559f69a207da98f76359e0806,QUERY_ACCEPTED
controlled-v1/canonical_weth_1to1/02,controlled-v1/canonical_weth_1to1/02,SYNTHETIC_CONTROLLED_V1,controlled,SYNTHETIC,False,BALANCE_INFORMATION_REMOVED,events,weth_enter,COMPLETED,feasible_interval,0,6,,,8,WETH,[],raw_by_asset_no_cross_asset_sum,d890b0524645165af8f0abd1a4df36aed131331559f69a207da98f76359e0806,QUERY_ACCEPTED
controlled-v1/canonical_weth_1to1/02,controlled-v1/canonical_weth_1to1/02,SYNTHETIC_CONTROLLED_V1,controlled,SYNTHETIC,False,BALANCE_INFORMATION_REMOVED,joint_by_asset,WETH,COMPLETED,feasible_interval,0,6,,,8,WETH,[],raw_by_asset_no_cross_asset_sum,d890b0524645165af8f0abd1a4df36aed131331559f69a207da98f76359e0806,QUERY_ACCEPTED
controlled-v1/canonical_weth_1to1/03,controlled-v1/canonical_weth_1to1/03,SYNTHETIC_CONTROLLED_V1,controlled,SYNTHETIC,False,NO_CROSS_TARGET_COUPLING,addresses,T|WETH,COMPLETED,product_of_target_specific_copies,0,4,,,5,WETH,[],raw_by_asset_no_cross_asset_sum,6b4c701140a4f38f123ddc3e27d0d1dbbc1f327de26a2d1db7c3ac798cd18c7e,QUERY_ACCEPTED
controlled-v1/canonical_weth_1to1/03,controlled-v1/canonical_weth_1to1/03,SYNTHETIC_CONTROLLED_V1,controlled,SYNTHETIC,False,NO_CROSS_TARGET_COUPLING,addresses,U|WETH,COMPLETED,product_of_target_specific_copies,0,4,,,6,WETH,[],raw_by_asset_no_cross_asset_sum,6b4c701140a4f38f123ddc3e27d0d1dbbc1f327de26a2d1db7c3ac798cd18c7e,QUERY_ACCEPTED
controlled-v1/canonical_weth_1to1/03,controlled-v1/canonical_weth_1to1/03,SYNTHETIC_CONTROLLED_V1,controlled,SYNTHETIC,False,NO_CROSS_TARGET_COUPLING,events,weth_split:output0,COMPLETED,product_of_target_specific_copies,0,4,,,5,WETH,[],raw_by_asset_no_cross_asset_sum,6b4c701140a4f38f123ddc3e27d0d1dbbc1f327de26a2d1db7c3ac798cd18c7e,QUERY_ACCEPTED
controlled-v1/canonical_weth_1to1/03,controlled-v1/canonical_weth_1to1/03,SYNTHETIC_CONTROLLED_V1,controlled,SYNTHETIC,False,NO_CROSS_TARGET_COUPLING,events,weth_split:output1,COMPLETED,product_of_target_specific_copies,0,4,,,6,WETH,[],raw_by_asset_no_cross_asset_sum,6b4c701140a4f38f123ddc3e27d0d1dbbc1f327de26a2d1db7c3ac798cd18c7e,QUERY_ACCEPTED
controlled-v1/canonical_weth_1to1/03,controlled-v1/canonical_weth_1to1/03,SYNTHETIC_CONTROLLED_V1,controlled,SYNTHETIC,False,NO_CROSS_TARGET_COUPLING,joint_by_asset,WETH,COMPLETED,product_of_target_specific_copies,0,8,,,11,WETH,[],raw_by_asset_no_cross_asset_sum,6b4c701140a4f38f123ddc3e27d0d1dbbc1f327de26a2d1db7c3ac798cd18c7e,QUERY_ACCEPTED
controlled-v1/canonical_weth_1to1/03,controlled-v1/canonical_weth_1to1/03,SYNTHETIC_CONTROLLED_V1,controlled,SYNTHETIC,False,NO_PROTOCOL_CONTINUATION,addresses,T|WETH,COMPLETED,feasible_interval,0,0,,,5,WETH,[],raw_by_asset_no_cross_asset_sum,6b4c701140a4f38f123ddc3e27d0d1dbbc1f327de26a2d1db7c3ac798cd18c7e,QUERY_ACCEPTED
controlled-v1/canonical_weth_1to1/03,controlled-v1/canonical_weth_1to1/03,SYNTHETIC_CONTROLLED_V1,controlled,SYNTHETIC,False,NO_PROTOCOL_CONTINUATION,addresses,U|WETH,COMPLETED,feasible_interval,0,0,,,6,WETH,[],raw_by_asset_no_cross_asset_sum,6b4c701140a4f38f123ddc3e27d0d1dbbc1f327de26a2d1db7c3ac798cd18c7e,QUERY_ACCEPTED
controlled-v1/canonical_weth_1to1/03,controlled-v1/canonical_weth_1to1/03,SYNTHETIC_CONTROLLED_V1,controlled,SYNTHETIC,False,NO_PROTOCOL_CONTINUATION,events,weth_split:output0,COMPLETED,feasible_interval,0,0,,,5,WETH,[],raw_by_asset_no_cross_asset_sum,6b4c701140a4f38f123ddc3e27d0d1dbbc1f327de26a2d1db7c3ac798cd18c7e,QUERY_ACCEPTED
controlled-v1/canonical_weth_1to1/03,controlled-v1/canonical_weth_1to1/03,SYNTHETIC_CONTROLLED_V1,controlled,SYNTHETIC,False,NO_PROTOCOL_CONTINUATION,events,weth_split:output1,COMPLETED,feasible_interval,0,0,,,6,WETH,[],raw_by_asset_no_cross_asset_sum,6b4c701140a4f38f123ddc3e27d0d1dbbc1f327de26a2d1db7c3ac798cd18c7e,QUERY_ACCEPTED
controlled-v1/canonical_weth_1to1/03,controlled-v1/canonical_weth_1to1/03,SYNTHETIC_CONTROLLED_V1,controlled,SYNTHETIC,False,NO_PROTOCOL_CONTINUATION,joint_by_asset,WETH,COMPLETED,feasible_interval,0,0,,,11,WETH,[],raw_by_asset_no_cross_asset_sum,6b4c701140a4f38f123ddc3e27d0d1dbbc1f327de26a2d1db7c3ac798cd18c7e,QUERY_ACCEPTED
controlled-v1/canonical_weth_1to1/03,controlled-v1/canonical_weth_1to1/03,SYNTHETIC_CONTROLLED_V1,controlled,SYNTHETIC,False,BALANCE_INFORMATION_REMOVED,addresses,T|WETH,COMPLETED,feasible_interval,0,4,,,5,WETH,[],raw_by_asset_no_cross_asset_sum,6b4c701140a4f38f123ddc3e27d0d1dbbc1f327de26a2d1db7c3ac798cd18c7e,QUERY_ACCEPTED
controlled-v1/canonical_weth_1to1/03,controlled-v1/canonical_weth_1to1/03,SYNTHETIC_CONTROLLED_V1,controlled,SYNTHETIC,False,BALANCE_INFORMATION_REMOVED,addresses,U|WETH,COMPLETED,feasible_interval,0,4,,,6,WETH,[],raw_by_asset_no_cross_asset_sum,6b4c701140a4f38f123ddc3e27d0d1dbbc1f327de26a2d1db7c3ac798cd18c7e,QUERY_ACCEPTED
controlled-v1/canonical_weth_1to1/03,controlled-v1/canonical_weth_1to1/03,SYNTHETIC_CONTROLLED_V1,controlled,SYNTHETIC,False,BALANCE_INFORMATION_REMOVED,events,weth_split:output0,COMPLETED,feasible_interval,0,4,,,5,WETH,[],raw_by_asset_no_cross_asset_sum,6b4c701140a4f38f123ddc3e27d0d1dbbc1f327de26a2d1db7c3ac798cd18c7e,QUERY_ACCEPTED
controlled-v1/canonical_weth_1to1/03,controlled-v1/canonical_weth_1to1/03,SYNTHETIC_CONTROLLED_V1,controlled,SYNTHETIC,False,BALANCE_INFORMATION_REMOVED,events,weth_split:output1,COMPLETED,feasible_interval,0,4,,,6,WETH,[],raw_by_asset_no_cross_asset_sum,6b4c701140a4f38f123ddc3e27d0d1dbbc1f327de26a2d1db7c3ac798cd18c7e,QUERY_ACCEPTED
controlled-v1/canonical_weth_1to1/03,controlled-v1/canonical_weth_1to1/03,SYNTHETIC_CONTROLLED_V1,controlled,SYNTHETIC,False,BALANCE_INFORMATION_REMOVED,joint_by_asset,WETH,COMPLETED,feasible_interval,0,4,,,11,WETH,[],raw_by_asset_no_cross_asset_sum,6b4c701140a4f38f123ddc3e27d0d1dbbc1f327de26a2d1db7c3ac798cd18c7e,QUERY_ACCEPTED
controlled-v1/canonical_weth_1to1/03,controlled-v1/canonical_weth_1to1/03,SYNTHETIC_CONTROLLED_V1,controlled,SYNTHETIC,False,FULL_INTERVAL,addresses,T|WETH,COMPLETED,feasible_interval,0,4,,,5,WETH,[],raw_by_asset_no_cross_asset_sum,6b4c701140a4f38f123ddc3e27d0d1dbbc1f327de26a2d1db7c3ac798cd18c7e,QUERY_ACCEPTED
controlled-v1/canonical_weth_1to1/03,controlled-v1/canonical_weth_1to1/03,SYNTHETIC_CONTROLLED_V1,controlled,SYNTHETIC,False,FULL_INTERVAL,addresses,U|WETH,COMPLETED,feasible_interval,0,4,,,6,WETH,[],raw_by_asset_no_cross_asset_sum,6b4c701140a4f38f123ddc3e27d0d1dbbc1f327de26a2d1db7c3ac798cd18c7e,QUERY_ACCEPTED
controlled-v1/canonical_weth_1to1/03,controlled-v1/canonical_weth_1to1/03,SYNTHETIC_CONTROLLED_V1,controlled,SYNTHETIC,False,FULL_INTERVAL,events,weth_split:output0,COMPLETED,feasible_interval,0,4,,,5,WETH,[],raw_by_asset_no_cross_asset_sum,6b4c701140a4f38f123ddc3e27d0d1dbbc1f327de26a2d1db7c3ac798cd18c7e,QUERY_ACCEPTED
controlled-v1/canonical_weth_1to1/03,controlled-v1/canonical_weth_1to1/03,SYNTHETIC_CONTROLLED_V1,controlled,SYNTHETIC,False,FULL_INTERVAL,events,weth_split:output1,COMPLETED,feasible_interval,0,4,,,6,WETH,[],raw_by_asset_no_cross_asset_sum,6b4c701140a4f38f123ddc3e27d0d1dbbc1f327de26a2d1db7c3ac798cd18c7e,QUERY_ACCEPTED
controlled-v1/canonical_weth_1to1/03,controlled-v1/canonical_weth_1to1/03,SYNTHETIC_CONTROLLED_V1,controlled,SYNTHETIC,False,FULL_INTERVAL,joint_by_asset,WETH,COMPLETED,feasible_interval,4,4,,,11,WETH,[],raw_by_asset_no_cross_asset_sum,6b4c701140a4f38f123ddc3e27d0d1dbbc1f327de26a2d1db7c3ac798cd18c7e,QUERY_ACCEPTED
controlled-v1/canonical_weth_1to1/03,controlled-v1/canonical_weth_1to1/03,SYNTHETIC_CONTROLLED_V1,controlled,SYNTHETIC,False,BOUNDED_REACHABILITY,addresses,T|WETH,COMPLETED,ADDRESS_EVENT_SET_NO_AMOUNT,,,,,5,WETH,[],raw_by_asset_no_cross_asset_sum,6b4c701140a4f38f123ddc3e27d0d1dbbc1f327de26a2d1db7c3ac798cd18c7e,QUERY_ACCEPTED
controlled-v1/canonical_weth_1to1/03,controlled-v1/canonical_weth_1to1/03,SYNTHETIC_CONTROLLED_V1,controlled,SYNTHETIC,False,BOUNDED_REACHABILITY,addresses,U|WETH,COMPLETED,ADDRESS_EVENT_SET_NO_AMOUNT,,,,,6,WETH,[],raw_by_asset_no_cross_asset_sum,6b4c701140a4f38f123ddc3e27d0d1dbbc1f327de26a2d1db7c3ac798cd18c7e,QUERY_ACCEPTED
controlled-v1/canonical_weth_1to1/03,controlled-v1/canonical_weth_1to1/03,SYNTHETIC_CONTROLLED_V1,controlled,SYNTHETIC,False,BOUNDED_REACHABILITY,events,seed,COMPLETED,ADDRESS_EVENT_SET_NO_AMOUNT,,,,,4,ETH,[],raw_by_asset_no_cross_asset_sum,6b4c701140a4f38f123ddc3e27d0d1dbbc1f327de26a2d1db7c3ac798cd18c7e,QUERY_ACCEPTED
controlled-v1/canonical_weth_1to1/03,controlled-v1/canonical_weth_1to1/03,SYNTHETIC_CONTROLLED_V1,controlled,SYNTHETIC,False,BOUNDED_REACHABILITY,events,wrap:input,COMPLETED,ADDRESS_EVENT_SET_NO_AMOUNT,,,,,11,ETH,[],raw_by_asset_no_cross_asset_sum,6b4c701140a4f38f123ddc3e27d0d1dbbc1f327de26a2d1db7c3ac798cd18c7e,QUERY_ACCEPTED
controlled-v1/canonical_weth_1to1/03,controlled-v1/canonical_weth_1to1/03,SYNTHETIC_CONTROLLED_V1,controlled,SYNTHETIC,False,BOUNDED_REACHABILITY,events,wrap:refund,COMPLETED,ADDRESS_EVENT_SET_NO_AMOUNT,,,,,0,ETH,[],raw_by_asset_no_cross_asset_sum,6b4c701140a4f38f123ddc3e27d0d1dbbc1f327de26a2d1db7c3ac798cd18c7e,QUERY_ACCEPTED
controlled-v1/canonical_weth_1to1/03,controlled-v1/canonical_weth_1to1/03,SYNTHETIC_CONTROLLED_V1,controlled,SYNTHETIC,False,BOUNDED_REACHABILITY,events,wrap:net,COMPLETED,ADDRESS_EVENT_SET_NO_AMOUNT,,,,,11,ETH,[],raw_by_asset_no_cross_asset_sum,6b4c701140a4f38f123ddc3e27d0d1dbbc1f327de26a2d1db7c3ac798cd18c7e,QUERY_ACCEPTED
controlled-v1/canonical_weth_1to1/03,controlled-v1/canonical_weth_1to1/03,SYNTHETIC_CONTROLLED_V1,controlled,SYNTHETIC,False,BOUNDED_REACHABILITY,events,wrap:output,COMPLETED,ADDRESS_EVENT_SET_NO_AMOUNT,,,,,11,WETH,[],raw_by_asset_no_cross_asset_sum,6b4c701140a4f38f123ddc3e27d0d1dbbc1f327de26a2d1db7c3ac798cd18c7e,QUERY_ACCEPTED
controlled-v1/canonical_weth_1to1/03,controlled-v1/canonical_weth_1to1/03,SYNTHETIC_CONTROLLED_V1,controlled,SYNTHETIC,False,BOUNDED_REACHABILITY,events,weth_split:input,COMPLETED,ADDRESS_EVENT_SET_NO_AMOUNT,,,,,11,WETH,[],raw_by_asset_no_cross_asset_sum,6b4c701140a4f38f123ddc3e27d0d1dbbc1f327de26a2d1db7c3ac798cd18c7e,QUERY_ACCEPTED
controlled-v1/canonical_weth_1to1/03,controlled-v1/canonical_weth_1to1/03,SYNTHETIC_CONTROLLED_V1,controlled,SYNTHETIC,False,BOUNDED_REACHABILITY,events,weth_split:output0,COMPLETED,ADDRESS_EVENT_SET_NO_AMOUNT,,,,,5,WETH,[],raw_by_asset_no_cross_asset_sum,6b4c701140a4f38f123ddc3e27d0d1dbbc1f327de26a2d1db7c3ac798cd18c7e,QUERY_ACCEPTED
controlled-v1/canonical_weth_1to1/03,controlled-v1/canonical_weth_1to1/03,SYNTHETIC_CONTROLLED_V1,controlled,SYNTHETIC,False,BOUNDED_REACHABILITY,events,weth_split:output1,COMPLETED,ADDRESS_EVENT_SET_NO_AMOUNT,,,,,6,WETH,[],raw_by_asset_no_cross_asset_sum,6b4c701140a4f38f123ddc3e27d0d1dbbc1f327de26a2d1db7c3ac798cd18c7e,QUERY_ACCEPTED
controlled-v1/canonical_weth_1to1/03,controlled-v1/canonical_weth_1to1/03,SYNTHETIC_CONTROLLED_V1,controlled,SYNTHETIC,False,BOUNDED_REACHABILITY,joint_by_asset,WETH,COMPLETED,ADDRESS_EVENT_SET_NO_AMOUNT,,,,,11,WETH,[],raw_by_asset_no_cross_asset_sum,6b4c701140a4f38f123ddc3e27d0d1dbbc1f327de26a2d1db7c3ac798cd18c7e,QUERY_ACCEPTED
controlled-v1/canonical_weth_1to1/03,controlled-v1/canonical_weth_1to1/03,SYNTHETIC_CONTROLLED_V1,controlled,SYNTHETIC,False,POISON,addresses,T|WETH,COMPLETED,POISON_NOMINAL_RAW,,,,5,5,WETH,[],raw_by_asset_no_cross_asset_sum,6b4c701140a4f38f123ddc3e27d0d1dbbc1f327de26a2d1db7c3ac798cd18c7e,QUERY_ACCEPTED
controlled-v1/canonical_weth_1to1/03,controlled-v1/canonical_weth_1to1/03,SYNTHETIC_CONTROLLED_V1,controlled,SYNTHETIC,False,POISON,addresses,U|WETH,COMPLETED,POISON_NOMINAL_RAW,,,,6,6,WETH,[],raw_by_asset_no_cross_asset_sum,6b4c701140a4f38f123ddc3e27d0d1dbbc1f327de26a2d1db7c3ac798cd18c7e,QUERY_ACCEPTED
controlled-v1/canonical_weth_1to1/03,controlled-v1/canonical_weth_1to1/03,SYNTHETIC_CONTROLLED_V1,controlled,SYNTHETIC,False,POISON,events,seed,COMPLETED,POISON_NOMINAL_RAW,,,,4,4,ETH,[],raw_by_asset_no_cross_asset_sum,6b4c701140a4f38f123ddc3e27d0d1dbbc1f327de26a2d1db7c3ac798cd18c7e,QUERY_ACCEPTED
controlled-v1/canonical_weth_1to1/03,controlled-v1/canonical_weth_1to1/03,SYNTHETIC_CONTROLLED_V1,controlled,SYNTHETIC,False,POISON,events,wrap:input,COMPLETED,POISON_NOMINAL_RAW,,,,11,11,ETH,[],raw_by_asset_no_cross_asset_sum,6b4c701140a4f38f123ddc3e27d0d1dbbc1f327de26a2d1db7c3ac798cd18c7e,QUERY_ACCEPTED
controlled-v1/canonical_weth_1to1/03,controlled-v1/canonical_weth_1to1/03,SYNTHETIC_CONTROLLED_V1,controlled,SYNTHETIC,False,POISON,events,wrap:refund,COMPLETED,POISON_NOMINAL_RAW,,,,0,0,ETH,[],raw_by_asset_no_cross_asset_sum,6b4c701140a4f38f123ddc3e27d0d1dbbc1f327de26a2d1db7c3ac798cd18c7e,QUERY_ACCEPTED
controlled-v1/canonical_weth_1to1/03,controlled-v1/canonical_weth_1to1/03,SYNTHETIC_CONTROLLED_V1,controlled,SYNTHETIC,False,POISON,events,wrap:net,COMPLETED,POISON_NOMINAL_RAW,,,,11,11,ETH,[],raw_by_asset_no_cross_asset_sum,6b4c701140a4f38f123ddc3e27d0d1dbbc1f327de26a2d1db7c3ac798cd18c7e,QUERY_ACCEPTED
controlled-v1/canonical_weth_1to1/03,controlled-v1/canonical_weth_1to1/03,SYNTHETIC_CONTROLLED_V1,controlled,SYNTHETIC,False,POISON,events,wrap:output,COMPLETED,POISON_NOMINAL_RAW,,,,11,11,WETH,[],raw_by_asset_no_cross_asset_sum,6b4c701140a4f38f123ddc3e27d0d1dbbc1f327de26a2d1db7c3ac798cd18c7e,QUERY_ACCEPTED
controlled-v1/canonical_weth_1to1/03,controlled-v1/canonical_weth_1to1/03,SYNTHETIC_CONTROLLED_V1,controlled,SYNTHETIC,False,POISON,events,weth_split:input,COMPLETED,POISON_NOMINAL_RAW,,,,11,11,WETH,[],raw_by_asset_no_cross_asset_sum,6b4c701140a4f38f123ddc3e27d0d1dbbc1f327de26a2d1db7c3ac798cd18c7e,QUERY_ACCEPTED
controlled-v1/canonical_weth_1to1/03,controlled-v1/canonical_weth_1to1/03,SYNTHETIC_CONTROLLED_V1,controlled,SYNTHETIC,False,POISON,events,weth_split:output0,COMPLETED,POISON_NOMINAL_RAW,,,,5,5,WETH,[],raw_by_asset_no_cross_asset_sum,6b4c701140a4f38f123ddc3e27d0d1dbbc1f327de26a2d1db7c3ac798cd18c7e,QUERY_ACCEPTED
controlled-v1/canonical_weth_1to1/03,controlled-v1/canonical_weth_1to1/03,SYNTHETIC_CONTROLLED_V1,controlled,SYNTHETIC,False,POISON,events,weth_split:output1,COMPLETED,POISON_NOMINAL_RAW,,,,6,6,WETH,[],raw_by_asset_no_cross_asset_sum,6b4c701140a4f38f123ddc3e27d0d1dbbc1f327de26a2d1db7c3ac798cd18c7e,QUERY_ACCEPTED
controlled-v1/canonical_weth_1to1/03,controlled-v1/canonical_weth_1to1/03,SYNTHETIC_CONTROLLED_V1,controlled,SYNTHETIC,False,POISON,joint_by_asset,WETH,COMPLETED,POISON_NOMINAL_RAW,,,,11,11,WETH,[],raw_by_asset_no_cross_asset_sum,6b4c701140a4f38f123ddc3e27d0d1dbbc1f327de26a2d1db7c3ac798cd18c7e,QUERY_ACCEPTED
controlled-v1/canonical_weth_1to1/03,controlled-v1/canonical_weth_1to1/03,SYNTHETIC_CONTROLLED_V1,controlled,SYNTHETIC,False,HAIRCUT,addresses,T|WETH,COMPLETED,PROPORTIONAL_FEASIBLE_POINT,,,20/11,,5,WETH,[],raw_by_asset_no_cross_asset_sum,6b4c701140a4f38f123ddc3e27d0d1dbbc1f327de26a2d1db7c3ac798cd18c7e,QUERY_ACCEPTED
controlled-v1/canonical_weth_1to1/03,controlled-v1/canonical_weth_1to1/03,SYNTHETIC_CONTROLLED_V1,controlled,SYNTHETIC,False,HAIRCUT,addresses,U|WETH,COMPLETED,PROPORTIONAL_FEASIBLE_POINT,,,24/11,,6,WETH,[],raw_by_asset_no_cross_asset_sum,6b4c701140a4f38f123ddc3e27d0d1dbbc1f327de26a2d1db7c3ac798cd18c7e,QUERY_ACCEPTED
controlled-v1/canonical_weth_1to1/03,controlled-v1/canonical_weth_1to1/03,SYNTHETIC_CONTROLLED_V1,controlled,SYNTHETIC,False,HAIRCUT,events,seed,COMPLETED,PROPORTIONAL_FEASIBLE_POINT,,,4,,4,ETH,[],raw_by_asset_no_cross_asset_sum,6b4c701140a4f38f123ddc3e27d0d1dbbc1f327de26a2d1db7c3ac798cd18c7e,QUERY_ACCEPTED
controlled-v1/canonical_weth_1to1/03,controlled-v1/canonical_weth_1to1/03,SYNTHETIC_CONTROLLED_V1,controlled,SYNTHETIC,False,HAIRCUT,events,wrap:input,COMPLETED,PROPORTIONAL_FEASIBLE_POINT,,,4,,11,ETH,[],raw_by_asset_no_cross_asset_sum,6b4c701140a4f38f123ddc3e27d0d1dbbc1f327de26a2d1db7c3ac798cd18c7e,QUERY_ACCEPTED
controlled-v1/canonical_weth_1to1/03,controlled-v1/canonical_weth_1to1/03,SYNTHETIC_CONTROLLED_V1,controlled,SYNTHETIC,False,HAIRCUT,events,wrap:refund,COMPLETED,PROPORTIONAL_FEASIBLE_POINT,,,0,,0,ETH,[],raw_by_asset_no_cross_asset_sum,6b4c701140a4f38f123ddc3e27d0d1dbbc1f327de26a2d1db7c3ac798cd18c7e,QUERY_ACCEPTED
controlled-v1/canonical_weth_1to1/03,controlled-v1/canonical_weth_1to1/03,SYNTHETIC_CONTROLLED_V1,controlled,SYNTHETIC,False,HAIRCUT,events,wrap:net,COMPLETED,PROPORTIONAL_FEASIBLE_POINT,,,4,,11,ETH,[],raw_by_asset_no_cross_asset_sum,6b4c701140a4f38f123ddc3e27d0d1dbbc1f327de26a2d1db7c3ac798cd18c7e,QUERY_ACCEPTED
controlled-v1/canonical_weth_1to1/03,controlled-v1/canonical_weth_1to1/03,SYNTHETIC_CONTROLLED_V1,controlled,SYNTHETIC,False,HAIRCUT,events,wrap:output,COMPLETED,PROPORTIONAL_FEASIBLE_POINT,,,4,,11,WETH,[],raw_by_asset_no_cross_asset_sum,6b4c701140a4f38f123ddc3e27d0d1dbbc1f327de26a2d1db7c3ac798cd18c7e,QUERY_ACCEPTED
controlled-v1/canonical_weth_1to1/03,controlled-v1/canonical_weth_1to1/03,SYNTHETIC_CONTROLLED_V1,controlled,SYNTHETIC,False,HAIRCUT,events,weth_split:input,COMPLETED,PROPORTIONAL_FEASIBLE_POINT,,,4,,11,WETH,[],raw_by_asset_no_cross_asset_sum,6b4c701140a4f38f123ddc3e27d0d1dbbc1f327de26a2d1db7c3ac798cd18c7e,QUERY_ACCEPTED
controlled-v1/canonical_weth_1to1/03,controlled-v1/canonical_weth_1to1/03,SYNTHETIC_CONTROLLED_V1,controlled,SYNTHETIC,False,HAIRCUT,events,weth_split:output0,COMPLETED,PROPORTIONAL_FEASIBLE_POINT,,,20/11,,5,WETH,[],raw_by_asset_no_cross_asset_sum,6b4c701140a4f38f123ddc3e27d0d1dbbc1f327de26a2d1db7c3ac798cd18c7e,QUERY_ACCEPTED
controlled-v1/canonical_weth_1to1/03,controlled-v1/canonical_weth_1to1/03,SYNTHETIC_CONTROLLED_V1,controlled,SYNTHETIC,False,HAIRCUT,events,weth_split:output1,COMPLETED,PROPORTIONAL_FEASIBLE_POINT,,,24/11,,6,WETH,[],raw_by_asset_no_cross_asset_sum,6b4c701140a4f38f123ddc3e27d0d1dbbc1f327de26a2d1db7c3ac798cd18c7e,QUERY_ACCEPTED
controlled-v1/canonical_weth_1to1/03,controlled-v1/canonical_weth_1to1/03,SYNTHETIC_CONTROLLED_V1,controlled,SYNTHETIC,False,HAIRCUT,joint_by_asset,WETH,COMPLETED,PROPORTIONAL_FEASIBLE_POINT,,,4,,11,WETH,[],raw_by_asset_no_cross_asset_sum,6b4c701140a4f38f123ddc3e27d0d1dbbc1f327de26a2d1db7c3ac798cd18c7e,QUERY_ACCEPTED
controlled-v1/canonical_weth_1to1/04,controlled-v1/canonical_weth_1to1/04,SYNTHETIC_CONTROLLED_V1,controlled,SYNTHETIC,False,FULL_INTERVAL,addresses,T|WETH,COMPLETED,feasible_interval,8,8,,,11,WETH,[],raw_by_asset_no_cross_asset_sum,275f0e91b17cb67ac9ed65db873ebe930ba646e7b72f33ae36b86221ba180dde,QUERY_ACCEPTED
controlled-v1/canonical_weth_1to1/04,controlled-v1/canonical_weth_1to1/04,SYNTHETIC_CONTROLLED_V1,controlled,SYNTHETIC,False,FULL_INTERVAL,events,weth_enter,COMPLETED,feasible_interval,8,8,,,11,WETH,[],raw_by_asset_no_cross_asset_sum,275f0e91b17cb67ac9ed65db873ebe930ba646e7b72f33ae36b86221ba180dde,QUERY_ACCEPTED
controlled-v1/canonical_weth_1to1/04,controlled-v1/canonical_weth_1to1/04,SYNTHETIC_CONTROLLED_V1,controlled,SYNTHETIC,False,FULL_INTERVAL,joint_by_asset,WETH,COMPLETED,feasible_interval,8,8,,,11,WETH,[],raw_by_asset_no_cross_asset_sum,275f0e91b17cb67ac9ed65db873ebe930ba646e7b72f33ae36b86221ba180dde,QUERY_ACCEPTED
controlled-v1/canonical_weth_1to1/04,controlled-v1/canonical_weth_1to1/04,SYNTHETIC_CONTROLLED_V1,controlled,SYNTHETIC,False,BOUNDED_REACHABILITY,addresses,T|WETH,COMPLETED,ADDRESS_EVENT_SET_NO_AMOUNT,,,,,11,WETH,[],raw_by_asset_no_cross_asset_sum,275f0e91b17cb67ac9ed65db873ebe930ba646e7b72f33ae36b86221ba180dde,QUERY_ACCEPTED
controlled-v1/canonical_weth_1to1/04,controlled-v1/canonical_weth_1to1/04,SYNTHETIC_CONTROLLED_V1,controlled,SYNTHETIC,False,BOUNDED_REACHABILITY,events,seed,COMPLETED,ADDRESS_EVENT_SET_NO_AMOUNT,,,,,8,ETH,[],raw_by_asset_no_cross_asset_sum,275f0e91b17cb67ac9ed65db873ebe930ba646e7b72f33ae36b86221ba180dde,QUERY_ACCEPTED
controlled-v1/canonical_weth_1to1/04,controlled-v1/canonical_weth_1to1/04,SYNTHETIC_CONTROLLED_V1,controlled,SYNTHETIC,False,BOUNDED_REACHABILITY,events,wrap:input,COMPLETED,ADDRESS_EVENT_SET_NO_AMOUNT,,,,,11,ETH,[],raw_by_asset_no_cross_asset_sum,275f0e91b17cb67ac9ed65db873ebe930ba646e7b72f33ae36b86221ba180dde,QUERY_ACCEPTED
controlled-v1/canonical_weth_1to1/04,controlled-v1/canonical_weth_1to1/04,SYNTHETIC_CONTROLLED_V1,controlled,SYNTHETIC,False,BOUNDED_REACHABILITY,events,wrap:refund,COMPLETED,ADDRESS_EVENT_SET_NO_AMOUNT,,,,,0,ETH,[],raw_by_asset_no_cross_asset_sum,275f0e91b17cb67ac9ed65db873ebe930ba646e7b72f33ae36b86221ba180dde,QUERY_ACCEPTED
controlled-v1/canonical_weth_1to1/04,controlled-v1/canonical_weth_1to1/04,SYNTHETIC_CONTROLLED_V1,controlled,SYNTHETIC,False,BOUNDED_REACHABILITY,events,wrap:net,COMPLETED,ADDRESS_EVENT_SET_NO_AMOUNT,,,,,11,ETH,[],raw_by_asset_no_cross_asset_sum,275f0e91b17cb67ac9ed65db873ebe930ba646e7b72f33ae36b86221ba180dde,QUERY_ACCEPTED
controlled-v1/canonical_weth_1to1/04,controlled-v1/canonical_weth_1to1/04,SYNTHETIC_CONTROLLED_V1,controlled,SYNTHETIC,False,BOUNDED_REACHABILITY,events,wrap:output,COMPLETED,ADDRESS_EVENT_SET_NO_AMOUNT,,,,,11,WETH,[],raw_by_asset_no_cross_asset_sum,275f0e91b17cb67ac9ed65db873ebe930ba646e7b72f33ae36b86221ba180dde,QUERY_ACCEPTED
controlled-v1/canonical_weth_1to1/04,controlled-v1/canonical_weth_1to1/04,SYNTHETIC_CONTROLLED_V1,controlled,SYNTHETIC,False,BOUNDED_REACHABILITY,events,weth_enter,COMPLETED,ADDRESS_EVENT_SET_NO_AMOUNT,,,,,11,WETH,[],raw_by_asset_no_cross_asset_sum,275f0e91b17cb67ac9ed65db873ebe930ba646e7b72f33ae36b86221ba180dde,QUERY_ACCEPTED
controlled-v1/canonical_weth_1to1/04,controlled-v1/canonical_weth_1to1/04,SYNTHETIC_CONTROLLED_V1,controlled,SYNTHETIC,False,BOUNDED_REACHABILITY,joint_by_asset,WETH,COMPLETED,ADDRESS_EVENT_SET_NO_AMOUNT,,,,,11,WETH,[],raw_by_asset_no_cross_asset_sum,275f0e91b17cb67ac9ed65db873ebe930ba646e7b72f33ae36b86221ba180dde,QUERY_ACCEPTED
controlled-v1/canonical_weth_1to1/04,controlled-v1/canonical_weth_1to1/04,SYNTHETIC_CONTROLLED_V1,controlled,SYNTHETIC,False,POISON,addresses,T|WETH,COMPLETED,POISON_NOMINAL_RAW,,,,11,11,WETH,[],raw_by_asset_no_cross_asset_sum,275f0e91b17cb67ac9ed65db873ebe930ba646e7b72f33ae36b86221ba180dde,QUERY_ACCEPTED
controlled-v1/canonical_weth_1to1/04,controlled-v1/canonical_weth_1to1/04,SYNTHETIC_CONTROLLED_V1,controlled,SYNTHETIC,False,POISON,events,seed,COMPLETED,POISON_NOMINAL_RAW,,,,8,8,ETH,[],raw_by_asset_no_cross_asset_sum,275f0e91b17cb67ac9ed65db873ebe930ba646e7b72f33ae36b86221ba180dde,QUERY_ACCEPTED
controlled-v1/canonical_weth_1to1/04,controlled-v1/canonical_weth_1to1/04,SYNTHETIC_CONTROLLED_V1,controlled,SYNTHETIC,False,POISON,events,wrap:input,COMPLETED,POISON_NOMINAL_RAW,,,,11,11,ETH,[],raw_by_asset_no_cross_asset_sum,275f0e91b17cb67ac9ed65db873ebe930ba646e7b72f33ae36b86221ba180dde,QUERY_ACCEPTED
controlled-v1/canonical_weth_1to1/04,controlled-v1/canonical_weth_1to1/04,SYNTHETIC_CONTROLLED_V1,controlled,SYNTHETIC,False,POISON,events,wrap:refund,COMPLETED,POISON_NOMINAL_RAW,,,,0,0,ETH,[],raw_by_asset_no_cross_asset_sum,275f0e91b17cb67ac9ed65db873ebe930ba646e7b72f33ae36b86221ba180dde,QUERY_ACCEPTED
controlled-v1/canonical_weth_1to1/04,controlled-v1/canonical_weth_1to1/04,SYNTHETIC_CONTROLLED_V1,controlled,SYNTHETIC,False,POISON,events,wrap:net,COMPLETED,POISON_NOMINAL_RAW,,,,11,11,ETH,[],raw_by_asset_no_cross_asset_sum,275f0e91b17cb67ac9ed65db873ebe930ba646e7b72f33ae36b86221ba180dde,QUERY_ACCEPTED
controlled-v1/canonical_weth_1to1/04,controlled-v1/canonical_weth_1to1/04,SYNTHETIC_CONTROLLED_V1,controlled,SYNTHETIC,False,POISON,events,wrap:output,COMPLETED,POISON_NOMINAL_RAW,,,,11,11,WETH,[],raw_by_asset_no_cross_asset_sum,275f0e91b17cb67ac9ed65db873ebe930ba646e7b72f33ae36b86221ba180dde,QUERY_ACCEPTED
controlled-v1/canonical_weth_1to1/04,controlled-v1/canonical_weth_1to1/04,SYNTHETIC_CONTROLLED_V1,controlled,SYNTHETIC,False,POISON,events,weth_enter,COMPLETED,POISON_NOMINAL_RAW,,,,11,11,WETH,[],raw_by_asset_no_cross_asset_sum,275f0e91b17cb67ac9ed65db873ebe930ba646e7b72f33ae36b86221ba180dde,QUERY_ACCEPTED
controlled-v1/canonical_weth_1to1/04,controlled-v1/canonical_weth_1to1/04,SYNTHETIC_CONTROLLED_V1,controlled,SYNTHETIC,False,POISON,joint_by_asset,WETH,COMPLETED,POISON_NOMINAL_RAW,,,,11,11,WETH,[],raw_by_asset_no_cross_asset_sum,275f0e91b17cb67ac9ed65db873ebe930ba646e7b72f33ae36b86221ba180dde,QUERY_ACCEPTED
controlled-v1/canonical_weth_1to1/04,controlled-v1/canonical_weth_1to1/04,SYNTHETIC_CONTROLLED_V1,controlled,SYNTHETIC,False,HAIRCUT,addresses,T|WETH,COMPLETED,PROPORTIONAL_FEASIBLE_POINT,,,8,,11,WETH,[],raw_by_asset_no_cross_asset_sum,275f0e91b17cb67ac9ed65db873ebe930ba646e7b72f33ae36b86221ba180dde,QUERY_ACCEPTED
controlled-v1/canonical_weth_1to1/04,controlled-v1/canonical_weth_1to1/04,SYNTHETIC_CONTROLLED_V1,controlled,SYNTHETIC,False,HAIRCUT,events,seed,COMPLETED,PROPORTIONAL_FEASIBLE_POINT,,,8,,8,ETH,[],raw_by_asset_no_cross_asset_sum,275f0e91b17cb67ac9ed65db873ebe930ba646e7b72f33ae36b86221ba180dde,QUERY_ACCEPTED
controlled-v1/canonical_weth_1to1/04,controlled-v1/canonical_weth_1to1/04,SYNTHETIC_CONTROLLED_V1,controlled,SYNTHETIC,False,HAIRCUT,events,wrap:input,COMPLETED,PROPORTIONAL_FEASIBLE_POINT,,,8,,11,ETH,[],raw_by_asset_no_cross_asset_sum,275f0e91b17cb67ac9ed65db873ebe930ba646e7b72f33ae36b86221ba180dde,QUERY_ACCEPTED
controlled-v1/canonical_weth_1to1/04,controlled-v1/canonical_weth_1to1/04,SYNTHETIC_CONTROLLED_V1,controlled,SYNTHETIC,False,HAIRCUT,events,wrap:refund,COMPLETED,PROPORTIONAL_FEASIBLE_POINT,,,0,,0,ETH,[],raw_by_asset_no_cross_asset_sum,275f0e91b17cb67ac9ed65db873ebe930ba646e7b72f33ae36b86221ba180dde,QUERY_ACCEPTED
controlled-v1/canonical_weth_1to1/04,controlled-v1/canonical_weth_1to1/04,SYNTHETIC_CONTROLLED_V1,controlled,SYNTHETIC,False,HAIRCUT,events,wrap:net,COMPLETED,PROPORTIONAL_FEASIBLE_POINT,,,8,,11,ETH,[],raw_by_asset_no_cross_asset_sum,275f0e91b17cb67ac9ed65db873ebe930ba646e7b72f33ae36b86221ba180dde,QUERY_ACCEPTED
controlled-v1/canonical_weth_1to1/04,controlled-v1/canonical_weth_1to1/04,SYNTHETIC_CONTROLLED_V1,controlled,SYNTHETIC,False,HAIRCUT,events,wrap:output,COMPLETED,PROPORTIONAL_FEASIBLE_POINT,,,8,,11,WETH,[],raw_by_asset_no_cross_asset_sum,275f0e91b17cb67ac9ed65db873ebe930ba646e7b72f33ae36b86221ba180dde,QUERY_ACCEPTED
controlled-v1/canonical_weth_1to1/04,controlled-v1/canonical_weth_1to1/04,SYNTHETIC_CONTROLLED_V1,controlled,SYNTHETIC,False,HAIRCUT,events,weth_enter,COMPLETED,PROPORTIONAL_FEASIBLE_POINT,,,8,,11,WETH,[],raw_by_asset_no_cross_asset_sum,275f0e91b17cb67ac9ed65db873ebe930ba646e7b72f33ae36b86221ba180dde,QUERY_ACCEPTED
controlled-v1/canonical_weth_1to1/04,controlled-v1/canonical_weth_1to1/04,SYNTHETIC_CONTROLLED_V1,controlled,SYNTHETIC,False,HAIRCUT,joint_by_asset,WETH,COMPLETED,PROPORTIONAL_FEASIBLE_POINT,,,8,,11,WETH,[],raw_by_asset_no_cross_asset_sum,275f0e91b17cb67ac9ed65db873ebe930ba646e7b72f33ae36b86221ba180dde,QUERY_ACCEPTED
controlled-v1/canonical_weth_1to1/04,controlled-v1/canonical_weth_1to1/04,SYNTHETIC_CONTROLLED_V1,controlled,SYNTHETIC,False,NO_CROSS_TARGET_COUPLING,addresses,T|WETH,COMPLETED,product_of_target_specific_copies,8,8,,,11,WETH,[],raw_by_asset_no_cross_asset_sum,275f0e91b17cb67ac9ed65db873ebe930ba646e7b72f33ae36b86221ba180dde,QUERY_ACCEPTED
controlled-v1/canonical_weth_1to1/04,controlled-v1/canonical_weth_1to1/04,SYNTHETIC_CONTROLLED_V1,controlled,SYNTHETIC,False,NO_CROSS_TARGET_COUPLING,events,weth_enter,COMPLETED,product_of_target_specific_copies,8,8,,,11,WETH,[],raw_by_asset_no_cross_asset_sum,275f0e91b17cb67ac9ed65db873ebe930ba646e7b72f33ae36b86221ba180dde,QUERY_ACCEPTED
controlled-v1/canonical_weth_1to1/04,controlled-v1/canonical_weth_1to1/04,SYNTHETIC_CONTROLLED_V1,controlled,SYNTHETIC,False,NO_CROSS_TARGET_COUPLING,joint_by_asset,WETH,COMPLETED,product_of_target_specific_copies,8,8,,,11,WETH,[],raw_by_asset_no_cross_asset_sum,275f0e91b17cb67ac9ed65db873ebe930ba646e7b72f33ae36b86221ba180dde,QUERY_ACCEPTED
controlled-v1/canonical_weth_1to1/04,controlled-v1/canonical_weth_1to1/04,SYNTHETIC_CONTROLLED_V1,controlled,SYNTHETIC,False,NO_PROTOCOL_CONTINUATION,addresses,T|WETH,COMPLETED,feasible_interval,0,0,,,11,WETH,[],raw_by_asset_no_cross_asset_sum,275f0e91b17cb67ac9ed65db873ebe930ba646e7b72f33ae36b86221ba180dde,QUERY_ACCEPTED
controlled-v1/canonical_weth_1to1/04,controlled-v1/canonical_weth_1to1/04,SYNTHETIC_CONTROLLED_V1,controlled,SYNTHETIC,False,NO_PROTOCOL_CONTINUATION,events,weth_enter,COMPLETED,feasible_interval,0,0,,,11,WETH,[],raw_by_asset_no_cross_asset_sum,275f0e91b17cb67ac9ed65db873ebe930ba646e7b72f33ae36b86221ba180dde,QUERY_ACCEPTED
controlled-v1/canonical_weth_1to1/04,controlled-v1/canonical_weth_1to1/04,SYNTHETIC_CONTROLLED_V1,controlled,SYNTHETIC,False,NO_PROTOCOL_CONTINUATION,joint_by_asset,WETH,COMPLETED,feasible_interval,0,0,,,11,WETH,[],raw_by_asset_no_cross_asset_sum,275f0e91b17cb67ac9ed65db873ebe930ba646e7b72f33ae36b86221ba180dde,QUERY_ACCEPTED
controlled-v1/canonical_weth_1to1/04,controlled-v1/canonical_weth_1to1/04,SYNTHETIC_CONTROLLED_V1,controlled,SYNTHETIC,False,BALANCE_INFORMATION_REMOVED,addresses,T|WETH,COMPLETED,feasible_interval,0,8,,,11,WETH,[],raw_by_asset_no_cross_asset_sum,275f0e91b17cb67ac9ed65db873ebe930ba646e7b72f33ae36b86221ba180dde,QUERY_ACCEPTED
controlled-v1/canonical_weth_1to1/04,controlled-v1/canonical_weth_1to1/04,SYNTHETIC_CONTROLLED_V1,controlled,SYNTHETIC,False,BALANCE_INFORMATION_REMOVED,events,weth_enter,COMPLETED,feasible_interval,0,8,,,11,WETH,[],raw_by_asset_no_cross_asset_sum,275f0e91b17cb67ac9ed65db873ebe930ba646e7b72f33ae36b86221ba180dde,QUERY_ACCEPTED
controlled-v1/canonical_weth_1to1/04,controlled-v1/canonical_weth_1to1/04,SYNTHETIC_CONTROLLED_V1,controlled,SYNTHETIC,False,BALANCE_INFORMATION_REMOVED,joint_by_asset,WETH,COMPLETED,feasible_interval,0,8,,,11,WETH,[],raw_by_asset_no_cross_asset_sum,275f0e91b17cb67ac9ed65db873ebe930ba646e7b72f33ae36b86221ba180dde,QUERY_ACCEPTED
controlled-v1/canonical_weth_1to1/05,controlled-v1/canonical_weth_1to1/05,SYNTHETIC_CONTROLLED_V1,controlled,SYNTHETIC,False,NO_PROTOCOL_CONTINUATION,addresses,T|WETH,COMPLETED,feasible_interval,0,0,,,4,WETH,[],raw_by_asset_no_cross_asset_sum,7ab43492d909d7e0d38903c8d39c4f6a2597ee5b30e61ddf7fd082f98d9d6cc8,QUERY_ACCEPTED
controlled-v1/canonical_weth_1to1/05,controlled-v1/canonical_weth_1to1/05,SYNTHETIC_CONTROLLED_V1,controlled,SYNTHETIC,False,NO_PROTOCOL_CONTINUATION,addresses,U|WETH,COMPLETED,feasible_interval,0,0,,,4,WETH,[],raw_by_asset_no_cross_asset_sum,7ab43492d909d7e0d38903c8d39c4f6a2597ee5b30e61ddf7fd082f98d9d6cc8,QUERY_ACCEPTED
controlled-v1/canonical_weth_1to1/05,controlled-v1/canonical_weth_1to1/05,SYNTHETIC_CONTROLLED_V1,controlled,SYNTHETIC,False,NO_PROTOCOL_CONTINUATION,events,weth_split:output0,COMPLETED,feasible_interval,0,0,,,4,WETH,[],raw_by_asset_no_cross_asset_sum,7ab43492d909d7e0d38903c8d39c4f6a2597ee5b30e61ddf7fd082f98d9d6cc8,QUERY_ACCEPTED
controlled-v1/canonical_weth_1to1/05,controlled-v1/canonical_weth_1to1/05,SYNTHETIC_CONTROLLED_V1,controlled,SYNTHETIC,False,NO_PROTOCOL_CONTINUATION,events,weth_split:output1,COMPLETED,feasible_interval,0,0,,,4,WETH,[],raw_by_asset_no_cross_asset_sum,7ab43492d909d7e0d38903c8d39c4f6a2597ee5b30e61ddf7fd082f98d9d6cc8,QUERY_ACCEPTED
controlled-v1/canonical_weth_1to1/05,controlled-v1/canonical_weth_1to1/05,SYNTHETIC_CONTROLLED_V1,controlled,SYNTHETIC,False,NO_PROTOCOL_CONTINUATION,joint_by_asset,WETH,COMPLETED,feasible_interval,0,0,,,8,WETH,[],raw_by_asset_no_cross_asset_sum,7ab43492d909d7e0d38903c8d39c4f6a2597ee5b30e61ddf7fd082f98d9d6cc8,QUERY_ACCEPTED
controlled-v1/canonical_weth_1to1/05,controlled-v1/canonical_weth_1to1/05,SYNTHETIC_CONTROLLED_V1,controlled,SYNTHETIC,False,BALANCE_INFORMATION_REMOVED,addresses,T|WETH,COMPLETED,feasible_interval,0,4,,,4,WETH,[],raw_by_asset_no_cross_asset_sum,7ab43492d909d7e0d38903c8d39c4f6a2597ee5b30e61ddf7fd082f98d9d6cc8,QUERY_ACCEPTED
controlled-v1/canonical_weth_1to1/05,controlled-v1/canonical_weth_1to1/05,SYNTHETIC_CONTROLLED_V1,controlled,SYNTHETIC,False,BALANCE_INFORMATION_REMOVED,addresses,U|WETH,COMPLETED,feasible_interval,0,4,,,4,WETH,[],raw_by_asset_no_cross_asset_sum,7ab43492d909d7e0d38903c8d39c4f6a2597ee5b30e61ddf7fd082f98d9d6cc8,QUERY_ACCEPTED
controlled-v1/canonical_weth_1to1/05,controlled-v1/canonical_weth_1to1/05,SYNTHETIC_CONTROLLED_V1,controlled,SYNTHETIC,False,BALANCE_INFORMATION_REMOVED,events,weth_split:output0,COMPLETED,feasible_interval,0,4,,,4,WETH,[],raw_by_asset_no_cross_asset_sum,7ab43492d909d7e0d38903c8d39c4f6a2597ee5b30e61ddf7fd082f98d9d6cc8,QUERY_ACCEPTED
controlled-v1/canonical_weth_1to1/05,controlled-v1/canonical_weth_1to1/05,SYNTHETIC_CONTROLLED_V1,controlled,SYNTHETIC,False,BALANCE_INFORMATION_REMOVED,events,weth_split:output1,COMPLETED,feasible_interval,0,4,,,4,WETH,[],raw_by_asset_no_cross_asset_sum,7ab43492d909d7e0d38903c8d39c4f6a2597ee5b30e61ddf7fd082f98d9d6cc8,QUERY_ACCEPTED
controlled-v1/canonical_weth_1to1/05,controlled-v1/canonical_weth_1to1/05,SYNTHETIC_CONTROLLED_V1,controlled,SYNTHETIC,False,BALANCE_INFORMATION_REMOVED,joint_by_asset,WETH,COMPLETED,feasible_interval,0,4,,,8,WETH,[],raw_by_asset_no_cross_asset_sum,7ab43492d909d7e0d38903c8d39c4f6a2597ee5b30e61ddf7fd082f98d9d6cc8,QUERY_ACCEPTED
controlled-v1/canonical_weth_1to1/05,controlled-v1/canonical_weth_1to1/05,SYNTHETIC_CONTROLLED_V1,controlled,SYNTHETIC,False,FULL_INTERVAL,addresses,T|WETH,COMPLETED,feasible_interval,0,4,,,4,WETH,[],raw_by_asset_no_cross_asset_sum,7ab43492d909d7e0d38903c8d39c4f6a2597ee5b30e61ddf7fd082f98d9d6cc8,QUERY_ACCEPTED
controlled-v1/canonical_weth_1to1/05,controlled-v1/canonical_weth_1to1/05,SYNTHETIC_CONTROLLED_V1,controlled,SYNTHETIC,False,FULL_INTERVAL,addresses,U|WETH,COMPLETED,feasible_interval,0,4,,,4,WETH,[],raw_by_asset_no_cross_asset_sum,7ab43492d909d7e0d38903c8d39c4f6a2597ee5b30e61ddf7fd082f98d9d6cc8,QUERY_ACCEPTED
controlled-v1/canonical_weth_1to1/05,controlled-v1/canonical_weth_1to1/05,SYNTHETIC_CONTROLLED_V1,controlled,SYNTHETIC,False,FULL_INTERVAL,events,weth_split:output0,COMPLETED,feasible_interval,0,4,,,4,WETH,[],raw_by_asset_no_cross_asset_sum,7ab43492d909d7e0d38903c8d39c4f6a2597ee5b30e61ddf7fd082f98d9d6cc8,QUERY_ACCEPTED
controlled-v1/canonical_weth_1to1/05,controlled-v1/canonical_weth_1to1/05,SYNTHETIC_CONTROLLED_V1,controlled,SYNTHETIC,False,FULL_INTERVAL,events,weth_split:output1,COMPLETED,feasible_interval,0,4,,,4,WETH,[],raw_by_asset_no_cross_asset_sum,7ab43492d909d7e0d38903c8d39c4f6a2597ee5b30e61ddf7fd082f98d9d6cc8,QUERY_ACCEPTED
controlled-v1/canonical_weth_1to1/05,controlled-v1/canonical_weth_1to1/05,SYNTHETIC_CONTROLLED_V1,controlled,SYNTHETIC,False,FULL_INTERVAL,joint_by_asset,WETH,COMPLETED,feasible_interval,3,4,,,8,WETH,[],raw_by_asset_no_cross_asset_sum,7ab43492d909d7e0d38903c8d39c4f6a2597ee5b30e61ddf7fd082f98d9d6cc8,QUERY_ACCEPTED
controlled-v1/canonical_weth_1to1/05,controlled-v1/canonical_weth_1to1/05,SYNTHETIC_CONTROLLED_V1,controlled,SYNTHETIC,False,BOUNDED_REACHABILITY,addresses,T|WETH,COMPLETED,ADDRESS_EVENT_SET_NO_AMOUNT,,,,,4,WETH,[],raw_by_asset_no_cross_asset_sum,7ab43492d909d7e0d38903c8d39c4f6a2597ee5b30e61ddf7fd082f98d9d6cc8,QUERY_ACCEPTED
controlled-v1/canonical_weth_1to1/05,controlled-v1/canonical_weth_1to1/05,SYNTHETIC_CONTROLLED_V1,controlled,SYNTHETIC,False,BOUNDED_REACHABILITY,addresses,U|WETH,COMPLETED,ADDRESS_EVENT_SET_NO_AMOUNT,,,,,4,WETH,[],raw_by_asset_no_cross_asset_sum,7ab43492d909d7e0d38903c8d39c4f6a2597ee5b30e61ddf7fd082f98d9d6cc8,QUERY_ACCEPTED
controlled-v1/canonical_weth_1to1/05,controlled-v1/canonical_weth_1to1/05,SYNTHETIC_CONTROLLED_V1,controlled,SYNTHETIC,False,BOUNDED_REACHABILITY,events,seed,COMPLETED,ADDRESS_EVENT_SET_NO_AMOUNT,,,,,4,ETH,[],raw_by_asset_no_cross_asset_sum,7ab43492d909d7e0d38903c8d39c4f6a2597ee5b30e61ddf7fd082f98d9d6cc8,QUERY_ACCEPTED
controlled-v1/canonical_weth_1to1/05,controlled-v1/canonical_weth_1to1/05,SYNTHETIC_CONTROLLED_V1,controlled,SYNTHETIC,False,BOUNDED_REACHABILITY,events,wrap:input,COMPLETED,ADDRESS_EVENT_SET_NO_AMOUNT,,,,,9,ETH,[],raw_by_asset_no_cross_asset_sum,7ab43492d909d7e0d38903c8d39c4f6a2597ee5b30e61ddf7fd082f98d9d6cc8,QUERY_ACCEPTED
controlled-v1/canonical_weth_1to1/05,controlled-v1/canonical_weth_1to1/05,SYNTHETIC_CONTROLLED_V1,controlled,SYNTHETIC,False,BOUNDED_REACHABILITY,events,wrap:refund,COMPLETED,ADDRESS_EVENT_SET_NO_AMOUNT,,,,,1,ETH,[],raw_by_asset_no_cross_asset_sum,7ab43492d909d7e0d38903c8d39c4f6a2597ee5b30e61ddf7fd082f98d9d6cc8,QUERY_ACCEPTED
controlled-v1/canonical_weth_1to1/05,controlled-v1/canonical_weth_1to1/05,SYNTHETIC_CONTROLLED_V1,controlled,SYNTHETIC,False,BOUNDED_REACHABILITY,events,wrap:net,COMPLETED,ADDRESS_EVENT_SET_NO_AMOUNT,,,,,8,ETH,[],raw_by_asset_no_cross_asset_sum,7ab43492d909d7e0d38903c8d39c4f6a2597ee5b30e61ddf7fd082f98d9d6cc8,QUERY_ACCEPTED
controlled-v1/canonical_weth_1to1/05,controlled-v1/canonical_weth_1to1/05,SYNTHETIC_CONTROLLED_V1,controlled,SYNTHETIC,False,BOUNDED_REACHABILITY,events,wrap:output,COMPLETED,ADDRESS_EVENT_SET_NO_AMOUNT,,,,,8,WETH,[],raw_by_asset_no_cross_asset_sum,7ab43492d909d7e0d38903c8d39c4f6a2597ee5b30e61ddf7fd082f98d9d6cc8,QUERY_ACCEPTED
controlled-v1/canonical_weth_1to1/05,controlled-v1/canonical_weth_1to1/05,SYNTHETIC_CONTROLLED_V1,controlled,SYNTHETIC,False,BOUNDED_REACHABILITY,events,weth_split:input,COMPLETED,ADDRESS_EVENT_SET_NO_AMOUNT,,,,,8,WETH,[],raw_by_asset_no_cross_asset_sum,7ab43492d909d7e0d38903c8d39c4f6a2597ee5b30e61ddf7fd082f98d9d6cc8,QUERY_ACCEPTED
controlled-v1/canonical_weth_1to1/05,controlled-v1/canonical_weth_1to1/05,SYNTHETIC_CONTROLLED_V1,controlled,SYNTHETIC,False,BOUNDED_REACHABILITY,events,weth_split:output0,COMPLETED,ADDRESS_EVENT_SET_NO_AMOUNT,,,,,4,WETH,[],raw_by_asset_no_cross_asset_sum,7ab43492d909d7e0d38903c8d39c4f6a2597ee5b30e61ddf7fd082f98d9d6cc8,QUERY_ACCEPTED
controlled-v1/canonical_weth_1to1/05,controlled-v1/canonical_weth_1to1/05,SYNTHETIC_CONTROLLED_V1,controlled,SYNTHETIC,False,BOUNDED_REACHABILITY,events,weth_split:output1,COMPLETED,ADDRESS_EVENT_SET_NO_AMOUNT,,,,,4,WETH,[],raw_by_asset_no_cross_asset_sum,7ab43492d909d7e0d38903c8d39c4f6a2597ee5b30e61ddf7fd082f98d9d6cc8,QUERY_ACCEPTED
controlled-v1/canonical_weth_1to1/05,controlled-v1/canonical_weth_1to1/05,SYNTHETIC_CONTROLLED_V1,controlled,SYNTHETIC,False,BOUNDED_REACHABILITY,joint_by_asset,WETH,COMPLETED,ADDRESS_EVENT_SET_NO_AMOUNT,,,,,8,WETH,[],raw_by_asset_no_cross_asset_sum,7ab43492d909d7e0d38903c8d39c4f6a2597ee5b30e61ddf7fd082f98d9d6cc8,QUERY_ACCEPTED
controlled-v1/canonical_weth_1to1/05,controlled-v1/canonical_weth_1to1/05,SYNTHETIC_CONTROLLED_V1,controlled,SYNTHETIC,False,POISON,addresses,T|WETH,COMPLETED,POISON_NOMINAL_RAW,,,,4,4,WETH,[],raw_by_asset_no_cross_asset_sum,7ab43492d909d7e0d38903c8d39c4f6a2597ee5b30e61ddf7fd082f98d9d6cc8,QUERY_ACCEPTED
controlled-v1/canonical_weth_1to1/05,controlled-v1/canonical_weth_1to1/05,SYNTHETIC_CONTROLLED_V1,controlled,SYNTHETIC,False,POISON,addresses,U|WETH,COMPLETED,POISON_NOMINAL_RAW,,,,4,4,WETH,[],raw_by_asset_no_cross_asset_sum,7ab43492d909d7e0d38903c8d39c4f6a2597ee5b30e61ddf7fd082f98d9d6cc8,QUERY_ACCEPTED
controlled-v1/canonical_weth_1to1/05,controlled-v1/canonical_weth_1to1/05,SYNTHETIC_CONTROLLED_V1,controlled,SYNTHETIC,False,POISON,events,seed,COMPLETED,POISON_NOMINAL_RAW,,,,4,4,ETH,[],raw_by_asset_no_cross_asset_sum,7ab43492d909d7e0d38903c8d39c4f6a2597ee5b30e61ddf7fd082f98d9d6cc8,QUERY_ACCEPTED
controlled-v1/canonical_weth_1to1/05,controlled-v1/canonical_weth_1to1/05,SYNTHETIC_CONTROLLED_V1,controlled,SYNTHETIC,False,POISON,events,wrap:input,COMPLETED,POISON_NOMINAL_RAW,,,,9,9,ETH,[],raw_by_asset_no_cross_asset_sum,7ab43492d909d7e0d38903c8d39c4f6a2597ee5b30e61ddf7fd082f98d9d6cc8,QUERY_ACCEPTED
controlled-v1/canonical_weth_1to1/05,controlled-v1/canonical_weth_1to1/05,SYNTHETIC_CONTROLLED_V1,controlled,SYNTHETIC,False,POISON,events,wrap:refund,COMPLETED,POISON_NOMINAL_RAW,,,,1,1,ETH,[],raw_by_asset_no_cross_asset_sum,7ab43492d909d7e0d38903c8d39c4f6a2597ee5b30e61ddf7fd082f98d9d6cc8,QUERY_ACCEPTED
controlled-v1/canonical_weth_1to1/05,controlled-v1/canonical_weth_1to1/05,SYNTHETIC_CONTROLLED_V1,controlled,SYNTHETIC,False,POISON,events,wrap:net,COMPLETED,POISON_NOMINAL_RAW,,,,8,8,ETH,[],raw_by_asset_no_cross_asset_sum,7ab43492d909d7e0d38903c8d39c4f6a2597ee5b30e61ddf7fd082f98d9d6cc8,QUERY_ACCEPTED
controlled-v1/canonical_weth_1to1/05,controlled-v1/canonical_weth_1to1/05,SYNTHETIC_CONTROLLED_V1,controlled,SYNTHETIC,False,POISON,events,wrap:output,COMPLETED,POISON_NOMINAL_RAW,,,,8,8,WETH,[],raw_by_asset_no_cross_asset_sum,7ab43492d909d7e0d38903c8d39c4f6a2597ee5b30e61ddf7fd082f98d9d6cc8,QUERY_ACCEPTED
controlled-v1/canonical_weth_1to1/05,controlled-v1/canonical_weth_1to1/05,SYNTHETIC_CONTROLLED_V1,controlled,SYNTHETIC,False,POISON,events,weth_split:input,COMPLETED,POISON_NOMINAL_RAW,,,,8,8,WETH,[],raw_by_asset_no_cross_asset_sum,7ab43492d909d7e0d38903c8d39c4f6a2597ee5b30e61ddf7fd082f98d9d6cc8,QUERY_ACCEPTED
controlled-v1/canonical_weth_1to1/05,controlled-v1/canonical_weth_1to1/05,SYNTHETIC_CONTROLLED_V1,controlled,SYNTHETIC,False,POISON,events,weth_split:output0,COMPLETED,POISON_NOMINAL_RAW,,,,4,4,WETH,[],raw_by_asset_no_cross_asset_sum,7ab43492d909d7e0d38903c8d39c4f6a2597ee5b30e61ddf7fd082f98d9d6cc8,QUERY_ACCEPTED
controlled-v1/canonical_weth_1to1/05,controlled-v1/canonical_weth_1to1/05,SYNTHETIC_CONTROLLED_V1,controlled,SYNTHETIC,False,POISON,events,weth_split:output1,COMPLETED,POISON_NOMINAL_RAW,,,,4,4,WETH,[],raw_by_asset_no_cross_asset_sum,7ab43492d909d7e0d38903c8d39c4f6a2597ee5b30e61ddf7fd082f98d9d6cc8,QUERY_ACCEPTED
controlled-v1/canonical_weth_1to1/05,controlled-v1/canonical_weth_1to1/05,SYNTHETIC_CONTROLLED_V1,controlled,SYNTHETIC,False,POISON,joint_by_asset,WETH,COMPLETED,POISON_NOMINAL_RAW,,,,8,8,WETH,[],raw_by_asset_no_cross_asset_sum,7ab43492d909d7e0d38903c8d39c4f6a2597ee5b30e61ddf7fd082f98d9d6cc8,QUERY_ACCEPTED
controlled-v1/canonical_weth_1to1/05,controlled-v1/canonical_weth_1to1/05,SYNTHETIC_CONTROLLED_V1,controlled,SYNTHETIC,False,HAIRCUT,addresses,T|WETH,COMPLETED,PROPORTIONAL_FEASIBLE_POINT,,,16/9,,4,WETH,[],raw_by_asset_no_cross_asset_sum,7ab43492d909d7e0d38903c8d39c4f6a2597ee5b30e61ddf7fd082f98d9d6cc8,QUERY_ACCEPTED
controlled-v1/canonical_weth_1to1/05,controlled-v1/canonical_weth_1to1/05,SYNTHETIC_CONTROLLED_V1,controlled,SYNTHETIC,False,HAIRCUT,addresses,U|WETH,COMPLETED,PROPORTIONAL_FEASIBLE_POINT,,,16/9,,4,WETH,[],raw_by_asset_no_cross_asset_sum,7ab43492d909d7e0d38903c8d39c4f6a2597ee5b30e61ddf7fd082f98d9d6cc8,QUERY_ACCEPTED
controlled-v1/canonical_weth_1to1/05,controlled-v1/canonical_weth_1to1/05,SYNTHETIC_CONTROLLED_V1,controlled,SYNTHETIC,False,HAIRCUT,events,seed,COMPLETED,PROPORTIONAL_FEASIBLE_POINT,,,4,,4,ETH,[],raw_by_asset_no_cross_asset_sum,7ab43492d909d7e0d38903c8d39c4f6a2597ee5b30e61ddf7fd082f98d9d6cc8,QUERY_ACCEPTED
controlled-v1/canonical_weth_1to1/05,controlled-v1/canonical_weth_1to1/05,SYNTHETIC_CONTROLLED_V1,controlled,SYNTHETIC,False,HAIRCUT,events,wrap:input,COMPLETED,PROPORTIONAL_FEASIBLE_POINT,,,4,,9,ETH,[],raw_by_asset_no_cross_asset_sum,7ab43492d909d7e0d38903c8d39c4f6a2597ee5b30e61ddf7fd082f98d9d6cc8,QUERY_ACCEPTED
controlled-v1/canonical_weth_1to1/05,controlled-v1/canonical_weth_1to1/05,SYNTHETIC_CONTROLLED_V1,controlled,SYNTHETIC,False,HAIRCUT,events,wrap:refund,COMPLETED,PROPORTIONAL_FEASIBLE_POINT,,,4/9,,1,ETH,[],raw_by_asset_no_cross_asset_sum,7ab43492d909d7e0d38903c8d39c4f6a2597ee5b30e61ddf7fd082f98d9d6cc8,QUERY_ACCEPTED
controlled-v1/canonical_weth_1to1/05,controlled-v1/canonical_weth_1to1/05,SYNTHETIC_CONTROLLED_V1,controlled,SYNTHETIC,False,HAIRCUT,events,wrap:net,COMPLETED,PROPORTIONAL_FEASIBLE_POINT,,,32/9,,8,ETH,[],raw_by_asset_no_cross_asset_sum,7ab43492d909d7e0d38903c8d39c4f6a2597ee5b30e61ddf7fd082f98d9d6cc8,QUERY_ACCEPTED
controlled-v1/canonical_weth_1to1/05,controlled-v1/canonical_weth_1to1/05,SYNTHETIC_CONTROLLED_V1,controlled,SYNTHETIC,False,HAIRCUT,events,wrap:output,COMPLETED,PROPORTIONAL_FEASIBLE_POINT,,,32/9,,8,WETH,[],raw_by_asset_no_cross_asset_sum,7ab43492d909d7e0d38903c8d39c4f6a2597ee5b30e61ddf7fd082f98d9d6cc8,QUERY_ACCEPTED
controlled-v1/canonical_weth_1to1/05,controlled-v1/canonical_weth_1to1/05,SYNTHETIC_CONTROLLED_V1,controlled,SYNTHETIC,False,HAIRCUT,events,weth_split:input,COMPLETED,PROPORTIONAL_FEASIBLE_POINT,,,32/9,,8,WETH,[],raw_by_asset_no_cross_asset_sum,7ab43492d909d7e0d38903c8d39c4f6a2597ee5b30e61ddf7fd082f98d9d6cc8,QUERY_ACCEPTED
controlled-v1/canonical_weth_1to1/05,controlled-v1/canonical_weth_1to1/05,SYNTHETIC_CONTROLLED_V1,controlled,SYNTHETIC,False,HAIRCUT,events,weth_split:output0,COMPLETED,PROPORTIONAL_FEASIBLE_POINT,,,16/9,,4,WETH,[],raw_by_asset_no_cross_asset_sum,7ab43492d909d7e0d38903c8d39c4f6a2597ee5b30e61ddf7fd082f98d9d6cc8,QUERY_ACCEPTED
controlled-v1/canonical_weth_1to1/05,controlled-v1/canonical_weth_1to1/05,SYNTHETIC_CONTROLLED_V1,controlled,SYNTHETIC,False,HAIRCUT,events,weth_split:output1,COMPLETED,PROPORTIONAL_FEASIBLE_POINT,,,16/9,,4,WETH,[],raw_by_asset_no_cross_asset_sum,7ab43492d909d7e0d38903c8d39c4f6a2597ee5b30e61ddf7fd082f98d9d6cc8,QUERY_ACCEPTED
controlled-v1/canonical_weth_1to1/05,controlled-v1/canonical_weth_1to1/05,SYNTHETIC_CONTROLLED_V1,controlled,SYNTHETIC,False,HAIRCUT,joint_by_asset,WETH,COMPLETED,PROPORTIONAL_FEASIBLE_POINT,,,32/9,,8,WETH,[],raw_by_asset_no_cross_asset_sum,7ab43492d909d7e0d38903c8d39c4f6a2597ee5b30e61ddf7fd082f98d9d6cc8,QUERY_ACCEPTED
controlled-v1/canonical_weth_1to1/05,controlled-v1/canonical_weth_1to1/05,SYNTHETIC_CONTROLLED_V1,controlled,SYNTHETIC,False,NO_CROSS_TARGET_COUPLING,addresses,T|WETH,COMPLETED,product_of_target_specific_copies,0,4,,,4,WETH,[],raw_by_asset_no_cross_asset_sum,7ab43492d909d7e0d38903c8d39c4f6a2597ee5b30e61ddf7fd082f98d9d6cc8,QUERY_ACCEPTED
controlled-v1/canonical_weth_1to1/05,controlled-v1/canonical_weth_1to1/05,SYNTHETIC_CONTROLLED_V1,controlled,SYNTHETIC,False,NO_CROSS_TARGET_COUPLING,addresses,U|WETH,COMPLETED,product_of_target_specific_copies,0,4,,,4,WETH,[],raw_by_asset_no_cross_asset_sum,7ab43492d909d7e0d38903c8d39c4f6a2597ee5b30e61ddf7fd082f98d9d6cc8,QUERY_ACCEPTED
controlled-v1/canonical_weth_1to1/05,controlled-v1/canonical_weth_1to1/05,SYNTHETIC_CONTROLLED_V1,controlled,SYNTHETIC,False,NO_CROSS_TARGET_COUPLING,events,weth_split:output0,COMPLETED,product_of_target_specific_copies,0,4,,,4,WETH,[],raw_by_asset_no_cross_asset_sum,7ab43492d909d7e0d38903c8d39c4f6a2597ee5b30e61ddf7fd082f98d9d6cc8,QUERY_ACCEPTED
controlled-v1/canonical_weth_1to1/05,controlled-v1/canonical_weth_1to1/05,SYNTHETIC_CONTROLLED_V1,controlled,SYNTHETIC,False,NO_CROSS_TARGET_COUPLING,events,weth_split:output1,COMPLETED,product_of_target_specific_copies,0,4,,,4,WETH,[],raw_by_asset_no_cross_asset_sum,7ab43492d909d7e0d38903c8d39c4f6a2597ee5b30e61ddf7fd082f98d9d6cc8,QUERY_ACCEPTED
controlled-v1/canonical_weth_1to1/05,controlled-v1/canonical_weth_1to1/05,SYNTHETIC_CONTROLLED_V1,controlled,SYNTHETIC,False,NO_CROSS_TARGET_COUPLING,joint_by_asset,WETH,COMPLETED,product_of_target_specific_copies,0,8,,,8,WETH,[],raw_by_asset_no_cross_asset_sum,7ab43492d909d7e0d38903c8d39c4f6a2597ee5b30e61ddf7fd082f98d9d6cc8,QUERY_ACCEPTED
controlled-v1/canonical_weth_1to1/06,controlled-v1/canonical_weth_1to1/06,SYNTHETIC_CONTROLLED_V1,controlled,SYNTHETIC,False,FULL_INTERVAL,addresses,T|WETH,COMPLETED,feasible_interval,4,4,,,7,WETH,[],raw_by_asset_no_cross_asset_sum,91419f5641026694d044138011e6d3c10798513141203ab9ae02d6133f132064,QUERY_ACCEPTED
controlled-v1/canonical_weth_1to1/06,controlled-v1/canonical_weth_1to1/06,SYNTHETIC_CONTROLLED_V1,controlled,SYNTHETIC,False,FULL_INTERVAL,events,weth_enter,COMPLETED,feasible_interval,4,4,,,7,WETH,[],raw_by_asset_no_cross_asset_sum,91419f5641026694d044138011e6d3c10798513141203ab9ae02d6133f132064,QUERY_ACCEPTED
controlled-v1/canonical_weth_1to1/06,controlled-v1/canonical_weth_1to1/06,SYNTHETIC_CONTROLLED_V1,controlled,SYNTHETIC,False,FULL_INTERVAL,joint_by_asset,WETH,COMPLETED,feasible_interval,4,4,,,7,WETH,[],raw_by_asset_no_cross_asset_sum,91419f5641026694d044138011e6d3c10798513141203ab9ae02d6133f132064,QUERY_ACCEPTED
controlled-v1/canonical_weth_1to1/06,controlled-v1/canonical_weth_1to1/06,SYNTHETIC_CONTROLLED_V1,controlled,SYNTHETIC,False,BOUNDED_REACHABILITY,addresses,T|WETH,COMPLETED,ADDRESS_EVENT_SET_NO_AMOUNT,,,,,7,WETH,[],raw_by_asset_no_cross_asset_sum,91419f5641026694d044138011e6d3c10798513141203ab9ae02d6133f132064,QUERY_ACCEPTED
controlled-v1/canonical_weth_1to1/06,controlled-v1/canonical_weth_1to1/06,SYNTHETIC_CONTROLLED_V1,controlled,SYNTHETIC,False,BOUNDED_REACHABILITY,events,seed,COMPLETED,ADDRESS_EVENT_SET_NO_AMOUNT,,,,,4,ETH,[],raw_by_asset_no_cross_asset_sum,91419f5641026694d044138011e6d3c10798513141203ab9ae02d6133f132064,QUERY_ACCEPTED
controlled-v1/canonical_weth_1to1/06,controlled-v1/canonical_weth_1to1/06,SYNTHETIC_CONTROLLED_V1,controlled,SYNTHETIC,False,BOUNDED_REACHABILITY,events,wrap:input,COMPLETED,ADDRESS_EVENT_SET_NO_AMOUNT,,,,,7,ETH,[],raw_by_asset_no_cross_asset_sum,91419f5641026694d044138011e6d3c10798513141203ab9ae02d6133f132064,QUERY_ACCEPTED
controlled-v1/canonical_weth_1to1/06,controlled-v1/canonical_weth_1to1/06,SYNTHETIC_CONTROLLED_V1,controlled,SYNTHETIC,False,BOUNDED_REACHABILITY,events,wrap:refund,COMPLETED,ADDRESS_EVENT_SET_NO_AMOUNT,,,,,0,ETH,[],raw_by_asset_no_cross_asset_sum,91419f5641026694d044138011e6d3c10798513141203ab9ae02d6133f132064,QUERY_ACCEPTED
controlled-v1/canonical_weth_1to1/06,controlled-v1/canonical_weth_1to1/06,SYNTHETIC_CONTROLLED_V1,controlled,SYNTHETIC,False,BOUNDED_REACHABILITY,events,wrap:net,COMPLETED,ADDRESS_EVENT_SET_NO_AMOUNT,,,,,7,ETH,[],raw_by_asset_no_cross_asset_sum,91419f5641026694d044138011e6d3c10798513141203ab9ae02d6133f132064,QUERY_ACCEPTED
controlled-v1/canonical_weth_1to1/06,controlled-v1/canonical_weth_1to1/06,SYNTHETIC_CONTROLLED_V1,controlled,SYNTHETIC,False,BOUNDED_REACHABILITY,events,wrap:output,COMPLETED,ADDRESS_EVENT_SET_NO_AMOUNT,,,,,7,WETH,[],raw_by_asset_no_cross_asset_sum,91419f5641026694d044138011e6d3c10798513141203ab9ae02d6133f132064,QUERY_ACCEPTED
controlled-v1/canonical_weth_1to1/06,controlled-v1/canonical_weth_1to1/06,SYNTHETIC_CONTROLLED_V1,controlled,SYNTHETIC,False,BOUNDED_REACHABILITY,events,weth_enter,COMPLETED,ADDRESS_EVENT_SET_NO_AMOUNT,,,,,7,WETH,[],raw_by_asset_no_cross_asset_sum,91419f5641026694d044138011e6d3c10798513141203ab9ae02d6133f132064,QUERY_ACCEPTED
controlled-v1/canonical_weth_1to1/06,controlled-v1/canonical_weth_1to1/06,SYNTHETIC_CONTROLLED_V1,controlled,SYNTHETIC,False,BOUNDED_REACHABILITY,joint_by_asset,WETH,COMPLETED,ADDRESS_EVENT_SET_NO_AMOUNT,,,,,7,WETH,[],raw_by_asset_no_cross_asset_sum,91419f5641026694d044138011e6d3c10798513141203ab9ae02d6133f132064,QUERY_ACCEPTED
controlled-v1/canonical_weth_1to1/06,controlled-v1/canonical_weth_1to1/06,SYNTHETIC_CONTROLLED_V1,controlled,SYNTHETIC,False,POISON,addresses,T|WETH,COMPLETED,POISON_NOMINAL_RAW,,,,7,7,WETH,[],raw_by_asset_no_cross_asset_sum,91419f5641026694d044138011e6d3c10798513141203ab9ae02d6133f132064,QUERY_ACCEPTED
controlled-v1/canonical_weth_1to1/06,controlled-v1/canonical_weth_1to1/06,SYNTHETIC_CONTROLLED_V1,controlled,SYNTHETIC,False,POISON,events,seed,COMPLETED,POISON_NOMINAL_RAW,,,,4,4,ETH,[],raw_by_asset_no_cross_asset_sum,91419f5641026694d044138011e6d3c10798513141203ab9ae02d6133f132064,QUERY_ACCEPTED
controlled-v1/canonical_weth_1to1/06,controlled-v1/canonical_weth_1to1/06,SYNTHETIC_CONTROLLED_V1,controlled,SYNTHETIC,False,POISON,events,wrap:input,COMPLETED,POISON_NOMINAL_RAW,,,,7,7,ETH,[],raw_by_asset_no_cross_asset_sum,91419f5641026694d044138011e6d3c10798513141203ab9ae02d6133f132064,QUERY_ACCEPTED
controlled-v1/canonical_weth_1to1/06,controlled-v1/canonical_weth_1to1/06,SYNTHETIC_CONTROLLED_V1,controlled,SYNTHETIC,False,POISON,events,wrap:refund,COMPLETED,POISON_NOMINAL_RAW,,,,0,0,ETH,[],raw_by_asset_no_cross_asset_sum,91419f5641026694d044138011e6d3c10798513141203ab9ae02d6133f132064,QUERY_ACCEPTED
controlled-v1/canonical_weth_1to1/06,controlled-v1/canonical_weth_1to1/06,SYNTHETIC_CONTROLLED_V1,controlled,SYNTHETIC,False,POISON,events,wrap:net,COMPLETED,POISON_NOMINAL_RAW,,,,7,7,ETH,[],raw_by_asset_no_cross_asset_sum,91419f5641026694d044138011e6d3c10798513141203ab9ae02d6133f132064,QUERY_ACCEPTED
controlled-v1/canonical_weth_1to1/06,controlled-v1/canonical_weth_1to1/06,SYNTHETIC_CONTROLLED_V1,controlled,SYNTHETIC,False,POISON,events,wrap:output,COMPLETED,POISON_NOMINAL_RAW,,,,7,7,WETH,[],raw_by_asset_no_cross_asset_sum,91419f5641026694d044138011e6d3c10798513141203ab9ae02d6133f132064,QUERY_ACCEPTED
controlled-v1/canonical_weth_1to1/06,controlled-v1/canonical_weth_1to1/06,SYNTHETIC_CONTROLLED_V1,controlled,SYNTHETIC,False,POISON,events,weth_enter,COMPLETED,POISON_NOMINAL_RAW,,,,7,7,WETH,[],raw_by_asset_no_cross_asset_sum,91419f5641026694d044138011e6d3c10798513141203ab9ae02d6133f132064,QUERY_ACCEPTED
controlled-v1/canonical_weth_1to1/06,controlled-v1/canonical_weth_1to1/06,SYNTHETIC_CONTROLLED_V1,controlled,SYNTHETIC,False,POISON,joint_by_asset,WETH,COMPLETED,POISON_NOMINAL_RAW,,,,7,7,WETH,[],raw_by_asset_no_cross_asset_sum,91419f5641026694d044138011e6d3c10798513141203ab9ae02d6133f132064,QUERY_ACCEPTED
controlled-v1/canonical_weth_1to1/06,controlled-v1/canonical_weth_1to1/06,SYNTHETIC_CONTROLLED_V1,controlled,SYNTHETIC,False,HAIRCUT,addresses,T|WETH,COMPLETED,PROPORTIONAL_FEASIBLE_POINT,,,4,,7,WETH,[],raw_by_asset_no_cross_asset_sum,91419f5641026694d044138011e6d3c10798513141203ab9ae02d6133f132064,QUERY_ACCEPTED
controlled-v1/canonical_weth_1to1/06,controlled-v1/canonical_weth_1to1/06,SYNTHETIC_CONTROLLED_V1,controlled,SYNTHETIC,False,HAIRCUT,events,seed,COMPLETED,PROPORTIONAL_FEASIBLE_POINT,,,4,,4,ETH,[],raw_by_asset_no_cross_asset_sum,91419f5641026694d044138011e6d3c10798513141203ab9ae02d6133f132064,QUERY_ACCEPTED
controlled-v1/canonical_weth_1to1/06,controlled-v1/canonical_weth_1to1/06,SYNTHETIC_CONTROLLED_V1,controlled,SYNTHETIC,False,HAIRCUT,events,wrap:input,COMPLETED,PROPORTIONAL_FEASIBLE_POINT,,,4,,7,ETH,[],raw_by_asset_no_cross_asset_sum,91419f5641026694d044138011e6d3c10798513141203ab9ae02d6133f132064,QUERY_ACCEPTED
controlled-v1/canonical_weth_1to1/06,controlled-v1/canonical_weth_1to1/06,SYNTHETIC_CONTROLLED_V1,controlled,SYNTHETIC,False,HAIRCUT,events,wrap:refund,COMPLETED,PROPORTIONAL_FEASIBLE_POINT,,,0,,0,ETH,[],raw_by_asset_no_cross_asset_sum,91419f5641026694d044138011e6d3c10798513141203ab9ae02d6133f132064,QUERY_ACCEPTED
controlled-v1/canonical_weth_1to1/06,controlled-v1/canonical_weth_1to1/06,SYNTHETIC_CONTROLLED_V1,controlled,SYNTHETIC,False,HAIRCUT,events,wrap:net,COMPLETED,PROPORTIONAL_FEASIBLE_POINT,,,4,,7,ETH,[],raw_by_asset_no_cross_asset_sum,91419f5641026694d044138011e6d3c10798513141203ab9ae02d6133f132064,QUERY_ACCEPTED
controlled-v1/canonical_weth_1to1/06,controlled-v1/canonical_weth_1to1/06,SYNTHETIC_CONTROLLED_V1,controlled,SYNTHETIC,False,HAIRCUT,events,wrap:output,COMPLETED,PROPORTIONAL_FEASIBLE_POINT,,,4,,7,WETH,[],raw_by_asset_no_cross_asset_sum,91419f5641026694d044138011e6d3c10798513141203ab9ae02d6133f132064,QUERY_ACCEPTED
controlled-v1/canonical_weth_1to1/06,controlled-v1/canonical_weth_1to1/06,SYNTHETIC_CONTROLLED_V1,controlled,SYNTHETIC,False,HAIRCUT,events,weth_enter,COMPLETED,PROPORTIONAL_FEASIBLE_POINT,,,4,,7,WETH,[],raw_by_asset_no_cross_asset_sum,91419f5641026694d044138011e6d3c10798513141203ab9ae02d6133f132064,QUERY_ACCEPTED
controlled-v1/canonical_weth_1to1/06,controlled-v1/canonical_weth_1to1/06,SYNTHETIC_CONTROLLED_V1,controlled,SYNTHETIC,False,HAIRCUT,joint_by_asset,WETH,COMPLETED,PROPORTIONAL_FEASIBLE_POINT,,,4,,7,WETH,[],raw_by_asset_no_cross_asset_sum,91419f5641026694d044138011e6d3c10798513141203ab9ae02d6133f132064,QUERY_ACCEPTED
controlled-v1/canonical_weth_1to1/06,controlled-v1/canonical_weth_1to1/06,SYNTHETIC_CONTROLLED_V1,controlled,SYNTHETIC,False,NO_CROSS_TARGET_COUPLING,addresses,T|WETH,COMPLETED,product_of_target_specific_copies,4,4,,,7,WETH,[],raw_by_asset_no_cross_asset_sum,91419f5641026694d044138011e6d3c10798513141203ab9ae02d6133f132064,QUERY_ACCEPTED
controlled-v1/canonical_weth_1to1/06,controlled-v1/canonical_weth_1to1/06,SYNTHETIC_CONTROLLED_V1,controlled,SYNTHETIC,False,NO_CROSS_TARGET_COUPLING,events,weth_enter,COMPLETED,product_of_target_specific_copies,4,4,,,7,WETH,[],raw_by_asset_no_cross_asset_sum,91419f5641026694d044138011e6d3c10798513141203ab9ae02d6133f132064,QUERY_ACCEPTED
controlled-v1/canonical_weth_1to1/06,controlled-v1/canonical_weth_1to1/06,SYNTHETIC_CONTROLLED_V1,controlled,SYNTHETIC,False,NO_CROSS_TARGET_COUPLING,joint_by_asset,WETH,COMPLETED,product_of_target_specific_copies,4,4,,,7,WETH,[],raw_by_asset_no_cross_asset_sum,91419f5641026694d044138011e6d3c10798513141203ab9ae02d6133f132064,QUERY_ACCEPTED
controlled-v1/canonical_weth_1to1/06,controlled-v1/canonical_weth_1to1/06,SYNTHETIC_CONTROLLED_V1,controlled,SYNTHETIC,False,NO_PROTOCOL_CONTINUATION,addresses,T|WETH,COMPLETED,feasible_interval,0,0,,,7,WETH,[],raw_by_asset_no_cross_asset_sum,91419f5641026694d044138011e6d3c10798513141203ab9ae02d6133f132064,QUERY_ACCEPTED
controlled-v1/canonical_weth_1to1/06,controlled-v1/canonical_weth_1to1/06,SYNTHETIC_CONTROLLED_V1,controlled,SYNTHETIC,False,NO_PROTOCOL_CONTINUATION,events,weth_enter,COMPLETED,feasible_interval,0,0,,,7,WETH,[],raw_by_asset_no_cross_asset_sum,91419f5641026694d044138011e6d3c10798513141203ab9ae02d6133f132064,QUERY_ACCEPTED
controlled-v1/canonical_weth_1to1/06,controlled-v1/canonical_weth_1to1/06,SYNTHETIC_CONTROLLED_V1,controlled,SYNTHETIC,False,NO_PROTOCOL_CONTINUATION,joint_by_asset,WETH,COMPLETED,feasible_interval,0,0,,,7,WETH,[],raw_by_asset_no_cross_asset_sum,91419f5641026694d044138011e6d3c10798513141203ab9ae02d6133f132064,QUERY_ACCEPTED
controlled-v1/canonical_weth_1to1/06,controlled-v1/canonical_weth_1to1/06,SYNTHETIC_CONTROLLED_V1,controlled,SYNTHETIC,False,BALANCE_INFORMATION_REMOVED,addresses,T|WETH,COMPLETED,feasible_interval,0,4,,,7,WETH,[],raw_by_asset_no_cross_asset_sum,91419f5641026694d044138011e6d3c10798513141203ab9ae02d6133f132064,QUERY_ACCEPTED
controlled-v1/canonical_weth_1to1/06,controlled-v1/canonical_weth_1to1/06,SYNTHETIC_CONTROLLED_V1,controlled,SYNTHETIC,False,BALANCE_INFORMATION_REMOVED,events,weth_enter,COMPLETED,feasible_interval,0,4,,,7,WETH,[],raw_by_asset_no_cross_asset_sum,91419f5641026694d044138011e6d3c10798513141203ab9ae02d6133f132064,QUERY_ACCEPTED
controlled-v1/canonical_weth_1to1/06,controlled-v1/canonical_weth_1to1/06,SYNTHETIC_CONTROLLED_V1,controlled,SYNTHETIC,False,BALANCE_INFORMATION_REMOVED,joint_by_asset,WETH,COMPLETED,feasible_interval,0,4,,,7,WETH,[],raw_by_asset_no_cross_asset_sum,91419f5641026694d044138011e6d3c10798513141203ab9ae02d6133f132064,QUERY_ACCEPTED
controlled-v1/canonical_weth_1to1/07,controlled-v1/canonical_weth_1to1/07,SYNTHETIC_CONTROLLED_V1,controlled,SYNTHETIC,False,HAIRCUT,addresses,T|WETH,COMPLETED,PROPORTIONAL_FEASIBLE_POINT,,,42/13,,6,WETH,[],raw_by_asset_no_cross_asset_sum,02673451aea7539ea932dfa0fe3c73f7dee433cface511a2a7d95abbd23be10a,QUERY_ACCEPTED
controlled-v1/canonical_weth_1to1/07,controlled-v1/canonical_weth_1to1/07,SYNTHETIC_CONTROLLED_V1,controlled,SYNTHETIC,False,HAIRCUT,addresses,U|WETH,COMPLETED,PROPORTIONAL_FEASIBLE_POINT,,,42/13,,6,WETH,[],raw_by_asset_no_cross_asset_sum,02673451aea7539ea932dfa0fe3c73f7dee433cface511a2a7d95abbd23be10a,QUERY_ACCEPTED
controlled-v1/canonical_weth_1to1/07,controlled-v1/canonical_weth_1to1/07,SYNTHETIC_CONTROLLED_V1,controlled,SYNTHETIC,False,HAIRCUT,events,seed,COMPLETED,PROPORTIONAL_FEASIBLE_POINT,,,7,,7,ETH,[],raw_by_asset_no_cross_asset_sum,02673451aea7539ea932dfa0fe3c73f7dee433cface511a2a7d95abbd23be10a,QUERY_ACCEPTED
controlled-v1/canonical_weth_1to1/07,controlled-v1/canonical_weth_1to1/07,SYNTHETIC_CONTROLLED_V1,controlled,SYNTHETIC,False,HAIRCUT,events,wrap:input,COMPLETED,PROPORTIONAL_FEASIBLE_POINT,,,7,,13,ETH,[],raw_by_asset_no_cross_asset_sum,02673451aea7539ea932dfa0fe3c73f7dee433cface511a2a7d95abbd23be10a,QUERY_ACCEPTED
controlled-v1/canonical_weth_1to1/07,controlled-v1/canonical_weth_1to1/07,SYNTHETIC_CONTROLLED_V1,controlled,SYNTHETIC,False,HAIRCUT,events,wrap:refund,COMPLETED,PROPORTIONAL_FEASIBLE_POINT,,,7/13,,1,ETH,[],raw_by_asset_no_cross_asset_sum,02673451aea7539ea932dfa0fe3c73f7dee433cface511a2a7d95abbd23be10a,QUERY_ACCEPTED
controlled-v1/canonical_weth_1to1/07,controlled-v1/canonical_weth_1to1/07,SYNTHETIC_CONTROLLED_V1,controlled,SYNTHETIC,False,HAIRCUT,events,wrap:net,COMPLETED,PROPORTIONAL_FEASIBLE_POINT,,,84/13,,12,ETH,[],raw_by_asset_no_cross_asset_sum,02673451aea7539ea932dfa0fe3c73f7dee433cface511a2a7d95abbd23be10a,QUERY_ACCEPTED
controlled-v1/canonical_weth_1to1/07,controlled-v1/canonical_weth_1to1/07,SYNTHETIC_CONTROLLED_V1,controlled,SYNTHETIC,False,HAIRCUT,events,wrap:output,COMPLETED,PROPORTIONAL_FEASIBLE_POINT,,,84/13,,12,WETH,[],raw_by_asset_no_cross_asset_sum,02673451aea7539ea932dfa0fe3c73f7dee433cface511a2a7d95abbd23be10a,QUERY_ACCEPTED
controlled-v1/canonical_weth_1to1/07,controlled-v1/canonical_weth_1to1/07,SYNTHETIC_CONTROLLED_V1,controlled,SYNTHETIC,False,HAIRCUT,events,weth_split:input,COMPLETED,PROPORTIONAL_FEASIBLE_POINT,,,84/13,,12,WETH,[],raw_by_asset_no_cross_asset_sum,02673451aea7539ea932dfa0fe3c73f7dee433cface511a2a7d95abbd23be10a,QUERY_ACCEPTED
controlled-v1/canonical_weth_1to1/07,controlled-v1/canonical_weth_1to1/07,SYNTHETIC_CONTROLLED_V1,controlled,SYNTHETIC,False,HAIRCUT,events,weth_split:output0,COMPLETED,PROPORTIONAL_FEASIBLE_POINT,,,42/13,,6,WETH,[],raw_by_asset_no_cross_asset_sum,02673451aea7539ea932dfa0fe3c73f7dee433cface511a2a7d95abbd23be10a,QUERY_ACCEPTED
controlled-v1/canonical_weth_1to1/07,controlled-v1/canonical_weth_1to1/07,SYNTHETIC_CONTROLLED_V1,controlled,SYNTHETIC,False,HAIRCUT,events,weth_split:output1,COMPLETED,PROPORTIONAL_FEASIBLE_POINT,,,42/13,,6,WETH,[],raw_by_asset_no_cross_asset_sum,02673451aea7539ea932dfa0fe3c73f7dee433cface511a2a7d95abbd23be10a,QUERY_ACCEPTED
controlled-v1/canonical_weth_1to1/07,controlled-v1/canonical_weth_1to1/07,SYNTHETIC_CONTROLLED_V1,controlled,SYNTHETIC,False,HAIRCUT,joint_by_asset,WETH,COMPLETED,PROPORTIONAL_FEASIBLE_POINT,,,84/13,,12,WETH,[],raw_by_asset_no_cross_asset_sum,02673451aea7539ea932dfa0fe3c73f7dee433cface511a2a7d95abbd23be10a,QUERY_ACCEPTED
controlled-v1/canonical_weth_1to1/07,controlled-v1/canonical_weth_1to1/07,SYNTHETIC_CONTROLLED_V1,controlled,SYNTHETIC,False,NO_CROSS_TARGET_COUPLING,addresses,T|WETH,COMPLETED,product_of_target_specific_copies,0,6,,,6,WETH,[],raw_by_asset_no_cross_asset_sum,02673451aea7539ea932dfa0fe3c73f7dee433cface511a2a7d95abbd23be10a,QUERY_ACCEPTED
controlled-v1/canonical_weth_1to1/07,controlled-v1/canonical_weth_1to1/07,SYNTHETIC_CONTROLLED_V1,controlled,SYNTHETIC,False,NO_CROSS_TARGET_COUPLING,addresses,U|WETH,COMPLETED,product_of_target_specific_copies,0,6,,,6,WETH,[],raw_by_asset_no_cross_asset_sum,02673451aea7539ea932dfa0fe3c73f7dee433cface511a2a7d95abbd23be10a,QUERY_ACCEPTED
controlled-v1/canonical_weth_1to1/07,controlled-v1/canonical_weth_1to1/07,SYNTHETIC_CONTROLLED_V1,controlled,SYNTHETIC,False,NO_CROSS_TARGET_COUPLING,events,weth_split:output0,COMPLETED,product_of_target_specific_copies,0,6,,,6,WETH,[],raw_by_asset_no_cross_asset_sum,02673451aea7539ea932dfa0fe3c73f7dee433cface511a2a7d95abbd23be10a,QUERY_ACCEPTED
controlled-v1/canonical_weth_1to1/07,controlled-v1/canonical_weth_1to1/07,SYNTHETIC_CONTROLLED_V1,controlled,SYNTHETIC,False,NO_CROSS_TARGET_COUPLING,events,weth_split:output1,COMPLETED,product_of_target_specific_copies,0,6,,,6,WETH,[],raw_by_asset_no_cross_asset_sum,02673451aea7539ea932dfa0fe3c73f7dee433cface511a2a7d95abbd23be10a,QUERY_ACCEPTED
controlled-v1/canonical_weth_1to1/07,controlled-v1/canonical_weth_1to1/07,SYNTHETIC_CONTROLLED_V1,controlled,SYNTHETIC,False,NO_CROSS_TARGET_COUPLING,joint_by_asset,WETH,COMPLETED,product_of_target_specific_copies,0,12,,,12,WETH,[],raw_by_asset_no_cross_asset_sum,02673451aea7539ea932dfa0fe3c73f7dee433cface511a2a7d95abbd23be10a,QUERY_ACCEPTED
controlled-v1/canonical_weth_1to1/07,controlled-v1/canonical_weth_1to1/07,SYNTHETIC_CONTROLLED_V1,controlled,SYNTHETIC,False,NO_PROTOCOL_CONTINUATION,addresses,T|WETH,COMPLETED,feasible_interval,0,0,,,6,WETH,[],raw_by_asset_no_cross_asset_sum,02673451aea7539ea932dfa0fe3c73f7dee433cface511a2a7d95abbd23be10a,QUERY_ACCEPTED
controlled-v1/canonical_weth_1to1/07,controlled-v1/canonical_weth_1to1/07,SYNTHETIC_CONTROLLED_V1,controlled,SYNTHETIC,False,NO_PROTOCOL_CONTINUATION,addresses,U|WETH,COMPLETED,feasible_interval,0,0,,,6,WETH,[],raw_by_asset_no_cross_asset_sum,02673451aea7539ea932dfa0fe3c73f7dee433cface511a2a7d95abbd23be10a,QUERY_ACCEPTED
controlled-v1/canonical_weth_1to1/07,controlled-v1/canonical_weth_1to1/07,SYNTHETIC_CONTROLLED_V1,controlled,SYNTHETIC,False,NO_PROTOCOL_CONTINUATION,events,weth_split:output0,COMPLETED,feasible_interval,0,0,,,6,WETH,[],raw_by_asset_no_cross_asset_sum,02673451aea7539ea932dfa0fe3c73f7dee433cface511a2a7d95abbd23be10a,QUERY_ACCEPTED
controlled-v1/canonical_weth_1to1/07,controlled-v1/canonical_weth_1to1/07,SYNTHETIC_CONTROLLED_V1,controlled,SYNTHETIC,False,NO_PROTOCOL_CONTINUATION,events,weth_split:output1,COMPLETED,feasible_interval,0,0,,,6,WETH,[],raw_by_asset_no_cross_asset_sum,02673451aea7539ea932dfa0fe3c73f7dee433cface511a2a7d95abbd23be10a,QUERY_ACCEPTED
controlled-v1/canonical_weth_1to1/07,controlled-v1/canonical_weth_1to1/07,SYNTHETIC_CONTROLLED_V1,controlled,SYNTHETIC,False,NO_PROTOCOL_CONTINUATION,joint_by_asset,WETH,COMPLETED,feasible_interval,0,0,,,12,WETH,[],raw_by_asset_no_cross_asset_sum,02673451aea7539ea932dfa0fe3c73f7dee433cface511a2a7d95abbd23be10a,QUERY_ACCEPTED
controlled-v1/canonical_weth_1to1/07,controlled-v1/canonical_weth_1to1/07,SYNTHETIC_CONTROLLED_V1,controlled,SYNTHETIC,False,BALANCE_INFORMATION_REMOVED,addresses,T|WETH,COMPLETED,feasible_interval,0,6,,,6,WETH,[],raw_by_asset_no_cross_asset_sum,02673451aea7539ea932dfa0fe3c73f7dee433cface511a2a7d95abbd23be10a,QUERY_ACCEPTED
controlled-v1/canonical_weth_1to1/07,controlled-v1/canonical_weth_1to1/07,SYNTHETIC_CONTROLLED_V1,controlled,SYNTHETIC,False,BALANCE_INFORMATION_REMOVED,addresses,U|WETH,COMPLETED,feasible_interval,0,6,,,6,WETH,[],raw_by_asset_no_cross_asset_sum,02673451aea7539ea932dfa0fe3c73f7dee433cface511a2a7d95abbd23be10a,QUERY_ACCEPTED
controlled-v1/canonical_weth_1to1/07,controlled-v1/canonical_weth_1to1/07,SYNTHETIC_CONTROLLED_V1,controlled,SYNTHETIC,False,BALANCE_INFORMATION_REMOVED,events,weth_split:output0,COMPLETED,feasible_interval,0,6,,,6,WETH,[],raw_by_asset_no_cross_asset_sum,02673451aea7539ea932dfa0fe3c73f7dee433cface511a2a7d95abbd23be10a,QUERY_ACCEPTED
controlled-v1/canonical_weth_1to1/07,controlled-v1/canonical_weth_1to1/07,SYNTHETIC_CONTROLLED_V1,controlled,SYNTHETIC,False,BALANCE_INFORMATION_REMOVED,events,weth_split:output1,COMPLETED,feasible_interval,0,6,,,6,WETH,[],raw_by_asset_no_cross_asset_sum,02673451aea7539ea932dfa0fe3c73f7dee433cface511a2a7d95abbd23be10a,QUERY_ACCEPTED
controlled-v1/canonical_weth_1to1/07,controlled-v1/canonical_weth_1to1/07,SYNTHETIC_CONTROLLED_V1,controlled,SYNTHETIC,False,BALANCE_INFORMATION_REMOVED,joint_by_asset,WETH,COMPLETED,feasible_interval,0,7,,,12,WETH,[],raw_by_asset_no_cross_asset_sum,02673451aea7539ea932dfa0fe3c73f7dee433cface511a2a7d95abbd23be10a,QUERY_ACCEPTED
controlled-v1/canonical_weth_1to1/07,controlled-v1/canonical_weth_1to1/07,SYNTHETIC_CONTROLLED_V1,controlled,SYNTHETIC,False,FULL_INTERVAL,addresses,T|WETH,COMPLETED,feasible_interval,0,6,,,6,WETH,[],raw_by_asset_no_cross_asset_sum,02673451aea7539ea932dfa0fe3c73f7dee433cface511a2a7d95abbd23be10a,QUERY_ACCEPTED
controlled-v1/canonical_weth_1to1/07,controlled-v1/canonical_weth_1to1/07,SYNTHETIC_CONTROLLED_V1,controlled,SYNTHETIC,False,FULL_INTERVAL,addresses,U|WETH,COMPLETED,feasible_interval,0,6,,,6,WETH,[],raw_by_asset_no_cross_asset_sum,02673451aea7539ea932dfa0fe3c73f7dee433cface511a2a7d95abbd23be10a,QUERY_ACCEPTED
controlled-v1/canonical_weth_1to1/07,controlled-v1/canonical_weth_1to1/07,SYNTHETIC_CONTROLLED_V1,controlled,SYNTHETIC,False,FULL_INTERVAL,events,weth_split:output0,COMPLETED,feasible_interval,0,6,,,6,WETH,[],raw_by_asset_no_cross_asset_sum,02673451aea7539ea932dfa0fe3c73f7dee433cface511a2a7d95abbd23be10a,QUERY_ACCEPTED
controlled-v1/canonical_weth_1to1/07,controlled-v1/canonical_weth_1to1/07,SYNTHETIC_CONTROLLED_V1,controlled,SYNTHETIC,False,FULL_INTERVAL,events,weth_split:output1,COMPLETED,feasible_interval,0,6,,,6,WETH,[],raw_by_asset_no_cross_asset_sum,02673451aea7539ea932dfa0fe3c73f7dee433cface511a2a7d95abbd23be10a,QUERY_ACCEPTED
controlled-v1/canonical_weth_1to1/07,controlled-v1/canonical_weth_1to1/07,SYNTHETIC_CONTROLLED_V1,controlled,SYNTHETIC,False,FULL_INTERVAL,joint_by_asset,WETH,COMPLETED,feasible_interval,6,7,,,12,WETH,[],raw_by_asset_no_cross_asset_sum,02673451aea7539ea932dfa0fe3c73f7dee433cface511a2a7d95abbd23be10a,QUERY_ACCEPTED
controlled-v1/canonical_weth_1to1/07,controlled-v1/canonical_weth_1to1/07,SYNTHETIC_CONTROLLED_V1,controlled,SYNTHETIC,False,BOUNDED_REACHABILITY,addresses,T|WETH,COMPLETED,ADDRESS_EVENT_SET_NO_AMOUNT,,,,,6,WETH,[],raw_by_asset_no_cross_asset_sum,02673451aea7539ea932dfa0fe3c73f7dee433cface511a2a7d95abbd23be10a,QUERY_ACCEPTED
controlled-v1/canonical_weth_1to1/07,controlled-v1/canonical_weth_1to1/07,SYNTHETIC_CONTROLLED_V1,controlled,SYNTHETIC,False,BOUNDED_REACHABILITY,addresses,U|WETH,COMPLETED,ADDRESS_EVENT_SET_NO_AMOUNT,,,,,6,WETH,[],raw_by_asset_no_cross_asset_sum,02673451aea7539ea932dfa0fe3c73f7dee433cface511a2a7d95abbd23be10a,QUERY_ACCEPTED
controlled-v1/canonical_weth_1to1/07,controlled-v1/canonical_weth_1to1/07,SYNTHETIC_CONTROLLED_V1,controlled,SYNTHETIC,False,BOUNDED_REACHABILITY,events,seed,COMPLETED,ADDRESS_EVENT_SET_NO_AMOUNT,,,,,7,ETH,[],raw_by_asset_no_cross_asset_sum,02673451aea7539ea932dfa0fe3c73f7dee433cface511a2a7d95abbd23be10a,QUERY_ACCEPTED
controlled-v1/canonical_weth_1to1/07,controlled-v1/canonical_weth_1to1/07,SYNTHETIC_CONTROLLED_V1,controlled,SYNTHETIC,False,BOUNDED_REACHABILITY,events,wrap:input,COMPLETED,ADDRESS_EVENT_SET_NO_AMOUNT,,,,,13,ETH,[],raw_by_asset_no_cross_asset_sum,02673451aea7539ea932dfa0fe3c73f7dee433cface511a2a7d95abbd23be10a,QUERY_ACCEPTED
controlled-v1/canonical_weth_1to1/07,controlled-v1/canonical_weth_1to1/07,SYNTHETIC_CONTROLLED_V1,controlled,SYNTHETIC,False,BOUNDED_REACHABILITY,events,wrap:refund,COMPLETED,ADDRESS_EVENT_SET_NO_AMOUNT,,,,,1,ETH,[],raw_by_asset_no_cross_asset_sum,02673451aea7539ea932dfa0fe3c73f7dee433cface511a2a7d95abbd23be10a,QUERY_ACCEPTED
controlled-v1/canonical_weth_1to1/07,controlled-v1/canonical_weth_1to1/07,SYNTHETIC_CONTROLLED_V1,controlled,SYNTHETIC,False,BOUNDED_REACHABILITY,events,wrap:net,COMPLETED,ADDRESS_EVENT_SET_NO_AMOUNT,,,,,12,ETH,[],raw_by_asset_no_cross_asset_sum,02673451aea7539ea932dfa0fe3c73f7dee433cface511a2a7d95abbd23be10a,QUERY_ACCEPTED
controlled-v1/canonical_weth_1to1/07,controlled-v1/canonical_weth_1to1/07,SYNTHETIC_CONTROLLED_V1,controlled,SYNTHETIC,False,BOUNDED_REACHABILITY,events,wrap:output,COMPLETED,ADDRESS_EVENT_SET_NO_AMOUNT,,,,,12,WETH,[],raw_by_asset_no_cross_asset_sum,02673451aea7539ea932dfa0fe3c73f7dee433cface511a2a7d95abbd23be10a,QUERY_ACCEPTED
controlled-v1/canonical_weth_1to1/07,controlled-v1/canonical_weth_1to1/07,SYNTHETIC_CONTROLLED_V1,controlled,SYNTHETIC,False,BOUNDED_REACHABILITY,events,weth_split:input,COMPLETED,ADDRESS_EVENT_SET_NO_AMOUNT,,,,,12,WETH,[],raw_by_asset_no_cross_asset_sum,02673451aea7539ea932dfa0fe3c73f7dee433cface511a2a7d95abbd23be10a,QUERY_ACCEPTED
controlled-v1/canonical_weth_1to1/07,controlled-v1/canonical_weth_1to1/07,SYNTHETIC_CONTROLLED_V1,controlled,SYNTHETIC,False,BOUNDED_REACHABILITY,events,weth_split:output0,COMPLETED,ADDRESS_EVENT_SET_NO_AMOUNT,,,,,6,WETH,[],raw_by_asset_no_cross_asset_sum,02673451aea7539ea932dfa0fe3c73f7dee433cface511a2a7d95abbd23be10a,QUERY_ACCEPTED
controlled-v1/canonical_weth_1to1/07,controlled-v1/canonical_weth_1to1/07,SYNTHETIC_CONTROLLED_V1,controlled,SYNTHETIC,False,BOUNDED_REACHABILITY,events,weth_split:output1,COMPLETED,ADDRESS_EVENT_SET_NO_AMOUNT,,,,,6,WETH,[],raw_by_asset_no_cross_asset_sum,02673451aea7539ea932dfa0fe3c73f7dee433cface511a2a7d95abbd23be10a,QUERY_ACCEPTED
controlled-v1/canonical_weth_1to1/07,controlled-v1/canonical_weth_1to1/07,SYNTHETIC_CONTROLLED_V1,controlled,SYNTHETIC,False,BOUNDED_REACHABILITY,joint_by_asset,WETH,COMPLETED,ADDRESS_EVENT_SET_NO_AMOUNT,,,,,12,WETH,[],raw_by_asset_no_cross_asset_sum,02673451aea7539ea932dfa0fe3c73f7dee433cface511a2a7d95abbd23be10a,QUERY_ACCEPTED
controlled-v1/canonical_weth_1to1/07,controlled-v1/canonical_weth_1to1/07,SYNTHETIC_CONTROLLED_V1,controlled,SYNTHETIC,False,POISON,addresses,T|WETH,COMPLETED,POISON_NOMINAL_RAW,,,,6,6,WETH,[],raw_by_asset_no_cross_asset_sum,02673451aea7539ea932dfa0fe3c73f7dee433cface511a2a7d95abbd23be10a,QUERY_ACCEPTED
controlled-v1/canonical_weth_1to1/07,controlled-v1/canonical_weth_1to1/07,SYNTHETIC_CONTROLLED_V1,controlled,SYNTHETIC,False,POISON,addresses,U|WETH,COMPLETED,POISON_NOMINAL_RAW,,,,6,6,WETH,[],raw_by_asset_no_cross_asset_sum,02673451aea7539ea932dfa0fe3c73f7dee433cface511a2a7d95abbd23be10a,QUERY_ACCEPTED
controlled-v1/canonical_weth_1to1/07,controlled-v1/canonical_weth_1to1/07,SYNTHETIC_CONTROLLED_V1,controlled,SYNTHETIC,False,POISON,events,seed,COMPLETED,POISON_NOMINAL_RAW,,,,7,7,ETH,[],raw_by_asset_no_cross_asset_sum,02673451aea7539ea932dfa0fe3c73f7dee433cface511a2a7d95abbd23be10a,QUERY_ACCEPTED
controlled-v1/canonical_weth_1to1/07,controlled-v1/canonical_weth_1to1/07,SYNTHETIC_CONTROLLED_V1,controlled,SYNTHETIC,False,POISON,events,wrap:input,COMPLETED,POISON_NOMINAL_RAW,,,,13,13,ETH,[],raw_by_asset_no_cross_asset_sum,02673451aea7539ea932dfa0fe3c73f7dee433cface511a2a7d95abbd23be10a,QUERY_ACCEPTED
controlled-v1/canonical_weth_1to1/07,controlled-v1/canonical_weth_1to1/07,SYNTHETIC_CONTROLLED_V1,controlled,SYNTHETIC,False,POISON,events,wrap:refund,COMPLETED,POISON_NOMINAL_RAW,,,,1,1,ETH,[],raw_by_asset_no_cross_asset_sum,02673451aea7539ea932dfa0fe3c73f7dee433cface511a2a7d95abbd23be10a,QUERY_ACCEPTED
controlled-v1/canonical_weth_1to1/07,controlled-v1/canonical_weth_1to1/07,SYNTHETIC_CONTROLLED_V1,controlled,SYNTHETIC,False,POISON,events,wrap:net,COMPLETED,POISON_NOMINAL_RAW,,,,12,12,ETH,[],raw_by_asset_no_cross_asset_sum,02673451aea7539ea932dfa0fe3c73f7dee433cface511a2a7d95abbd23be10a,QUERY_ACCEPTED
controlled-v1/canonical_weth_1to1/07,controlled-v1/canonical_weth_1to1/07,SYNTHETIC_CONTROLLED_V1,controlled,SYNTHETIC,False,POISON,events,wrap:output,COMPLETED,POISON_NOMINAL_RAW,,,,12,12,WETH,[],raw_by_asset_no_cross_asset_sum,02673451aea7539ea932dfa0fe3c73f7dee433cface511a2a7d95abbd23be10a,QUERY_ACCEPTED
controlled-v1/canonical_weth_1to1/07,controlled-v1/canonical_weth_1to1/07,SYNTHETIC_CONTROLLED_V1,controlled,SYNTHETIC,False,POISON,events,weth_split:input,COMPLETED,POISON_NOMINAL_RAW,,,,12,12,WETH,[],raw_by_asset_no_cross_asset_sum,02673451aea7539ea932dfa0fe3c73f7dee433cface511a2a7d95abbd23be10a,QUERY_ACCEPTED
controlled-v1/canonical_weth_1to1/07,controlled-v1/canonical_weth_1to1/07,SYNTHETIC_CONTROLLED_V1,controlled,SYNTHETIC,False,POISON,events,weth_split:output0,COMPLETED,POISON_NOMINAL_RAW,,,,6,6,WETH,[],raw_by_asset_no_cross_asset_sum,02673451aea7539ea932dfa0fe3c73f7dee433cface511a2a7d95abbd23be10a,QUERY_ACCEPTED
controlled-v1/canonical_weth_1to1/07,controlled-v1/canonical_weth_1to1/07,SYNTHETIC_CONTROLLED_V1,controlled,SYNTHETIC,False,POISON,events,weth_split:output1,COMPLETED,POISON_NOMINAL_RAW,,,,6,6,WETH,[],raw_by_asset_no_cross_asset_sum,02673451aea7539ea932dfa0fe3c73f7dee433cface511a2a7d95abbd23be10a,QUERY_ACCEPTED
controlled-v1/canonical_weth_1to1/07,controlled-v1/canonical_weth_1to1/07,SYNTHETIC_CONTROLLED_V1,controlled,SYNTHETIC,False,POISON,joint_by_asset,WETH,COMPLETED,POISON_NOMINAL_RAW,,,,12,12,WETH,[],raw_by_asset_no_cross_asset_sum,02673451aea7539ea932dfa0fe3c73f7dee433cface511a2a7d95abbd23be10a,QUERY_ACCEPTED
controlled-v1/canonical_weth_1to1/08,controlled-v1/canonical_weth_1to1/08,SYNTHETIC_CONTROLLED_V1,controlled,SYNTHETIC,False,BALANCE_INFORMATION_REMOVED,addresses,T|WETH,COMPLETED,feasible_interval,0,4,,,10,WETH,[],raw_by_asset_no_cross_asset_sum,81b3191fe7c6cb7af5b8840ff41672c3c70c6d03c2e342495e14585fefd7fbda,QUERY_ACCEPTED
controlled-v1/canonical_weth_1to1/08,controlled-v1/canonical_weth_1to1/08,SYNTHETIC_CONTROLLED_V1,controlled,SYNTHETIC,False,BALANCE_INFORMATION_REMOVED,events,weth_enter,COMPLETED,feasible_interval,0,4,,,10,WETH,[],raw_by_asset_no_cross_asset_sum,81b3191fe7c6cb7af5b8840ff41672c3c70c6d03c2e342495e14585fefd7fbda,QUERY_ACCEPTED
controlled-v1/canonical_weth_1to1/08,controlled-v1/canonical_weth_1to1/08,SYNTHETIC_CONTROLLED_V1,controlled,SYNTHETIC,False,BALANCE_INFORMATION_REMOVED,joint_by_asset,WETH,COMPLETED,feasible_interval,0,4,,,10,WETH,[],raw_by_asset_no_cross_asset_sum,81b3191fe7c6cb7af5b8840ff41672c3c70c6d03c2e342495e14585fefd7fbda,QUERY_ACCEPTED
controlled-v1/canonical_weth_1to1/08,controlled-v1/canonical_weth_1to1/08,SYNTHETIC_CONTROLLED_V1,controlled,SYNTHETIC,False,FULL_INTERVAL,addresses,T|WETH,COMPLETED,feasible_interval,4,4,,,10,WETH,[],raw_by_asset_no_cross_asset_sum,81b3191fe7c6cb7af5b8840ff41672c3c70c6d03c2e342495e14585fefd7fbda,QUERY_ACCEPTED
controlled-v1/canonical_weth_1to1/08,controlled-v1/canonical_weth_1to1/08,SYNTHETIC_CONTROLLED_V1,controlled,SYNTHETIC,False,FULL_INTERVAL,events,weth_enter,COMPLETED,feasible_interval,4,4,,,10,WETH,[],raw_by_asset_no_cross_asset_sum,81b3191fe7c6cb7af5b8840ff41672c3c70c6d03c2e342495e14585fefd7fbda,QUERY_ACCEPTED
controlled-v1/canonical_weth_1to1/08,controlled-v1/canonical_weth_1to1/08,SYNTHETIC_CONTROLLED_V1,controlled,SYNTHETIC,False,FULL_INTERVAL,joint_by_asset,WETH,COMPLETED,feasible_interval,4,4,,,10,WETH,[],raw_by_asset_no_cross_asset_sum,81b3191fe7c6cb7af5b8840ff41672c3c70c6d03c2e342495e14585fefd7fbda,QUERY_ACCEPTED
controlled-v1/canonical_weth_1to1/08,controlled-v1/canonical_weth_1to1/08,SYNTHETIC_CONTROLLED_V1,controlled,SYNTHETIC,False,BOUNDED_REACHABILITY,addresses,T|WETH,COMPLETED,ADDRESS_EVENT_SET_NO_AMOUNT,,,,,10,WETH,[],raw_by_asset_no_cross_asset_sum,81b3191fe7c6cb7af5b8840ff41672c3c70c6d03c2e342495e14585fefd7fbda,QUERY_ACCEPTED
controlled-v1/canonical_weth_1to1/08,controlled-v1/canonical_weth_1to1/08,SYNTHETIC_CONTROLLED_V1,controlled,SYNTHETIC,False,BOUNDED_REACHABILITY,events,seed,COMPLETED,ADDRESS_EVENT_SET_NO_AMOUNT,,,,,4,ETH,[],raw_by_asset_no_cross_asset_sum,81b3191fe7c6cb7af5b8840ff41672c3c70c6d03c2e342495e14585fefd7fbda,QUERY_ACCEPTED
controlled-v1/canonical_weth_1to1/08,controlled-v1/canonical_weth_1to1/08,SYNTHETIC_CONTROLLED_V1,controlled,SYNTHETIC,False,BOUNDED_REACHABILITY,events,wrap:input,COMPLETED,ADDRESS_EVENT_SET_NO_AMOUNT,,,,,10,ETH,[],raw_by_asset_no_cross_asset_sum,81b3191fe7c6cb7af5b8840ff41672c3c70c6d03c2e342495e14585fefd7fbda,QUERY_ACCEPTED
controlled-v1/canonical_weth_1to1/08,controlled-v1/canonical_weth_1to1/08,SYNTHETIC_CONTROLLED_V1,controlled,SYNTHETIC,False,BOUNDED_REACHABILITY,events,wrap:refund,COMPLETED,ADDRESS_EVENT_SET_NO_AMOUNT,,,,,0,ETH,[],raw_by_asset_no_cross_asset_sum,81b3191fe7c6cb7af5b8840ff41672c3c70c6d03c2e342495e14585fefd7fbda,QUERY_ACCEPTED
controlled-v1/canonical_weth_1to1/08,controlled-v1/canonical_weth_1to1/08,SYNTHETIC_CONTROLLED_V1,controlled,SYNTHETIC,False,BOUNDED_REACHABILITY,events,wrap:net,COMPLETED,ADDRESS_EVENT_SET_NO_AMOUNT,,,,,10,ETH,[],raw_by_asset_no_cross_asset_sum,81b3191fe7c6cb7af5b8840ff41672c3c70c6d03c2e342495e14585fefd7fbda,QUERY_ACCEPTED
controlled-v1/canonical_weth_1to1/08,controlled-v1/canonical_weth_1to1/08,SYNTHETIC_CONTROLLED_V1,controlled,SYNTHETIC,False,BOUNDED_REACHABILITY,events,wrap:output,COMPLETED,ADDRESS_EVENT_SET_NO_AMOUNT,,,,,10,WETH,[],raw_by_asset_no_cross_asset_sum,81b3191fe7c6cb7af5b8840ff41672c3c70c6d03c2e342495e14585fefd7fbda,QUERY_ACCEPTED
controlled-v1/canonical_weth_1to1/08,controlled-v1/canonical_weth_1to1/08,SYNTHETIC_CONTROLLED_V1,controlled,SYNTHETIC,False,BOUNDED_REACHABILITY,events,weth_enter,COMPLETED,ADDRESS_EVENT_SET_NO_AMOUNT,,,,,10,WETH,[],raw_by_asset_no_cross_asset_sum,81b3191fe7c6cb7af5b8840ff41672c3c70c6d03c2e342495e14585fefd7fbda,QUERY_ACCEPTED
controlled-v1/canonical_weth_1to1/08,controlled-v1/canonical_weth_1to1/08,SYNTHETIC_CONTROLLED_V1,controlled,SYNTHETIC,False,BOUNDED_REACHABILITY,joint_by_asset,WETH,COMPLETED,ADDRESS_EVENT_SET_NO_AMOUNT,,,,,10,WETH,[],raw_by_asset_no_cross_asset_sum,81b3191fe7c6cb7af5b8840ff41672c3c70c6d03c2e342495e14585fefd7fbda,QUERY_ACCEPTED
controlled-v1/canonical_weth_1to1/08,controlled-v1/canonical_weth_1to1/08,SYNTHETIC_CONTROLLED_V1,controlled,SYNTHETIC,False,POISON,addresses,T|WETH,COMPLETED,POISON_NOMINAL_RAW,,,,10,10,WETH,[],raw_by_asset_no_cross_asset_sum,81b3191fe7c6cb7af5b8840ff41672c3c70c6d03c2e342495e14585fefd7fbda,QUERY_ACCEPTED
controlled-v1/canonical_weth_1to1/08,controlled-v1/canonical_weth_1to1/08,SYNTHETIC_CONTROLLED_V1,controlled,SYNTHETIC,False,POISON,events,seed,COMPLETED,POISON_NOMINAL_RAW,,,,4,4,ETH,[],raw_by_asset_no_cross_asset_sum,81b3191fe7c6cb7af5b8840ff41672c3c70c6d03c2e342495e14585fefd7fbda,QUERY_ACCEPTED
controlled-v1/canonical_weth_1to1/08,controlled-v1/canonical_weth_1to1/08,SYNTHETIC_CONTROLLED_V1,controlled,SYNTHETIC,False,POISON,events,wrap:input,COMPLETED,POISON_NOMINAL_RAW,,,,10,10,ETH,[],raw_by_asset_no_cross_asset_sum,81b3191fe7c6cb7af5b8840ff41672c3c70c6d03c2e342495e14585fefd7fbda,QUERY_ACCEPTED
controlled-v1/canonical_weth_1to1/08,controlled-v1/canonical_weth_1to1/08,SYNTHETIC_CONTROLLED_V1,controlled,SYNTHETIC,False,POISON,events,wrap:refund,COMPLETED,POISON_NOMINAL_RAW,,,,0,0,ETH,[],raw_by_asset_no_cross_asset_sum,81b3191fe7c6cb7af5b8840ff41672c3c70c6d03c2e342495e14585fefd7fbda,QUERY_ACCEPTED
controlled-v1/canonical_weth_1to1/08,controlled-v1/canonical_weth_1to1/08,SYNTHETIC_CONTROLLED_V1,controlled,SYNTHETIC,False,POISON,events,wrap:net,COMPLETED,POISON_NOMINAL_RAW,,,,10,10,ETH,[],raw_by_asset_no_cross_asset_sum,81b3191fe7c6cb7af5b8840ff41672c3c70c6d03c2e342495e14585fefd7fbda,QUERY_ACCEPTED
controlled-v1/canonical_weth_1to1/08,controlled-v1/canonical_weth_1to1/08,SYNTHETIC_CONTROLLED_V1,controlled,SYNTHETIC,False,POISON,events,wrap:output,COMPLETED,POISON_NOMINAL_RAW,,,,10,10,WETH,[],raw_by_asset_no_cross_asset_sum,81b3191fe7c6cb7af5b8840ff41672c3c70c6d03c2e342495e14585fefd7fbda,QUERY_ACCEPTED
controlled-v1/canonical_weth_1to1/08,controlled-v1/canonical_weth_1to1/08,SYNTHETIC_CONTROLLED_V1,controlled,SYNTHETIC,False,POISON,events,weth_enter,COMPLETED,POISON_NOMINAL_RAW,,,,10,10,WETH,[],raw_by_asset_no_cross_asset_sum,81b3191fe7c6cb7af5b8840ff41672c3c70c6d03c2e342495e14585fefd7fbda,QUERY_ACCEPTED
controlled-v1/canonical_weth_1to1/08,controlled-v1/canonical_weth_1to1/08,SYNTHETIC_CONTROLLED_V1,controlled,SYNTHETIC,False,POISON,joint_by_asset,WETH,COMPLETED,POISON_NOMINAL_RAW,,,,10,10,WETH,[],raw_by_asset_no_cross_asset_sum,81b3191fe7c6cb7af5b8840ff41672c3c70c6d03c2e342495e14585fefd7fbda,QUERY_ACCEPTED
controlled-v1/canonical_weth_1to1/08,controlled-v1/canonical_weth_1to1/08,SYNTHETIC_CONTROLLED_V1,controlled,SYNTHETIC,False,HAIRCUT,addresses,T|WETH,COMPLETED,PROPORTIONAL_FEASIBLE_POINT,,,4,,10,WETH,[],raw_by_asset_no_cross_asset_sum,81b3191fe7c6cb7af5b8840ff41672c3c70c6d03c2e342495e14585fefd7fbda,QUERY_ACCEPTED
controlled-v1/canonical_weth_1to1/08,controlled-v1/canonical_weth_1to1/08,SYNTHETIC_CONTROLLED_V1,controlled,SYNTHETIC,False,HAIRCUT,events,seed,COMPLETED,PROPORTIONAL_FEASIBLE_POINT,,,4,,4,ETH,[],raw_by_asset_no_cross_asset_sum,81b3191fe7c6cb7af5b8840ff41672c3c70c6d03c2e342495e14585fefd7fbda,QUERY_ACCEPTED
controlled-v1/canonical_weth_1to1/08,controlled-v1/canonical_weth_1to1/08,SYNTHETIC_CONTROLLED_V1,controlled,SYNTHETIC,False,HAIRCUT,events,wrap:input,COMPLETED,PROPORTIONAL_FEASIBLE_POINT,,,4,,10,ETH,[],raw_by_asset_no_cross_asset_sum,81b3191fe7c6cb7af5b8840ff41672c3c70c6d03c2e342495e14585fefd7fbda,QUERY_ACCEPTED
controlled-v1/canonical_weth_1to1/08,controlled-v1/canonical_weth_1to1/08,SYNTHETIC_CONTROLLED_V1,controlled,SYNTHETIC,False,HAIRCUT,events,wrap:refund,COMPLETED,PROPORTIONAL_FEASIBLE_POINT,,,0,,0,ETH,[],raw_by_asset_no_cross_asset_sum,81b3191fe7c6cb7af5b8840ff41672c3c70c6d03c2e342495e14585fefd7fbda,QUERY_ACCEPTED
controlled-v1/canonical_weth_1to1/08,controlled-v1/canonical_weth_1to1/08,SYNTHETIC_CONTROLLED_V1,controlled,SYNTHETIC,False,HAIRCUT,events,wrap:net,COMPLETED,PROPORTIONAL_FEASIBLE_POINT,,,4,,10,ETH,[],raw_by_asset_no_cross_asset_sum,81b3191fe7c6cb7af5b8840ff41672c3c70c6d03c2e342495e14585fefd7fbda,QUERY_ACCEPTED
controlled-v1/canonical_weth_1to1/08,controlled-v1/canonical_weth_1to1/08,SYNTHETIC_CONTROLLED_V1,controlled,SYNTHETIC,False,HAIRCUT,events,wrap:output,COMPLETED,PROPORTIONAL_FEASIBLE_POINT,,,4,,10,WETH,[],raw_by_asset_no_cross_asset_sum,81b3191fe7c6cb7af5b8840ff41672c3c70c6d03c2e342495e14585fefd7fbda,QUERY_ACCEPTED
controlled-v1/canonical_weth_1to1/08,controlled-v1/canonical_weth_1to1/08,SYNTHETIC_CONTROLLED_V1,controlled,SYNTHETIC,False,HAIRCUT,events,weth_enter,COMPLETED,PROPORTIONAL_FEASIBLE_POINT,,,4,,10,WETH,[],raw_by_asset_no_cross_asset_sum,81b3191fe7c6cb7af5b8840ff41672c3c70c6d03c2e342495e14585fefd7fbda,QUERY_ACCEPTED
controlled-v1/canonical_weth_1to1/08,controlled-v1/canonical_weth_1to1/08,SYNTHETIC_CONTROLLED_V1,controlled,SYNTHETIC,False,HAIRCUT,joint_by_asset,WETH,COMPLETED,PROPORTIONAL_FEASIBLE_POINT,,,4,,10,WETH,[],raw_by_asset_no_cross_asset_sum,81b3191fe7c6cb7af5b8840ff41672c3c70c6d03c2e342495e14585fefd7fbda,QUERY_ACCEPTED
controlled-v1/canonical_weth_1to1/08,controlled-v1/canonical_weth_1to1/08,SYNTHETIC_CONTROLLED_V1,controlled,SYNTHETIC,False,NO_CROSS_TARGET_COUPLING,addresses,T|WETH,COMPLETED,product_of_target_specific_copies,4,4,,,10,WETH,[],raw_by_asset_no_cross_asset_sum,81b3191fe7c6cb7af5b8840ff41672c3c70c6d03c2e342495e14585fefd7fbda,QUERY_ACCEPTED
controlled-v1/canonical_weth_1to1/08,controlled-v1/canonical_weth_1to1/08,SYNTHETIC_CONTROLLED_V1,controlled,SYNTHETIC,False,NO_CROSS_TARGET_COUPLING,events,weth_enter,COMPLETED,product_of_target_specific_copies,4,4,,,10,WETH,[],raw_by_asset_no_cross_asset_sum,81b3191fe7c6cb7af5b8840ff41672c3c70c6d03c2e342495e14585fefd7fbda,QUERY_ACCEPTED
controlled-v1/canonical_weth_1to1/08,controlled-v1/canonical_weth_1to1/08,SYNTHETIC_CONTROLLED_V1,controlled,SYNTHETIC,False,NO_CROSS_TARGET_COUPLING,joint_by_asset,WETH,COMPLETED,product_of_target_specific_copies,4,4,,,10,WETH,[],raw_by_asset_no_cross_asset_sum,81b3191fe7c6cb7af5b8840ff41672c3c70c6d03c2e342495e14585fefd7fbda,QUERY_ACCEPTED
controlled-v1/canonical_weth_1to1/08,controlled-v1/canonical_weth_1to1/08,SYNTHETIC_CONTROLLED_V1,controlled,SYNTHETIC,False,NO_PROTOCOL_CONTINUATION,addresses,T|WETH,COMPLETED,feasible_interval,0,0,,,10,WETH,[],raw_by_asset_no_cross_asset_sum,81b3191fe7c6cb7af5b8840ff41672c3c70c6d03c2e342495e14585fefd7fbda,QUERY_ACCEPTED
controlled-v1/canonical_weth_1to1/08,controlled-v1/canonical_weth_1to1/08,SYNTHETIC_CONTROLLED_V1,controlled,SYNTHETIC,False,NO_PROTOCOL_CONTINUATION,events,weth_enter,COMPLETED,feasible_interval,0,0,,,10,WETH,[],raw_by_asset_no_cross_asset_sum,81b3191fe7c6cb7af5b8840ff41672c3c70c6d03c2e342495e14585fefd7fbda,QUERY_ACCEPTED
controlled-v1/canonical_weth_1to1/08,controlled-v1/canonical_weth_1to1/08,SYNTHETIC_CONTROLLED_V1,controlled,SYNTHETIC,False,NO_PROTOCOL_CONTINUATION,joint_by_asset,WETH,COMPLETED,feasible_interval,0,0,,,10,WETH,[],raw_by_asset_no_cross_asset_sum,81b3191fe7c6cb7af5b8840ff41672c3c70c6d03c2e342495e14585fefd7fbda,QUERY_ACCEPTED
controlled-v1/canonical_weth_1to1/09,controlled-v1/canonical_weth_1to1/09,SYNTHETIC_CONTROLLED_V1,controlled,SYNTHETIC,False,POISON,addresses,T|WETH,COMPLETED,POISON_NOMINAL_RAW,,,,7,7,WETH,[],raw_by_asset_no_cross_asset_sum,e47cf1f59b40a7e51cb74dcef63b52e34ea9de1caa161518fb28668f824ee779,QUERY_ACCEPTED
controlled-v1/canonical_weth_1to1/09,controlled-v1/canonical_weth_1to1/09,SYNTHETIC_CONTROLLED_V1,controlled,SYNTHETIC,False,POISON,addresses,U|WETH,COMPLETED,POISON_NOMINAL_RAW,,,,7,7,WETH,[],raw_by_asset_no_cross_asset_sum,e47cf1f59b40a7e51cb74dcef63b52e34ea9de1caa161518fb28668f824ee779,QUERY_ACCEPTED
controlled-v1/canonical_weth_1to1/09,controlled-v1/canonical_weth_1to1/09,SYNTHETIC_CONTROLLED_V1,controlled,SYNTHETIC,False,POISON,events,seed,COMPLETED,POISON_NOMINAL_RAW,,,,8,8,ETH,[],raw_by_asset_no_cross_asset_sum,e47cf1f59b40a7e51cb74dcef63b52e34ea9de1caa161518fb28668f824ee779,QUERY_ACCEPTED
controlled-v1/canonical_weth_1to1/09,controlled-v1/canonical_weth_1to1/09,SYNTHETIC_CONTROLLED_V1,controlled,SYNTHETIC,False,POISON,events,wrap:input,COMPLETED,POISON_NOMINAL_RAW,,,,15,15,ETH,[],raw_by_asset_no_cross_asset_sum,e47cf1f59b40a7e51cb74dcef63b52e34ea9de1caa161518fb28668f824ee779,QUERY_ACCEPTED
controlled-v1/canonical_weth_1to1/09,controlled-v1/canonical_weth_1to1/09,SYNTHETIC_CONTROLLED_V1,controlled,SYNTHETIC,False,POISON,events,wrap:refund,COMPLETED,POISON_NOMINAL_RAW,,,,1,1,ETH,[],raw_by_asset_no_cross_asset_sum,e47cf1f59b40a7e51cb74dcef63b52e34ea9de1caa161518fb28668f824ee779,QUERY_ACCEPTED
controlled-v1/canonical_weth_1to1/09,controlled-v1/canonical_weth_1to1/09,SYNTHETIC_CONTROLLED_V1,controlled,SYNTHETIC,False,POISON,events,wrap:net,COMPLETED,POISON_NOMINAL_RAW,,,,14,14,ETH,[],raw_by_asset_no_cross_asset_sum,e47cf1f59b40a7e51cb74dcef63b52e34ea9de1caa161518fb28668f824ee779,QUERY_ACCEPTED
controlled-v1/canonical_weth_1to1/09,controlled-v1/canonical_weth_1to1/09,SYNTHETIC_CONTROLLED_V1,controlled,SYNTHETIC,False,POISON,events,wrap:output,COMPLETED,POISON_NOMINAL_RAW,,,,14,14,WETH,[],raw_by_asset_no_cross_asset_sum,e47cf1f59b40a7e51cb74dcef63b52e34ea9de1caa161518fb28668f824ee779,QUERY_ACCEPTED
controlled-v1/canonical_weth_1to1/09,controlled-v1/canonical_weth_1to1/09,SYNTHETIC_CONTROLLED_V1,controlled,SYNTHETIC,False,POISON,events,weth_split:input,COMPLETED,POISON_NOMINAL_RAW,,,,14,14,WETH,[],raw_by_asset_no_cross_asset_sum,e47cf1f59b40a7e51cb74dcef63b52e34ea9de1caa161518fb28668f824ee779,QUERY_ACCEPTED
controlled-v1/canonical_weth_1to1/09,controlled-v1/canonical_weth_1to1/09,SYNTHETIC_CONTROLLED_V1,controlled,SYNTHETIC,False,POISON,events,weth_split:output0,COMPLETED,POISON_NOMINAL_RAW,,,,7,7,WETH,[],raw_by_asset_no_cross_asset_sum,e47cf1f59b40a7e51cb74dcef63b52e34ea9de1caa161518fb28668f824ee779,QUERY_ACCEPTED
controlled-v1/canonical_weth_1to1/09,controlled-v1/canonical_weth_1to1/09,SYNTHETIC_CONTROLLED_V1,controlled,SYNTHETIC,False,POISON,events,weth_split:output1,COMPLETED,POISON_NOMINAL_RAW,,,,7,7,WETH,[],raw_by_asset_no_cross_asset_sum,e47cf1f59b40a7e51cb74dcef63b52e34ea9de1caa161518fb28668f824ee779,QUERY_ACCEPTED
controlled-v1/canonical_weth_1to1/09,controlled-v1/canonical_weth_1to1/09,SYNTHETIC_CONTROLLED_V1,controlled,SYNTHETIC,False,POISON,joint_by_asset,WETH,COMPLETED,POISON_NOMINAL_RAW,,,,14,14,WETH,[],raw_by_asset_no_cross_asset_sum,e47cf1f59b40a7e51cb74dcef63b52e34ea9de1caa161518fb28668f824ee779,QUERY_ACCEPTED
controlled-v1/canonical_weth_1to1/09,controlled-v1/canonical_weth_1to1/09,SYNTHETIC_CONTROLLED_V1,controlled,SYNTHETIC,False,HAIRCUT,addresses,T|WETH,COMPLETED,PROPORTIONAL_FEASIBLE_POINT,,,56/15,,7,WETH,[],raw_by_asset_no_cross_asset_sum,e47cf1f59b40a7e51cb74dcef63b52e34ea9de1caa161518fb28668f824ee779,QUERY_ACCEPTED
controlled-v1/canonical_weth_1to1/09,controlled-v1/canonical_weth_1to1/09,SYNTHETIC_CONTROLLED_V1,controlled,SYNTHETIC,False,HAIRCUT,addresses,U|WETH,COMPLETED,PROPORTIONAL_FEASIBLE_POINT,,,56/15,,7,WETH,[],raw_by_asset_no_cross_asset_sum,e47cf1f59b40a7e51cb74dcef63b52e34ea9de1caa161518fb28668f824ee779,QUERY_ACCEPTED
controlled-v1/canonical_weth_1to1/09,controlled-v1/canonical_weth_1to1/09,SYNTHETIC_CONTROLLED_V1,controlled,SYNTHETIC,False,HAIRCUT,events,seed,COMPLETED,PROPORTIONAL_FEASIBLE_POINT,,,8,,8,ETH,[],raw_by_asset_no_cross_asset_sum,e47cf1f59b40a7e51cb74dcef63b52e34ea9de1caa161518fb28668f824ee779,QUERY_ACCEPTED
controlled-v1/canonical_weth_1to1/09,controlled-v1/canonical_weth_1to1/09,SYNTHETIC_CONTROLLED_V1,controlled,SYNTHETIC,False,HAIRCUT,events,wrap:input,COMPLETED,PROPORTIONAL_FEASIBLE_POINT,,,8,,15,ETH,[],raw_by_asset_no_cross_asset_sum,e47cf1f59b40a7e51cb74dcef63b52e34ea9de1caa161518fb28668f824ee779,QUERY_ACCEPTED
controlled-v1/canonical_weth_1to1/09,controlled-v1/canonical_weth_1to1/09,SYNTHETIC_CONTROLLED_V1,controlled,SYNTHETIC,False,HAIRCUT,events,wrap:refund,COMPLETED,PROPORTIONAL_FEASIBLE_POINT,,,8/15,,1,ETH,[],raw_by_asset_no_cross_asset_sum,e47cf1f59b40a7e51cb74dcef63b52e34ea9de1caa161518fb28668f824ee779,QUERY_ACCEPTED
controlled-v1/canonical_weth_1to1/09,controlled-v1/canonical_weth_1to1/09,SYNTHETIC_CONTROLLED_V1,controlled,SYNTHETIC,False,HAIRCUT,events,wrap:net,COMPLETED,PROPORTIONAL_FEASIBLE_POINT,,,112/15,,14,ETH,[],raw_by_asset_no_cross_asset_sum,e47cf1f59b40a7e51cb74dcef63b52e34ea9de1caa161518fb28668f824ee779,QUERY_ACCEPTED
controlled-v1/canonical_weth_1to1/09,controlled-v1/canonical_weth_1to1/09,SYNTHETIC_CONTROLLED_V1,controlled,SYNTHETIC,False,HAIRCUT,events,wrap:output,COMPLETED,PROPORTIONAL_FEASIBLE_POINT,,,112/15,,14,WETH,[],raw_by_asset_no_cross_asset_sum,e47cf1f59b40a7e51cb74dcef63b52e34ea9de1caa161518fb28668f824ee779,QUERY_ACCEPTED
controlled-v1/canonical_weth_1to1/09,controlled-v1/canonical_weth_1to1/09,SYNTHETIC_CONTROLLED_V1,controlled,SYNTHETIC,False,HAIRCUT,events,weth_split:input,COMPLETED,PROPORTIONAL_FEASIBLE_POINT,,,112/15,,14,WETH,[],raw_by_asset_no_cross_asset_sum,e47cf1f59b40a7e51cb74dcef63b52e34ea9de1caa161518fb28668f824ee779,QUERY_ACCEPTED
controlled-v1/canonical_weth_1to1/09,controlled-v1/canonical_weth_1to1/09,SYNTHETIC_CONTROLLED_V1,controlled,SYNTHETIC,False,HAIRCUT,events,weth_split:output0,COMPLETED,PROPORTIONAL_FEASIBLE_POINT,,,56/15,,7,WETH,[],raw_by_asset_no_cross_asset_sum,e47cf1f59b40a7e51cb74dcef63b52e34ea9de1caa161518fb28668f824ee779,QUERY_ACCEPTED
controlled-v1/canonical_weth_1to1/09,controlled-v1/canonical_weth_1to1/09,SYNTHETIC_CONTROLLED_V1,controlled,SYNTHETIC,False,HAIRCUT,events,weth_split:output1,COMPLETED,PROPORTIONAL_FEASIBLE_POINT,,,56/15,,7,WETH,[],raw_by_asset_no_cross_asset_sum,e47cf1f59b40a7e51cb74dcef63b52e34ea9de1caa161518fb28668f824ee779,QUERY_ACCEPTED
controlled-v1/canonical_weth_1to1/09,controlled-v1/canonical_weth_1to1/09,SYNTHETIC_CONTROLLED_V1,controlled,SYNTHETIC,False,HAIRCUT,joint_by_asset,WETH,COMPLETED,PROPORTIONAL_FEASIBLE_POINT,,,112/15,,14,WETH,[],raw_by_asset_no_cross_asset_sum,e47cf1f59b40a7e51cb74dcef63b52e34ea9de1caa161518fb28668f824ee779,QUERY_ACCEPTED
controlled-v1/canonical_weth_1to1/09,controlled-v1/canonical_weth_1to1/09,SYNTHETIC_CONTROLLED_V1,controlled,SYNTHETIC,False,NO_CROSS_TARGET_COUPLING,addresses,T|WETH,COMPLETED,product_of_target_specific_copies,0,7,,,7,WETH,[],raw_by_asset_no_cross_asset_sum,e47cf1f59b40a7e51cb74dcef63b52e34ea9de1caa161518fb28668f824ee779,QUERY_ACCEPTED
controlled-v1/canonical_weth_1to1/09,controlled-v1/canonical_weth_1to1/09,SYNTHETIC_CONTROLLED_V1,controlled,SYNTHETIC,False,NO_CROSS_TARGET_COUPLING,addresses,U|WETH,COMPLETED,product_of_target_specific_copies,0,7,,,7,WETH,[],raw_by_asset_no_cross_asset_sum,e47cf1f59b40a7e51cb74dcef63b52e34ea9de1caa161518fb28668f824ee779,QUERY_ACCEPTED
controlled-v1/canonical_weth_1to1/09,controlled-v1/canonical_weth_1to1/09,SYNTHETIC_CONTROLLED_V1,controlled,SYNTHETIC,False,NO_CROSS_TARGET_COUPLING,events,weth_split:output0,COMPLETED,product_of_target_specific_copies,0,7,,,7,WETH,[],raw_by_asset_no_cross_asset_sum,e47cf1f59b40a7e51cb74dcef63b52e34ea9de1caa161518fb28668f824ee779,QUERY_ACCEPTED
controlled-v1/canonical_weth_1to1/09,controlled-v1/canonical_weth_1to1/09,SYNTHETIC_CONTROLLED_V1,controlled,SYNTHETIC,False,NO_CROSS_TARGET_COUPLING,events,weth_split:output1,COMPLETED,product_of_target_specific_copies,0,7,,,7,WETH,[],raw_by_asset_no_cross_asset_sum,e47cf1f59b40a7e51cb74dcef63b52e34ea9de1caa161518fb28668f824ee779,QUERY_ACCEPTED
controlled-v1/canonical_weth_1to1/09,controlled-v1/canonical_weth_1to1/09,SYNTHETIC_CONTROLLED_V1,controlled,SYNTHETIC,False,NO_CROSS_TARGET_COUPLING,joint_by_asset,WETH,COMPLETED,product_of_target_specific_copies,0,14,,,14,WETH,[],raw_by_asset_no_cross_asset_sum,e47cf1f59b40a7e51cb74dcef63b52e34ea9de1caa161518fb28668f824ee779,QUERY_ACCEPTED
controlled-v1/canonical_weth_1to1/09,controlled-v1/canonical_weth_1to1/09,SYNTHETIC_CONTROLLED_V1,controlled,SYNTHETIC,False,NO_PROTOCOL_CONTINUATION,addresses,T|WETH,COMPLETED,feasible_interval,0,0,,,7,WETH,[],raw_by_asset_no_cross_asset_sum,e47cf1f59b40a7e51cb74dcef63b52e34ea9de1caa161518fb28668f824ee779,QUERY_ACCEPTED
controlled-v1/canonical_weth_1to1/09,controlled-v1/canonical_weth_1to1/09,SYNTHETIC_CONTROLLED_V1,controlled,SYNTHETIC,False,NO_PROTOCOL_CONTINUATION,addresses,U|WETH,COMPLETED,feasible_interval,0,0,,,7,WETH,[],raw_by_asset_no_cross_asset_sum,e47cf1f59b40a7e51cb74dcef63b52e34ea9de1caa161518fb28668f824ee779,QUERY_ACCEPTED
controlled-v1/canonical_weth_1to1/09,controlled-v1/canonical_weth_1to1/09,SYNTHETIC_CONTROLLED_V1,controlled,SYNTHETIC,False,NO_PROTOCOL_CONTINUATION,events,weth_split:output0,COMPLETED,feasible_interval,0,0,,,7,WETH,[],raw_by_asset_no_cross_asset_sum,e47cf1f59b40a7e51cb74dcef63b52e34ea9de1caa161518fb28668f824ee779,QUERY_ACCEPTED
controlled-v1/canonical_weth_1to1/09,controlled-v1/canonical_weth_1to1/09,SYNTHETIC_CONTROLLED_V1,controlled,SYNTHETIC,False,NO_PROTOCOL_CONTINUATION,events,weth_split:output1,COMPLETED,feasible_interval,0,0,,,7,WETH,[],raw_by_asset_no_cross_asset_sum,e47cf1f59b40a7e51cb74dcef63b52e34ea9de1caa161518fb28668f824ee779,QUERY_ACCEPTED
controlled-v1/canonical_weth_1to1/09,controlled-v1/canonical_weth_1to1/09,SYNTHETIC_CONTROLLED_V1,controlled,SYNTHETIC,False,NO_PROTOCOL_CONTINUATION,joint_by_asset,WETH,COMPLETED,feasible_interval,0,0,,,14,WETH,[],raw_by_asset_no_cross_asset_sum,e47cf1f59b40a7e51cb74dcef63b52e34ea9de1caa161518fb28668f824ee779,QUERY_ACCEPTED
controlled-v1/canonical_weth_1to1/09,controlled-v1/canonical_weth_1to1/09,SYNTHETIC_CONTROLLED_V1,controlled,SYNTHETIC,False,BALANCE_INFORMATION_REMOVED,addresses,T|WETH,COMPLETED,feasible_interval,0,7,,,7,WETH,[],raw_by_asset_no_cross_asset_sum,e47cf1f59b40a7e51cb74dcef63b52e34ea9de1caa161518fb28668f824ee779,QUERY_ACCEPTED
controlled-v1/canonical_weth_1to1/09,controlled-v1/canonical_weth_1to1/09,SYNTHETIC_CONTROLLED_V1,controlled,SYNTHETIC,False,BALANCE_INFORMATION_REMOVED,addresses,U|WETH,COMPLETED,feasible_interval,0,7,,,7,WETH,[],raw_by_asset_no_cross_asset_sum,e47cf1f59b40a7e51cb74dcef63b52e34ea9de1caa161518fb28668f824ee779,QUERY_ACCEPTED
controlled-v1/canonical_weth_1to1/09,controlled-v1/canonical_weth_1to1/09,SYNTHETIC_CONTROLLED_V1,controlled,SYNTHETIC,False,BALANCE_INFORMATION_REMOVED,events,weth_split:output0,COMPLETED,feasible_interval,0,7,,,7,WETH,[],raw_by_asset_no_cross_asset_sum,e47cf1f59b40a7e51cb74dcef63b52e34ea9de1caa161518fb28668f824ee779,QUERY_ACCEPTED
controlled-v1/canonical_weth_1to1/09,controlled-v1/canonical_weth_1to1/09,SYNTHETIC_CONTROLLED_V1,controlled,SYNTHETIC,False,BALANCE_INFORMATION_REMOVED,events,weth_split:output1,COMPLETED,feasible_interval,0,7,,,7,WETH,[],raw_by_asset_no_cross_asset_sum,e47cf1f59b40a7e51cb74dcef63b52e34ea9de1caa161518fb28668f824ee779,QUERY_ACCEPTED
controlled-v1/canonical_weth_1to1/09,controlled-v1/canonical_weth_1to1/09,SYNTHETIC_CONTROLLED_V1,controlled,SYNTHETIC,False,BALANCE_INFORMATION_REMOVED,joint_by_asset,WETH,COMPLETED,feasible_interval,0,8,,,14,WETH,[],raw_by_asset_no_cross_asset_sum,e47cf1f59b40a7e51cb74dcef63b52e34ea9de1caa161518fb28668f824ee779,QUERY_ACCEPTED
controlled-v1/canonical_weth_1to1/09,controlled-v1/canonical_weth_1to1/09,SYNTHETIC_CONTROLLED_V1,controlled,SYNTHETIC,False,FULL_INTERVAL,addresses,T|WETH,COMPLETED,feasible_interval,0,7,,,7,WETH,[],raw_by_asset_no_cross_asset_sum,e47cf1f59b40a7e51cb74dcef63b52e34ea9de1caa161518fb28668f824ee779,QUERY_ACCEPTED
controlled-v1/canonical_weth_1to1/09,controlled-v1/canonical_weth_1to1/09,SYNTHETIC_CONTROLLED_V1,controlled,SYNTHETIC,False,FULL_INTERVAL,addresses,U|WETH,COMPLETED,feasible_interval,0,7,,,7,WETH,[],raw_by_asset_no_cross_asset_sum,e47cf1f59b40a7e51cb74dcef63b52e34ea9de1caa161518fb28668f824ee779,QUERY_ACCEPTED
controlled-v1/canonical_weth_1to1/09,controlled-v1/canonical_weth_1to1/09,SYNTHETIC_CONTROLLED_V1,controlled,SYNTHETIC,False,FULL_INTERVAL,events,weth_split:output0,COMPLETED,feasible_interval,0,7,,,7,WETH,[],raw_by_asset_no_cross_asset_sum,e47cf1f59b40a7e51cb74dcef63b52e34ea9de1caa161518fb28668f824ee779,QUERY_ACCEPTED
controlled-v1/canonical_weth_1to1/09,controlled-v1/canonical_weth_1to1/09,SYNTHETIC_CONTROLLED_V1,controlled,SYNTHETIC,False,FULL_INTERVAL,events,weth_split:output1,COMPLETED,feasible_interval,0,7,,,7,WETH,[],raw_by_asset_no_cross_asset_sum,e47cf1f59b40a7e51cb74dcef63b52e34ea9de1caa161518fb28668f824ee779,QUERY_ACCEPTED
controlled-v1/canonical_weth_1to1/09,controlled-v1/canonical_weth_1to1/09,SYNTHETIC_CONTROLLED_V1,controlled,SYNTHETIC,False,FULL_INTERVAL,joint_by_asset,WETH,COMPLETED,feasible_interval,7,8,,,14,WETH,[],raw_by_asset_no_cross_asset_sum,e47cf1f59b40a7e51cb74dcef63b52e34ea9de1caa161518fb28668f824ee779,QUERY_ACCEPTED
controlled-v1/canonical_weth_1to1/09,controlled-v1/canonical_weth_1to1/09,SYNTHETIC_CONTROLLED_V1,controlled,SYNTHETIC,False,BOUNDED_REACHABILITY,addresses,T|WETH,COMPLETED,ADDRESS_EVENT_SET_NO_AMOUNT,,,,,7,WETH,[],raw_by_asset_no_cross_asset_sum,e47cf1f59b40a7e51cb74dcef63b52e34ea9de1caa161518fb28668f824ee779,QUERY_ACCEPTED
controlled-v1/canonical_weth_1to1/09,controlled-v1/canonical_weth_1to1/09,SYNTHETIC_CONTROLLED_V1,controlled,SYNTHETIC,False,BOUNDED_REACHABILITY,addresses,U|WETH,COMPLETED,ADDRESS_EVENT_SET_NO_AMOUNT,,,,,7,WETH,[],raw_by_asset_no_cross_asset_sum,e47cf1f59b40a7e51cb74dcef63b52e34ea9de1caa161518fb28668f824ee779,QUERY_ACCEPTED
controlled-v1/canonical_weth_1to1/09,controlled-v1/canonical_weth_1to1/09,SYNTHETIC_CONTROLLED_V1,controlled,SYNTHETIC,False,BOUNDED_REACHABILITY,events,seed,COMPLETED,ADDRESS_EVENT_SET_NO_AMOUNT,,,,,8,ETH,[],raw_by_asset_no_cross_asset_sum,e47cf1f59b40a7e51cb74dcef63b52e34ea9de1caa161518fb28668f824ee779,QUERY_ACCEPTED
controlled-v1/canonical_weth_1to1/09,controlled-v1/canonical_weth_1to1/09,SYNTHETIC_CONTROLLED_V1,controlled,SYNTHETIC,False,BOUNDED_REACHABILITY,events,wrap:input,COMPLETED,ADDRESS_EVENT_SET_NO_AMOUNT,,,,,15,ETH,[],raw_by_asset_no_cross_asset_sum,e47cf1f59b40a7e51cb74dcef63b52e34ea9de1caa161518fb28668f824ee779,QUERY_ACCEPTED
controlled-v1/canonical_weth_1to1/09,controlled-v1/canonical_weth_1to1/09,SYNTHETIC_CONTROLLED_V1,controlled,SYNTHETIC,False,BOUNDED_REACHABILITY,events,wrap:refund,COMPLETED,ADDRESS_EVENT_SET_NO_AMOUNT,,,,,1,ETH,[],raw_by_asset_no_cross_asset_sum,e47cf1f59b40a7e51cb74dcef63b52e34ea9de1caa161518fb28668f824ee779,QUERY_ACCEPTED
controlled-v1/canonical_weth_1to1/09,controlled-v1/canonical_weth_1to1/09,SYNTHETIC_CONTROLLED_V1,controlled,SYNTHETIC,False,BOUNDED_REACHABILITY,events,wrap:net,COMPLETED,ADDRESS_EVENT_SET_NO_AMOUNT,,,,,14,ETH,[],raw_by_asset_no_cross_asset_sum,e47cf1f59b40a7e51cb74dcef63b52e34ea9de1caa161518fb28668f824ee779,QUERY_ACCEPTED
controlled-v1/canonical_weth_1to1/09,controlled-v1/canonical_weth_1to1/09,SYNTHETIC_CONTROLLED_V1,controlled,SYNTHETIC,False,BOUNDED_REACHABILITY,events,wrap:output,COMPLETED,ADDRESS_EVENT_SET_NO_AMOUNT,,,,,14,WETH,[],raw_by_asset_no_cross_asset_sum,e47cf1f59b40a7e51cb74dcef63b52e34ea9de1caa161518fb28668f824ee779,QUERY_ACCEPTED
controlled-v1/canonical_weth_1to1/09,controlled-v1/canonical_weth_1to1/09,SYNTHETIC_CONTROLLED_V1,controlled,SYNTHETIC,False,BOUNDED_REACHABILITY,events,weth_split:input,COMPLETED,ADDRESS_EVENT_SET_NO_AMOUNT,,,,,14,WETH,[],raw_by_asset_no_cross_asset_sum,e47cf1f59b40a7e51cb74dcef63b52e34ea9de1caa161518fb28668f824ee779,QUERY_ACCEPTED
controlled-v1/canonical_weth_1to1/09,controlled-v1/canonical_weth_1to1/09,SYNTHETIC_CONTROLLED_V1,controlled,SYNTHETIC,False,BOUNDED_REACHABILITY,events,weth_split:output0,COMPLETED,ADDRESS_EVENT_SET_NO_AMOUNT,,,,,7,WETH,[],raw_by_asset_no_cross_asset_sum,e47cf1f59b40a7e51cb74dcef63b52e34ea9de1caa161518fb28668f824ee779,QUERY_ACCEPTED
controlled-v1/canonical_weth_1to1/09,controlled-v1/canonical_weth_1to1/09,SYNTHETIC_CONTROLLED_V1,controlled,SYNTHETIC,False,BOUNDED_REACHABILITY,events,weth_split:output1,COMPLETED,ADDRESS_EVENT_SET_NO_AMOUNT,,,,,7,WETH,[],raw_by_asset_no_cross_asset_sum,e47cf1f59b40a7e51cb74dcef63b52e34ea9de1caa161518fb28668f824ee779,QUERY_ACCEPTED
controlled-v1/canonical_weth_1to1/09,controlled-v1/canonical_weth_1to1/09,SYNTHETIC_CONTROLLED_V1,controlled,SYNTHETIC,False,BOUNDED_REACHABILITY,joint_by_asset,WETH,COMPLETED,ADDRESS_EVENT_SET_NO_AMOUNT,,,,,14,WETH,[],raw_by_asset_no_cross_asset_sum,e47cf1f59b40a7e51cb74dcef63b52e34ea9de1caa161518fb28668f824ee779,QUERY_ACCEPTED
controlled-v1/missing_information_and_boundary_controls/00,controlled-v1/missing_information_and_boundary_controls/00,SYNTHETIC_CONTROLLED_V1,controlled,SYNTHETIC,True,HAIRCUT,addresses,T|ETH,COMPLETED,PROPORTIONAL_FEASIBLE_POINT,,,2,,2,ETH,[],raw_by_asset_no_cross_asset_sum,f316dc7ac31b4678355d107a4d8e462b9e7ecb651096f7181e8cdf564477edfe,QUERY_ACCEPTED
controlled-v1/missing_information_and_boundary_controls/00,controlled-v1/missing_information_and_boundary_controls/00,SYNTHETIC_CONTROLLED_V1,controlled,SYNTHETIC,True,HAIRCUT,addresses,U|ETH,COMPLETED,PROPORTIONAL_FEASIBLE_POINT,,,0,,2,ETH,[],raw_by_asset_no_cross_asset_sum,f316dc7ac31b4678355d107a4d8e462b9e7ecb651096f7181e8cdf564477edfe,QUERY_ACCEPTED
controlled-v1/missing_information_and_boundary_controls/00,controlled-v1/missing_information_and_boundary_controls/00,SYNTHETIC_CONTROLLED_V1,controlled,SYNTHETIC,True,HAIRCUT,events,seed,COMPLETED,PROPORTIONAL_FEASIBLE_POINT,,,2,,2,ETH,[],raw_by_asset_no_cross_asset_sum,f316dc7ac31b4678355d107a4d8e462b9e7ecb651096f7181e8cdf564477edfe,QUERY_ACCEPTED
controlled-v1/missing_information_and_boundary_controls/00,controlled-v1/missing_information_and_boundary_controls/00,SYNTHETIC_CONTROLLED_V1,controlled,SYNTHETIC,True,HAIRCUT,events,normal_only,COMPLETED,PROPORTIONAL_FEASIBLE_POINT,,,0,,2,ETH,[],raw_by_asset_no_cross_asset_sum,f316dc7ac31b4678355d107a4d8e462b9e7ecb651096f7181e8cdf564477edfe,QUERY_ACCEPTED
controlled-v1/missing_information_and_boundary_controls/00,controlled-v1/missing_information_and_boundary_controls/00,SYNTHETIC_CONTROLLED_V1,controlled,SYNTHETIC,True,HAIRCUT,events,unrelated_service,COMPLETED,PROPORTIONAL_FEASIBLE_POINT,,,0,,2,ETH,[],raw_by_asset_no_cross_asset_sum,f316dc7ac31b4678355d107a4d8e462b9e7ecb651096f7181e8cdf564477edfe,QUERY_ACCEPTED
controlled-v1/missing_information_and_boundary_controls/00,controlled-v1/missing_information_and_boundary_controls/00,SYNTHETIC_CONTROLLED_V1,controlled,SYNTHETIC,True,HAIRCUT,joint_by_asset,ETH,COMPLETED,PROPORTIONAL_FEASIBLE_POINT,,,2,,4,ETH,[],raw_by_asset_no_cross_asset_sum,f316dc7ac31b4678355d107a4d8e462b9e7ecb651096f7181e8cdf564477edfe,QUERY_ACCEPTED
controlled-v1/missing_information_and_boundary_controls/00,controlled-v1/missing_information_and_boundary_controls/00,SYNTHETIC_CONTROLLED_V1,controlled,SYNTHETIC,True,NO_CROSS_TARGET_COUPLING,addresses,T|ETH,COMPLETED,product_of_target_specific_copies,2,2,,,2,ETH,[],raw_by_asset_no_cross_asset_sum,f316dc7ac31b4678355d107a4d8e462b9e7ecb651096f7181e8cdf564477edfe,QUERY_ACCEPTED
controlled-v1/missing_information_and_boundary_controls/00,controlled-v1/missing_information_and_boundary_controls/00,SYNTHETIC_CONTROLLED_V1,controlled,SYNTHETIC,True,NO_CROSS_TARGET_COUPLING,addresses,U|ETH,COMPLETED,product_of_target_specific_copies,0,0,,,2,ETH,[],raw_by_asset_no_cross_asset_sum,f316dc7ac31b4678355d107a4d8e462b9e7ecb651096f7181e8cdf564477edfe,QUERY_ACCEPTED
controlled-v1/missing_information_and_boundary_controls/00,controlled-v1/missing_information_and_boundary_controls/00,SYNTHETIC_CONTROLLED_V1,controlled,SYNTHETIC,True,NO_CROSS_TARGET_COUPLING,events,seed,COMPLETED,product_of_target_specific_copies,2,2,,,2,ETH,[],raw_by_asset_no_cross_asset_sum,f316dc7ac31b4678355d107a4d8e462b9e7ecb651096f7181e8cdf564477edfe,QUERY_ACCEPTED
controlled-v1/missing_information_and_boundary_controls/00,controlled-v1/missing_information_and_boundary_controls/00,SYNTHETIC_CONTROLLED_V1,controlled,SYNTHETIC,True,NO_CROSS_TARGET_COUPLING,events,unrelated_service,COMPLETED,product_of_target_specific_copies,0,0,,,2,ETH,[],raw_by_asset_no_cross_asset_sum,f316dc7ac31b4678355d107a4d8e462b9e7ecb651096f7181e8cdf564477edfe,QUERY_ACCEPTED
controlled-v1/missing_information_and_boundary_controls/00,controlled-v1/missing_information_and_boundary_controls/00,SYNTHETIC_CONTROLLED_V1,controlled,SYNTHETIC,True,NO_CROSS_TARGET_COUPLING,joint_by_asset,ETH,COMPLETED,product_of_target_specific_copies,2,2,,,4,ETH,[],raw_by_asset_no_cross_asset_sum,f316dc7ac31b4678355d107a4d8e462b9e7ecb651096f7181e8cdf564477edfe,QUERY_ACCEPTED
controlled-v1/missing_information_and_boundary_controls/00,controlled-v1/missing_information_and_boundary_controls/00,SYNTHETIC_CONTROLLED_V1,controlled,SYNTHETIC,True,NO_PROTOCOL_CONTINUATION,addresses,T|ETH,COMPLETED,feasible_interval,2,2,,,2,ETH,[],raw_by_asset_no_cross_asset_sum,f316dc7ac31b4678355d107a4d8e462b9e7ecb651096f7181e8cdf564477edfe,QUERY_ACCEPTED
controlled-v1/missing_information_and_boundary_controls/00,controlled-v1/missing_information_and_boundary_controls/00,SYNTHETIC_CONTROLLED_V1,controlled,SYNTHETIC,True,NO_PROTOCOL_CONTINUATION,addresses,U|ETH,COMPLETED,feasible_interval,0,0,,,2,ETH,[],raw_by_asset_no_cross_asset_sum,f316dc7ac31b4678355d107a4d8e462b9e7ecb651096f7181e8cdf564477edfe,QUERY_ACCEPTED
controlled-v1/missing_information_and_boundary_controls/00,controlled-v1/missing_information_and_boundary_controls/00,SYNTHETIC_CONTROLLED_V1,controlled,SYNTHETIC,True,NO_PROTOCOL_CONTINUATION,events,seed,COMPLETED,feasible_interval,2,2,,,2,ETH,[],raw_by_asset_no_cross_asset_sum,f316dc7ac31b4678355d107a4d8e462b9e7ecb651096f7181e8cdf564477edfe,QUERY_ACCEPTED
controlled-v1/missing_information_and_boundary_controls/00,controlled-v1/missing_information_and_boundary_controls/00,SYNTHETIC_CONTROLLED_V1,controlled,SYNTHETIC,True,NO_PROTOCOL_CONTINUATION,events,unrelated_service,COMPLETED,feasible_interval,0,0,,,2,ETH,[],raw_by_asset_no_cross_asset_sum,f316dc7ac31b4678355d107a4d8e462b9e7ecb651096f7181e8cdf564477edfe,QUERY_ACCEPTED
controlled-v1/missing_information_and_boundary_controls/00,controlled-v1/missing_information_and_boundary_controls/00,SYNTHETIC_CONTROLLED_V1,controlled,SYNTHETIC,True,NO_PROTOCOL_CONTINUATION,joint_by_asset,ETH,COMPLETED,feasible_interval,2,2,,,4,ETH,[],raw_by_asset_no_cross_asset_sum,f316dc7ac31b4678355d107a4d8e462b9e7ecb651096f7181e8cdf564477edfe,QUERY_ACCEPTED
controlled-v1/missing_information_and_boundary_controls/00,controlled-v1/missing_information_and_boundary_controls/00,SYNTHETIC_CONTROLLED_V1,controlled,SYNTHETIC,True,BALANCE_INFORMATION_REMOVED,addresses,T|ETH,COMPLETED,feasible_interval,2,2,,,2,ETH,[],raw_by_asset_no_cross_asset_sum,f316dc7ac31b4678355d107a4d8e462b9e7ecb651096f7181e8cdf564477edfe,QUERY_ACCEPTED
controlled-v1/missing_information_and_boundary_controls/00,controlled-v1/missing_information_and_boundary_controls/00,SYNTHETIC_CONTROLLED_V1,controlled,SYNTHETIC,True,BALANCE_INFORMATION_REMOVED,addresses,U|ETH,COMPLETED,feasible_interval,0,0,,,2,ETH,[],raw_by_asset_no_cross_asset_sum,f316dc7ac31b4678355d107a4d8e462b9e7ecb651096f7181e8cdf564477edfe,QUERY_ACCEPTED
controlled-v1/missing_information_and_boundary_controls/00,controlled-v1/missing_information_and_boundary_controls/00,SYNTHETIC_CONTROLLED_V1,controlled,SYNTHETIC,True,BALANCE_INFORMATION_REMOVED,events,seed,COMPLETED,feasible_interval,2,2,,,2,ETH,[],raw_by_asset_no_cross_asset_sum,f316dc7ac31b4678355d107a4d8e462b9e7ecb651096f7181e8cdf564477edfe,QUERY_ACCEPTED
controlled-v1/missing_information_and_boundary_controls/00,controlled-v1/missing_information_and_boundary_controls/00,SYNTHETIC_CONTROLLED_V1,controlled,SYNTHETIC,True,BALANCE_INFORMATION_REMOVED,events,unrelated_service,COMPLETED,feasible_interval,0,0,,,2,ETH,[],raw_by_asset_no_cross_asset_sum,f316dc7ac31b4678355d107a4d8e462b9e7ecb651096f7181e8cdf564477edfe,QUERY_ACCEPTED
controlled-v1/missing_information_and_boundary_controls/00,controlled-v1/missing_information_and_boundary_controls/00,SYNTHETIC_CONTROLLED_V1,controlled,SYNTHETIC,True,BALANCE_INFORMATION_REMOVED,joint_by_asset,ETH,COMPLETED,feasible_interval,2,2,,,4,ETH,[],raw_by_asset_no_cross_asset_sum,f316dc7ac31b4678355d107a4d8e462b9e7ecb651096f7181e8cdf564477edfe,QUERY_ACCEPTED
controlled-v1/missing_information_and_boundary_controls/00,controlled-v1/missing_information_and_boundary_controls/00,SYNTHETIC_CONTROLLED_V1,controlled,SYNTHETIC,True,FULL_INTERVAL,addresses,T|ETH,COMPLETED,feasible_interval,2,2,,,2,ETH,[],raw_by_asset_no_cross_asset_sum,f316dc7ac31b4678355d107a4d8e462b9e7ecb651096f7181e8cdf564477edfe,QUERY_ACCEPTED
controlled-v1/missing_information_and_boundary_controls/00,controlled-v1/missing_information_and_boundary_controls/00,SYNTHETIC_CONTROLLED_V1,controlled,SYNTHETIC,True,FULL_INTERVAL,addresses,U|ETH,COMPLETED,feasible_interval,0,0,,,2,ETH,[],raw_by_asset_no_cross_asset_sum,f316dc7ac31b4678355d107a4d8e462b9e7ecb651096f7181e8cdf564477edfe,QUERY_ACCEPTED
controlled-v1/missing_information_and_boundary_controls/00,controlled-v1/missing_information_and_boundary_controls/00,SYNTHETIC_CONTROLLED_V1,controlled,SYNTHETIC,True,FULL_INTERVAL,events,seed,COMPLETED,feasible_interval,2,2,,,2,ETH,[],raw_by_asset_no_cross_asset_sum,f316dc7ac31b4678355d107a4d8e462b9e7ecb651096f7181e8cdf564477edfe,QUERY_ACCEPTED
controlled-v1/missing_information_and_boundary_controls/00,controlled-v1/missing_information_and_boundary_controls/00,SYNTHETIC_CONTROLLED_V1,controlled,SYNTHETIC,True,FULL_INTERVAL,events,unrelated_service,COMPLETED,feasible_interval,0,0,,,2,ETH,[],raw_by_asset_no_cross_asset_sum,f316dc7ac31b4678355d107a4d8e462b9e7ecb651096f7181e8cdf564477edfe,QUERY_ACCEPTED
controlled-v1/missing_information_and_boundary_controls/00,controlled-v1/missing_information_and_boundary_controls/00,SYNTHETIC_CONTROLLED_V1,controlled,SYNTHETIC,True,FULL_INTERVAL,joint_by_asset,ETH,COMPLETED,feasible_interval,2,2,,,4,ETH,[],raw_by_asset_no_cross_asset_sum,f316dc7ac31b4678355d107a4d8e462b9e7ecb651096f7181e8cdf564477edfe,QUERY_ACCEPTED
controlled-v1/missing_information_and_boundary_controls/00,controlled-v1/missing_information_and_boundary_controls/00,SYNTHETIC_CONTROLLED_V1,controlled,SYNTHETIC,True,BOUNDED_REACHABILITY,addresses,T|ETH,COMPLETED,ADDRESS_EVENT_SET_NO_AMOUNT,,,,,2,ETH,[],raw_by_asset_no_cross_asset_sum,f316dc7ac31b4678355d107a4d8e462b9e7ecb651096f7181e8cdf564477edfe,QUERY_ACCEPTED
controlled-v1/missing_information_and_boundary_controls/00,controlled-v1/missing_information_and_boundary_controls/00,SYNTHETIC_CONTROLLED_V1,controlled,SYNTHETIC,True,BOUNDED_REACHABILITY,addresses,U|ETH,COMPLETED,ADDRESS_EVENT_SET_NO_AMOUNT,,,,,2,ETH,[],raw_by_asset_no_cross_asset_sum,f316dc7ac31b4678355d107a4d8e462b9e7ecb651096f7181e8cdf564477edfe,QUERY_ACCEPTED
controlled-v1/missing_information_and_boundary_controls/00,controlled-v1/missing_information_and_boundary_controls/00,SYNTHETIC_CONTROLLED_V1,controlled,SYNTHETIC,True,BOUNDED_REACHABILITY,events,seed,COMPLETED,ADDRESS_EVENT_SET_NO_AMOUNT,,,,,2,ETH,[],raw_by_asset_no_cross_asset_sum,f316dc7ac31b4678355d107a4d8e462b9e7ecb651096f7181e8cdf564477edfe,QUERY_ACCEPTED
controlled-v1/missing_information_and_boundary_controls/00,controlled-v1/missing_information_and_boundary_controls/00,SYNTHETIC_CONTROLLED_V1,controlled,SYNTHETIC,True,BOUNDED_REACHABILITY,events,normal_only,COMPLETED,ADDRESS_EVENT_SET_NO_AMOUNT,,,,,2,ETH,[],raw_by_asset_no_cross_asset_sum,f316dc7ac31b4678355d107a4d8e462b9e7ecb651096f7181e8cdf564477edfe,QUERY_ACCEPTED
controlled-v1/missing_information_and_boundary_controls/00,controlled-v1/missing_information_and_boundary_controls/00,SYNTHETIC_CONTROLLED_V1,controlled,SYNTHETIC,True,BOUNDED_REACHABILITY,events,unrelated_service,COMPLETED,ADDRESS_EVENT_SET_NO_AMOUNT,,,,,2,ETH,[],raw_by_asset_no_cross_asset_sum,f316dc7ac31b4678355d107a4d8e462b9e7ecb651096f7181e8cdf564477edfe,QUERY_ACCEPTED
controlled-v1/missing_information_and_boundary_controls/00,controlled-v1/missing_information_and_boundary_controls/00,SYNTHETIC_CONTROLLED_V1,controlled,SYNTHETIC,True,BOUNDED_REACHABILITY,joint_by_asset,ETH,COMPLETED,ADDRESS_EVENT_SET_NO_AMOUNT,,,,,4,ETH,[],raw_by_asset_no_cross_asset_sum,f316dc7ac31b4678355d107a4d8e462b9e7ecb651096f7181e8cdf564477edfe,QUERY_ACCEPTED
controlled-v1/missing_information_and_boundary_controls/00,controlled-v1/missing_information_and_boundary_controls/00,SYNTHETIC_CONTROLLED_V1,controlled,SYNTHETIC,True,POISON,addresses,T|ETH,COMPLETED,POISON_NOMINAL_RAW,,,,2,2,ETH,[],raw_by_asset_no_cross_asset_sum,f316dc7ac31b4678355d107a4d8e462b9e7ecb651096f7181e8cdf564477edfe,QUERY_ACCEPTED
controlled-v1/missing_information_and_boundary_controls/00,controlled-v1/missing_information_and_boundary_controls/00,SYNTHETIC_CONTROLLED_V1,controlled,SYNTHETIC,True,POISON,addresses,U|ETH,COMPLETED,POISON_NOMINAL_RAW,,,,0,2,ETH,[],raw_by_asset_no_cross_asset_sum,f316dc7ac31b4678355d107a4d8e462b9e7ecb651096f7181e8cdf564477edfe,QUERY_ACCEPTED
controlled-v1/missing_information_and_boundary_controls/00,controlled-v1/missing_information_and_boundary_controls/00,SYNTHETIC_CONTROLLED_V1,controlled,SYNTHETIC,True,POISON,events,seed,COMPLETED,POISON_NOMINAL_RAW,,,,2,2,ETH,[],raw_by_asset_no_cross_asset_sum,f316dc7ac31b4678355d107a4d8e462b9e7ecb651096f7181e8cdf564477edfe,QUERY_ACCEPTED
controlled-v1/missing_information_and_boundary_controls/00,controlled-v1/missing_information_and_boundary_controls/00,SYNTHETIC_CONTROLLED_V1,controlled,SYNTHETIC,True,POISON,events,normal_only,COMPLETED,POISON_NOMINAL_RAW,,,,0,2,ETH,[],raw_by_asset_no_cross_asset_sum,f316dc7ac31b4678355d107a4d8e462b9e7ecb651096f7181e8cdf564477edfe,QUERY_ACCEPTED
controlled-v1/missing_information_and_boundary_controls/00,controlled-v1/missing_information_and_boundary_controls/00,SYNTHETIC_CONTROLLED_V1,controlled,SYNTHETIC,True,POISON,events,unrelated_service,COMPLETED,POISON_NOMINAL_RAW,,,,0,2,ETH,[],raw_by_asset_no_cross_asset_sum,f316dc7ac31b4678355d107a4d8e462b9e7ecb651096f7181e8cdf564477edfe,QUERY_ACCEPTED
controlled-v1/missing_information_and_boundary_controls/00,controlled-v1/missing_information_and_boundary_controls/00,SYNTHETIC_CONTROLLED_V1,controlled,SYNTHETIC,True,POISON,joint_by_asset,ETH,COMPLETED,POISON_NOMINAL_RAW,,,,2,4,ETH,[],raw_by_asset_no_cross_asset_sum,f316dc7ac31b4678355d107a4d8e462b9e7ecb651096f7181e8cdf564477edfe,QUERY_ACCEPTED
controlled-v1/missing_information_and_boundary_controls/01,controlled-v1/missing_information_and_boundary_controls/01,SYNTHETIC_CONTROLLED_V1,controlled,SYNTHETIC,True,NO_CROSS_TARGET_COUPLING,addresses,T|ETH,COMPLETED,product_of_target_specific_copies,2,2,,,2,ETH,[],raw_by_asset_no_cross_asset_sum,8feb6b4b36332bbb06e400c594b9d2e229f25aaca3942f413b373511f8143ae4,QUERY_ACCEPTED
controlled-v1/missing_information_and_boundary_controls/01,controlled-v1/missing_information_and_boundary_controls/01,SYNTHETIC_CONTROLLED_V1,controlled,SYNTHETIC,True,NO_CROSS_TARGET_COUPLING,addresses,U|ETH,COMPLETED,product_of_target_specific_copies,0,0,,,2,ETH,[],raw_by_asset_no_cross_asset_sum,8feb6b4b36332bbb06e400c594b9d2e229f25aaca3942f413b373511f8143ae4,QUERY_ACCEPTED
controlled-v1/missing_information_and_boundary_controls/01,controlled-v1/missing_information_and_boundary_controls/01,SYNTHETIC_CONTROLLED_V1,controlled,SYNTHETIC,True,NO_CROSS_TARGET_COUPLING,events,seed,COMPLETED,product_of_target_specific_copies,2,2,,,2,ETH,[],raw_by_asset_no_cross_asset_sum,8feb6b4b36332bbb06e400c594b9d2e229f25aaca3942f413b373511f8143ae4,QUERY_ACCEPTED
controlled-v1/missing_information_and_boundary_controls/01,controlled-v1/missing_information_and_boundary_controls/01,SYNTHETIC_CONTROLLED_V1,controlled,SYNTHETIC,True,NO_CROSS_TARGET_COUPLING,events,unrelated_service,COMPLETED,product_of_target_specific_copies,0,0,,,2,ETH,[],raw_by_asset_no_cross_asset_sum,8feb6b4b36332bbb06e400c594b9d2e229f25aaca3942f413b373511f8143ae4,QUERY_ACCEPTED
controlled-v1/missing_information_and_boundary_controls/01,controlled-v1/missing_information_and_boundary_controls/01,SYNTHETIC_CONTROLLED_V1,controlled,SYNTHETIC,True,NO_CROSS_TARGET_COUPLING,joint_by_asset,ETH,COMPLETED,product_of_target_specific_copies,2,2,,,4,ETH,[],raw_by_asset_no_cross_asset_sum,8feb6b4b36332bbb06e400c594b9d2e229f25aaca3942f413b373511f8143ae4,QUERY_ACCEPTED
controlled-v1/missing_information_and_boundary_controls/01,controlled-v1/missing_information_and_boundary_controls/01,SYNTHETIC_CONTROLLED_V1,controlled,SYNTHETIC,True,NO_PROTOCOL_CONTINUATION,addresses,T|ETH,COMPLETED,feasible_interval,2,2,,,2,ETH,[],raw_by_asset_no_cross_asset_sum,8feb6b4b36332bbb06e400c594b9d2e229f25aaca3942f413b373511f8143ae4,QUERY_ACCEPTED
controlled-v1/missing_information_and_boundary_controls/01,controlled-v1/missing_information_and_boundary_controls/01,SYNTHETIC_CONTROLLED_V1,controlled,SYNTHETIC,True,NO_PROTOCOL_CONTINUATION,addresses,U|ETH,COMPLETED,feasible_interval,0,0,,,2,ETH,[],raw_by_asset_no_cross_asset_sum,8feb6b4b36332bbb06e400c594b9d2e229f25aaca3942f413b373511f8143ae4,QUERY_ACCEPTED
controlled-v1/missing_information_and_boundary_controls/01,controlled-v1/missing_information_and_boundary_controls/01,SYNTHETIC_CONTROLLED_V1,controlled,SYNTHETIC,True,NO_PROTOCOL_CONTINUATION,events,seed,COMPLETED,feasible_interval,2,2,,,2,ETH,[],raw_by_asset_no_cross_asset_sum,8feb6b4b36332bbb06e400c594b9d2e229f25aaca3942f413b373511f8143ae4,QUERY_ACCEPTED
controlled-v1/missing_information_and_boundary_controls/01,controlled-v1/missing_information_and_boundary_controls/01,SYNTHETIC_CONTROLLED_V1,controlled,SYNTHETIC,True,NO_PROTOCOL_CONTINUATION,events,unrelated_service,COMPLETED,feasible_interval,0,0,,,2,ETH,[],raw_by_asset_no_cross_asset_sum,8feb6b4b36332bbb06e400c594b9d2e229f25aaca3942f413b373511f8143ae4,QUERY_ACCEPTED
controlled-v1/missing_information_and_boundary_controls/01,controlled-v1/missing_information_and_boundary_controls/01,SYNTHETIC_CONTROLLED_V1,controlled,SYNTHETIC,True,NO_PROTOCOL_CONTINUATION,joint_by_asset,ETH,COMPLETED,feasible_interval,2,2,,,4,ETH,[],raw_by_asset_no_cross_asset_sum,8feb6b4b36332bbb06e400c594b9d2e229f25aaca3942f413b373511f8143ae4,QUERY_ACCEPTED
controlled-v1/missing_information_and_boundary_controls/01,controlled-v1/missing_information_and_boundary_controls/01,SYNTHETIC_CONTROLLED_V1,controlled,SYNTHETIC,True,BALANCE_INFORMATION_REMOVED,addresses,T|ETH,COMPLETED,feasible_interval,2,2,,,2,ETH,[],raw_by_asset_no_cross_asset_sum,8feb6b4b36332bbb06e400c594b9d2e229f25aaca3942f413b373511f8143ae4,QUERY_ACCEPTED
controlled-v1/missing_information_and_boundary_controls/01,controlled-v1/missing_information_and_boundary_controls/01,SYNTHETIC_CONTROLLED_V1,controlled,SYNTHETIC,True,BALANCE_INFORMATION_REMOVED,addresses,U|ETH,COMPLETED,feasible_interval,0,0,,,2,ETH,[],raw_by_asset_no_cross_asset_sum,8feb6b4b36332bbb06e400c594b9d2e229f25aaca3942f413b373511f8143ae4,QUERY_ACCEPTED
controlled-v1/missing_information_and_boundary_controls/01,controlled-v1/missing_information_and_boundary_controls/01,SYNTHETIC_CONTROLLED_V1,controlled,SYNTHETIC,True,BALANCE_INFORMATION_REMOVED,events,seed,COMPLETED,feasible_interval,2,2,,,2,ETH,[],raw_by_asset_no_cross_asset_sum,8feb6b4b36332bbb06e400c594b9d2e229f25aaca3942f413b373511f8143ae4,QUERY_ACCEPTED
controlled-v1/missing_information_and_boundary_controls/01,controlled-v1/missing_information_and_boundary_controls/01,SYNTHETIC_CONTROLLED_V1,controlled,SYNTHETIC,True,BALANCE_INFORMATION_REMOVED,events,unrelated_service,COMPLETED,feasible_interval,0,0,,,2,ETH,[],raw_by_asset_no_cross_asset_sum,8feb6b4b36332bbb06e400c594b9d2e229f25aaca3942f413b373511f8143ae4,QUERY_ACCEPTED
controlled-v1/missing_information_and_boundary_controls/01,controlled-v1/missing_information_and_boundary_controls/01,SYNTHETIC_CONTROLLED_V1,controlled,SYNTHETIC,True,BALANCE_INFORMATION_REMOVED,joint_by_asset,ETH,COMPLETED,feasible_interval,2,2,,,4,ETH,[],raw_by_asset_no_cross_asset_sum,8feb6b4b36332bbb06e400c594b9d2e229f25aaca3942f413b373511f8143ae4,QUERY_ACCEPTED
controlled-v1/missing_information_and_boundary_controls/01,controlled-v1/missing_information_and_boundary_controls/01,SYNTHETIC_CONTROLLED_V1,controlled,SYNTHETIC,True,FULL_INTERVAL,addresses,T|ETH,COMPLETED,feasible_interval,2,2,,,2,ETH,[],raw_by_asset_no_cross_asset_sum,8feb6b4b36332bbb06e400c594b9d2e229f25aaca3942f413b373511f8143ae4,QUERY_ACCEPTED
controlled-v1/missing_information_and_boundary_controls/01,controlled-v1/missing_information_and_boundary_controls/01,SYNTHETIC_CONTROLLED_V1,controlled,SYNTHETIC,True,FULL_INTERVAL,addresses,U|ETH,COMPLETED,feasible_interval,0,0,,,2,ETH,[],raw_by_asset_no_cross_asset_sum,8feb6b4b36332bbb06e400c594b9d2e229f25aaca3942f413b373511f8143ae4,QUERY_ACCEPTED
controlled-v1/missing_information_and_boundary_controls/01,controlled-v1/missing_information_and_boundary_controls/01,SYNTHETIC_CONTROLLED_V1,controlled,SYNTHETIC,True,FULL_INTERVAL,events,seed,COMPLETED,feasible_interval,2,2,,,2,ETH,[],raw_by_asset_no_cross_asset_sum,8feb6b4b36332bbb06e400c594b9d2e229f25aaca3942f413b373511f8143ae4,QUERY_ACCEPTED
controlled-v1/missing_information_and_boundary_controls/01,controlled-v1/missing_information_and_boundary_controls/01,SYNTHETIC_CONTROLLED_V1,controlled,SYNTHETIC,True,FULL_INTERVAL,events,unrelated_service,COMPLETED,feasible_interval,0,0,,,2,ETH,[],raw_by_asset_no_cross_asset_sum,8feb6b4b36332bbb06e400c594b9d2e229f25aaca3942f413b373511f8143ae4,QUERY_ACCEPTED
controlled-v1/missing_information_and_boundary_controls/01,controlled-v1/missing_information_and_boundary_controls/01,SYNTHETIC_CONTROLLED_V1,controlled,SYNTHETIC,True,FULL_INTERVAL,joint_by_asset,ETH,COMPLETED,feasible_interval,2,2,,,4,ETH,[],raw_by_asset_no_cross_asset_sum,8feb6b4b36332bbb06e400c594b9d2e229f25aaca3942f413b373511f8143ae4,QUERY_ACCEPTED
controlled-v1/missing_information_and_boundary_controls/01,controlled-v1/missing_information_and_boundary_controls/01,SYNTHETIC_CONTROLLED_V1,controlled,SYNTHETIC,True,BOUNDED_REACHABILITY,addresses,T|ETH,COMPLETED,ADDRESS_EVENT_SET_NO_AMOUNT,,,,,2,ETH,[],raw_by_asset_no_cross_asset_sum,8feb6b4b36332bbb06e400c594b9d2e229f25aaca3942f413b373511f8143ae4,QUERY_ACCEPTED
controlled-v1/missing_information_and_boundary_controls/01,controlled-v1/missing_information_and_boundary_controls/01,SYNTHETIC_CONTROLLED_V1,controlled,SYNTHETIC,True,BOUNDED_REACHABILITY,addresses,U|ETH,COMPLETED,ADDRESS_EVENT_SET_NO_AMOUNT,,,,,2,ETH,[],raw_by_asset_no_cross_asset_sum,8feb6b4b36332bbb06e400c594b9d2e229f25aaca3942f413b373511f8143ae4,QUERY_ACCEPTED
controlled-v1/missing_information_and_boundary_controls/01,controlled-v1/missing_information_and_boundary_controls/01,SYNTHETIC_CONTROLLED_V1,controlled,SYNTHETIC,True,BOUNDED_REACHABILITY,events,seed,COMPLETED,ADDRESS_EVENT_SET_NO_AMOUNT,,,,,2,ETH,[],raw_by_asset_no_cross_asset_sum,8feb6b4b36332bbb06e400c594b9d2e229f25aaca3942f413b373511f8143ae4,QUERY_ACCEPTED
controlled-v1/missing_information_and_boundary_controls/01,controlled-v1/missing_information_and_boundary_controls/01,SYNTHETIC_CONTROLLED_V1,controlled,SYNTHETIC,True,BOUNDED_REACHABILITY,events,normal_only,COMPLETED,ADDRESS_EVENT_SET_NO_AMOUNT,,,,,2,ETH,[],raw_by_asset_no_cross_asset_sum,8feb6b4b36332bbb06e400c594b9d2e229f25aaca3942f413b373511f8143ae4,QUERY_ACCEPTED
controlled-v1/missing_information_and_boundary_controls/01,controlled-v1/missing_information_and_boundary_controls/01,SYNTHETIC_CONTROLLED_V1,controlled,SYNTHETIC,True,BOUNDED_REACHABILITY,events,unrelated_service,COMPLETED,ADDRESS_EVENT_SET_NO_AMOUNT,,,,,2,ETH,[],raw_by_asset_no_cross_asset_sum,8feb6b4b36332bbb06e400c594b9d2e229f25aaca3942f413b373511f8143ae4,QUERY_ACCEPTED
controlled-v1/missing_information_and_boundary_controls/01,controlled-v1/missing_information_and_boundary_controls/01,SYNTHETIC_CONTROLLED_V1,controlled,SYNTHETIC,True,BOUNDED_REACHABILITY,joint_by_asset,ETH,COMPLETED,ADDRESS_EVENT_SET_NO_AMOUNT,,,,,4,ETH,[],raw_by_asset_no_cross_asset_sum,8feb6b4b36332bbb06e400c594b9d2e229f25aaca3942f413b373511f8143ae4,QUERY_ACCEPTED
controlled-v1/missing_information_and_boundary_controls/01,controlled-v1/missing_information_and_boundary_controls/01,SYNTHETIC_CONTROLLED_V1,controlled,SYNTHETIC,True,POISON,addresses,T|ETH,COMPLETED,POISON_NOMINAL_RAW,,,,2,2,ETH,[],raw_by_asset_no_cross_asset_sum,8feb6b4b36332bbb06e400c594b9d2e229f25aaca3942f413b373511f8143ae4,QUERY_ACCEPTED
controlled-v1/missing_information_and_boundary_controls/01,controlled-v1/missing_information_and_boundary_controls/01,SYNTHETIC_CONTROLLED_V1,controlled,SYNTHETIC,True,POISON,addresses,U|ETH,COMPLETED,POISON_NOMINAL_RAW,,,,0,2,ETH,[],raw_by_asset_no_cross_asset_sum,8feb6b4b36332bbb06e400c594b9d2e229f25aaca3942f413b373511f8143ae4,QUERY_ACCEPTED
controlled-v1/missing_information_and_boundary_controls/01,controlled-v1/missing_information_and_boundary_controls/01,SYNTHETIC_CONTROLLED_V1,controlled,SYNTHETIC,True,POISON,events,seed,COMPLETED,POISON_NOMINAL_RAW,,,,2,2,ETH,[],raw_by_asset_no_cross_asset_sum,8feb6b4b36332bbb06e400c594b9d2e229f25aaca3942f413b373511f8143ae4,QUERY_ACCEPTED
controlled-v1/missing_information_and_boundary_controls/01,controlled-v1/missing_information_and_boundary_controls/01,SYNTHETIC_CONTROLLED_V1,controlled,SYNTHETIC,True,POISON,events,normal_only,COMPLETED,POISON_NOMINAL_RAW,,,,0,2,ETH,[],raw_by_asset_no_cross_asset_sum,8feb6b4b36332bbb06e400c594b9d2e229f25aaca3942f413b373511f8143ae4,QUERY_ACCEPTED
controlled-v1/missing_information_and_boundary_controls/01,controlled-v1/missing_information_and_boundary_controls/01,SYNTHETIC_CONTROLLED_V1,controlled,SYNTHETIC,True,POISON,events,unrelated_service,COMPLETED,POISON_NOMINAL_RAW,,,,0,2,ETH,[],raw_by_asset_no_cross_asset_sum,8feb6b4b36332bbb06e400c594b9d2e229f25aaca3942f413b373511f8143ae4,QUERY_ACCEPTED
controlled-v1/missing_information_and_boundary_controls/01,controlled-v1/missing_information_and_boundary_controls/01,SYNTHETIC_CONTROLLED_V1,controlled,SYNTHETIC,True,POISON,joint_by_asset,ETH,COMPLETED,POISON_NOMINAL_RAW,,,,2,4,ETH,[],raw_by_asset_no_cross_asset_sum,8feb6b4b36332bbb06e400c594b9d2e229f25aaca3942f413b373511f8143ae4,QUERY_ACCEPTED
controlled-v1/missing_information_and_boundary_controls/01,controlled-v1/missing_information_and_boundary_controls/01,SYNTHETIC_CONTROLLED_V1,controlled,SYNTHETIC,True,HAIRCUT,addresses,T|ETH,COMPLETED,PROPORTIONAL_FEASIBLE_POINT,,,2,,2,ETH,[],raw_by_asset_no_cross_asset_sum,8feb6b4b36332bbb06e400c594b9d2e229f25aaca3942f413b373511f8143ae4,QUERY_ACCEPTED
controlled-v1/missing_information_and_boundary_controls/01,controlled-v1/missing_information_and_boundary_controls/01,SYNTHETIC_CONTROLLED_V1,controlled,SYNTHETIC,True,HAIRCUT,addresses,U|ETH,COMPLETED,PROPORTIONAL_FEASIBLE_POINT,,,0,,2,ETH,[],raw_by_asset_no_cross_asset_sum,8feb6b4b36332bbb06e400c594b9d2e229f25aaca3942f413b373511f8143ae4,QUERY_ACCEPTED
controlled-v1/missing_information_and_boundary_controls/01,controlled-v1/missing_information_and_boundary_controls/01,SYNTHETIC_CONTROLLED_V1,controlled,SYNTHETIC,True,HAIRCUT,events,seed,COMPLETED,PROPORTIONAL_FEASIBLE_POINT,,,2,,2,ETH,[],raw_by_asset_no_cross_asset_sum,8feb6b4b36332bbb06e400c594b9d2e229f25aaca3942f413b373511f8143ae4,QUERY_ACCEPTED
controlled-v1/missing_information_and_boundary_controls/01,controlled-v1/missing_information_and_boundary_controls/01,SYNTHETIC_CONTROLLED_V1,controlled,SYNTHETIC,True,HAIRCUT,events,normal_only,COMPLETED,PROPORTIONAL_FEASIBLE_POINT,,,0,,2,ETH,[],raw_by_asset_no_cross_asset_sum,8feb6b4b36332bbb06e400c594b9d2e229f25aaca3942f413b373511f8143ae4,QUERY_ACCEPTED
controlled-v1/missing_information_and_boundary_controls/01,controlled-v1/missing_information_and_boundary_controls/01,SYNTHETIC_CONTROLLED_V1,controlled,SYNTHETIC,True,HAIRCUT,events,unrelated_service,COMPLETED,PROPORTIONAL_FEASIBLE_POINT,,,0,,2,ETH,[],raw_by_asset_no_cross_asset_sum,8feb6b4b36332bbb06e400c594b9d2e229f25aaca3942f413b373511f8143ae4,QUERY_ACCEPTED
controlled-v1/missing_information_and_boundary_controls/01,controlled-v1/missing_information_and_boundary_controls/01,SYNTHETIC_CONTROLLED_V1,controlled,SYNTHETIC,True,HAIRCUT,joint_by_asset,ETH,COMPLETED,PROPORTIONAL_FEASIBLE_POINT,,,2,,4,ETH,[],raw_by_asset_no_cross_asset_sum,8feb6b4b36332bbb06e400c594b9d2e229f25aaca3942f413b373511f8143ae4,QUERY_ACCEPTED
controlled-v1/missing_information_and_boundary_controls/02,controlled-v1/missing_information_and_boundary_controls/02,SYNTHETIC_CONTROLLED_V1,controlled,SYNTHETIC,False,NO_PROTOCOL_CONTINUATION,addresses,T|ETH,COMPLETED,feasible_interval,0,0,,,5,ETH,[],raw_by_asset_no_cross_asset_sum,dcdb104c4834b5b90ec72cef869397c2c6a35bf8ee6779410305d0ac961395a6,QUERY_ACCEPTED
controlled-v1/missing_information_and_boundary_controls/02,controlled-v1/missing_information_and_boundary_controls/02,SYNTHETIC_CONTROLLED_V1,controlled,SYNTHETIC,False,NO_PROTOCOL_CONTINUATION,events,pre_seed_service,COMPLETED,feasible_interval,0,0,,,5,ETH,[],raw_by_asset_no_cross_asset_sum,dcdb104c4834b5b90ec72cef869397c2c6a35bf8ee6779410305d0ac961395a6,QUERY_ACCEPTED
controlled-v1/missing_information_and_boundary_controls/02,controlled-v1/missing_information_and_boundary_controls/02,SYNTHETIC_CONTROLLED_V1,controlled,SYNTHETIC,False,NO_PROTOCOL_CONTINUATION,joint_by_asset,ETH,COMPLETED,feasible_interval,0,0,,,5,ETH,[],raw_by_asset_no_cross_asset_sum,dcdb104c4834b5b90ec72cef869397c2c6a35bf8ee6779410305d0ac961395a6,QUERY_ACCEPTED
controlled-v1/missing_information_and_boundary_controls/02,controlled-v1/missing_information_and_boundary_controls/02,SYNTHETIC_CONTROLLED_V1,controlled,SYNTHETIC,False,BALANCE_INFORMATION_REMOVED,addresses,T|ETH,COMPLETED,feasible_interval,0,0,,,5,ETH,[],raw_by_asset_no_cross_asset_sum,dcdb104c4834b5b90ec72cef869397c2c6a35bf8ee6779410305d0ac961395a6,QUERY_ACCEPTED
controlled-v1/missing_information_and_boundary_controls/02,controlled-v1/missing_information_and_boundary_controls/02,SYNTHETIC_CONTROLLED_V1,controlled,SYNTHETIC,False,BALANCE_INFORMATION_REMOVED,events,pre_seed_service,COMPLETED,feasible_interval,0,0,,,5,ETH,[],raw_by_asset_no_cross_asset_sum,dcdb104c4834b5b90ec72cef869397c2c6a35bf8ee6779410305d0ac961395a6,QUERY_ACCEPTED
controlled-v1/missing_information_and_boundary_controls/02,controlled-v1/missing_information_and_boundary_controls/02,SYNTHETIC_CONTROLLED_V1,controlled,SYNTHETIC,False,BALANCE_INFORMATION_REMOVED,joint_by_asset,ETH,COMPLETED,feasible_interval,0,0,,,5,ETH,[],raw_by_asset_no_cross_asset_sum,dcdb104c4834b5b90ec72cef869397c2c6a35bf8ee6779410305d0ac961395a6,QUERY_ACCEPTED
controlled-v1/missing_information_and_boundary_controls/02,controlled-v1/missing_information_and_boundary_controls/02,SYNTHETIC_CONTROLLED_V1,controlled,SYNTHETIC,False,FULL_INTERVAL,addresses,T|ETH,COMPLETED,feasible_interval,0,0,,,5,ETH,[],raw_by_asset_no_cross_asset_sum,dcdb104c4834b5b90ec72cef869397c2c6a35bf8ee6779410305d0ac961395a6,QUERY_ACCEPTED
controlled-v1/missing_information_and_boundary_controls/02,controlled-v1/missing_information_and_boundary_controls/02,SYNTHETIC_CONTROLLED_V1,controlled,SYNTHETIC,False,FULL_INTERVAL,events,pre_seed_service,COMPLETED,feasible_interval,0,0,,,5,ETH,[],raw_by_asset_no_cross_asset_sum,dcdb104c4834b5b90ec72cef869397c2c6a35bf8ee6779410305d0ac961395a6,QUERY_ACCEPTED
controlled-v1/missing_information_and_boundary_controls/02,controlled-v1/missing_information_and_boundary_controls/02,SYNTHETIC_CONTROLLED_V1,controlled,SYNTHETIC,False,FULL_INTERVAL,joint_by_asset,ETH,COMPLETED,feasible_interval,0,0,,,5,ETH,[],raw_by_asset_no_cross_asset_sum,dcdb104c4834b5b90ec72cef869397c2c6a35bf8ee6779410305d0ac961395a6,QUERY_ACCEPTED
controlled-v1/missing_information_and_boundary_controls/02,controlled-v1/missing_information_and_boundary_controls/02,SYNTHETIC_CONTROLLED_V1,controlled,SYNTHETIC,False,BOUNDED_REACHABILITY,addresses,T|ETH,COMPLETED,ADDRESS_EVENT_SET_NO_AMOUNT,,,,,5,ETH,[],raw_by_asset_no_cross_asset_sum,dcdb104c4834b5b90ec72cef869397c2c6a35bf8ee6779410305d0ac961395a6,QUERY_ACCEPTED
controlled-v1/missing_information_and_boundary_controls/02,controlled-v1/missing_information_and_boundary_controls/02,SYNTHETIC_CONTROLLED_V1,controlled,SYNTHETIC,False,BOUNDED_REACHABILITY,events,pre_seed_service,COMPLETED,ADDRESS_EVENT_SET_NO_AMOUNT,,,,,5,ETH,[],raw_by_asset_no_cross_asset_sum,dcdb104c4834b5b90ec72cef869397c2c6a35bf8ee6779410305d0ac961395a6,QUERY_ACCEPTED
controlled-v1/missing_information_and_boundary_controls/02,controlled-v1/missing_information_and_boundary_controls/02,SYNTHETIC_CONTROLLED_V1,controlled,SYNTHETIC,False,BOUNDED_REACHABILITY,events,seed,COMPLETED,ADDRESS_EVENT_SET_NO_AMOUNT,,,,,7,ETH,[],raw_by_asset_no_cross_asset_sum,dcdb104c4834b5b90ec72cef869397c2c6a35bf8ee6779410305d0ac961395a6,QUERY_ACCEPTED
controlled-v1/missing_information_and_boundary_controls/02,controlled-v1/missing_information_and_boundary_controls/02,SYNTHETIC_CONTROLLED_V1,controlled,SYNTHETIC,False,BOUNDED_REACHABILITY,events,no_service_path,COMPLETED,ADDRESS_EVENT_SET_NO_AMOUNT,,,,,7,ETH,[],raw_by_asset_no_cross_asset_sum,dcdb104c4834b5b90ec72cef869397c2c6a35bf8ee6779410305d0ac961395a6,QUERY_ACCEPTED
controlled-v1/missing_information_and_boundary_controls/02,controlled-v1/missing_information_and_boundary_controls/02,SYNTHETIC_CONTROLLED_V1,controlled,SYNTHETIC,False,BOUNDED_REACHABILITY,events,terminal_boundary,COMPLETED,ADDRESS_EVENT_SET_NO_AMOUNT,,,,,7,ETH,[],raw_by_asset_no_cross_asset_sum,dcdb104c4834b5b90ec72cef869397c2c6a35bf8ee6779410305d0ac961395a6,QUERY_ACCEPTED
controlled-v1/missing_information_and_boundary_controls/02,controlled-v1/missing_information_and_boundary_controls/02,SYNTHETIC_CONTROLLED_V1,controlled,SYNTHETIC,False,BOUNDED_REACHABILITY,joint_by_asset,ETH,COMPLETED,ADDRESS_EVENT_SET_NO_AMOUNT,,,,,5,ETH,[],raw_by_asset_no_cross_asset_sum,dcdb104c4834b5b90ec72cef869397c2c6a35bf8ee6779410305d0ac961395a6,QUERY_ACCEPTED
controlled-v1/missing_information_and_boundary_controls/02,controlled-v1/missing_information_and_boundary_controls/02,SYNTHETIC_CONTROLLED_V1,controlled,SYNTHETIC,False,POISON,addresses,T|ETH,COMPLETED,POISON_NOMINAL_RAW,,,,0,5,ETH,[],raw_by_asset_no_cross_asset_sum,dcdb104c4834b5b90ec72cef869397c2c6a35bf8ee6779410305d0ac961395a6,QUERY_ACCEPTED
controlled-v1/missing_information_and_boundary_controls/02,controlled-v1/missing_information_and_boundary_controls/02,SYNTHETIC_CONTROLLED_V1,controlled,SYNTHETIC,False,POISON,events,pre_seed_service,COMPLETED,POISON_NOMINAL_RAW,,,,0,5,ETH,[],raw_by_asset_no_cross_asset_sum,dcdb104c4834b5b90ec72cef869397c2c6a35bf8ee6779410305d0ac961395a6,QUERY_ACCEPTED
controlled-v1/missing_information_and_boundary_controls/02,controlled-v1/missing_information_and_boundary_controls/02,SYNTHETIC_CONTROLLED_V1,controlled,SYNTHETIC,False,POISON,events,seed,COMPLETED,POISON_NOMINAL_RAW,,,,7,7,ETH,[],raw_by_asset_no_cross_asset_sum,dcdb104c4834b5b90ec72cef869397c2c6a35bf8ee6779410305d0ac961395a6,QUERY_ACCEPTED
controlled-v1/missing_information_and_boundary_controls/02,controlled-v1/missing_information_and_boundary_controls/02,SYNTHETIC_CONTROLLED_V1,controlled,SYNTHETIC,False,POISON,events,no_service_path,COMPLETED,POISON_NOMINAL_RAW,,,,7,7,ETH,[],raw_by_asset_no_cross_asset_sum,dcdb104c4834b5b90ec72cef869397c2c6a35bf8ee6779410305d0ac961395a6,QUERY_ACCEPTED
controlled-v1/missing_information_and_boundary_controls/02,controlled-v1/missing_information_and_boundary_controls/02,SYNTHETIC_CONTROLLED_V1,controlled,SYNTHETIC,False,POISON,events,terminal_boundary,COMPLETED,POISON_NOMINAL_RAW,,,,7,7,ETH,[],raw_by_asset_no_cross_asset_sum,dcdb104c4834b5b90ec72cef869397c2c6a35bf8ee6779410305d0ac961395a6,QUERY_ACCEPTED
controlled-v1/missing_information_and_boundary_controls/02,controlled-v1/missing_information_and_boundary_controls/02,SYNTHETIC_CONTROLLED_V1,controlled,SYNTHETIC,False,POISON,joint_by_asset,ETH,COMPLETED,POISON_NOMINAL_RAW,,,,0,5,ETH,[],raw_by_asset_no_cross_asset_sum,dcdb104c4834b5b90ec72cef869397c2c6a35bf8ee6779410305d0ac961395a6,QUERY_ACCEPTED
controlled-v1/missing_information_and_boundary_controls/02,controlled-v1/missing_information_and_boundary_controls/02,SYNTHETIC_CONTROLLED_V1,controlled,SYNTHETIC,False,HAIRCUT,addresses,T|ETH,COMPLETED,PROPORTIONAL_FEASIBLE_POINT,,,0,,5,ETH,[],raw_by_asset_no_cross_asset_sum,dcdb104c4834b5b90ec72cef869397c2c6a35bf8ee6779410305d0ac961395a6,QUERY_ACCEPTED
controlled-v1/missing_information_and_boundary_controls/02,controlled-v1/missing_information_and_boundary_controls/02,SYNTHETIC_CONTROLLED_V1,controlled,SYNTHETIC,False,HAIRCUT,events,pre_seed_service,COMPLETED,PROPORTIONAL_FEASIBLE_POINT,,,0,,5,ETH,[],raw_by_asset_no_cross_asset_sum,dcdb104c4834b5b90ec72cef869397c2c6a35bf8ee6779410305d0ac961395a6,QUERY_ACCEPTED
controlled-v1/missing_information_and_boundary_controls/02,controlled-v1/missing_information_and_boundary_controls/02,SYNTHETIC_CONTROLLED_V1,controlled,SYNTHETIC,False,HAIRCUT,events,seed,COMPLETED,PROPORTIONAL_FEASIBLE_POINT,,,7,,7,ETH,[],raw_by_asset_no_cross_asset_sum,dcdb104c4834b5b90ec72cef869397c2c6a35bf8ee6779410305d0ac961395a6,QUERY_ACCEPTED
controlled-v1/missing_information_and_boundary_controls/02,controlled-v1/missing_information_and_boundary_controls/02,SYNTHETIC_CONTROLLED_V1,controlled,SYNTHETIC,False,HAIRCUT,events,no_service_path,COMPLETED,PROPORTIONAL_FEASIBLE_POINT,,,7,,7,ETH,[],raw_by_asset_no_cross_asset_sum,dcdb104c4834b5b90ec72cef869397c2c6a35bf8ee6779410305d0ac961395a6,QUERY_ACCEPTED
controlled-v1/missing_information_and_boundary_controls/02,controlled-v1/missing_information_and_boundary_controls/02,SYNTHETIC_CONTROLLED_V1,controlled,SYNTHETIC,False,HAIRCUT,events,terminal_boundary,COMPLETED,PROPORTIONAL_FEASIBLE_POINT,,,7,,7,ETH,[],raw_by_asset_no_cross_asset_sum,dcdb104c4834b5b90ec72cef869397c2c6a35bf8ee6779410305d0ac961395a6,QUERY_ACCEPTED
controlled-v1/missing_information_and_boundary_controls/02,controlled-v1/missing_information_and_boundary_controls/02,SYNTHETIC_CONTROLLED_V1,controlled,SYNTHETIC,False,HAIRCUT,joint_by_asset,ETH,COMPLETED,PROPORTIONAL_FEASIBLE_POINT,,,0,,5,ETH,[],raw_by_asset_no_cross_asset_sum,dcdb104c4834b5b90ec72cef869397c2c6a35bf8ee6779410305d0ac961395a6,QUERY_ACCEPTED
controlled-v1/missing_information_and_boundary_controls/02,controlled-v1/missing_information_and_boundary_controls/02,SYNTHETIC_CONTROLLED_V1,controlled,SYNTHETIC,False,NO_CROSS_TARGET_COUPLING,addresses,T|ETH,COMPLETED,product_of_target_specific_copies,0,0,,,5,ETH,[],raw_by_asset_no_cross_asset_sum,dcdb104c4834b5b90ec72cef869397c2c6a35bf8ee6779410305d0ac961395a6,QUERY_ACCEPTED
controlled-v1/missing_information_and_boundary_controls/02,controlled-v1/missing_information_and_boundary_controls/02,SYNTHETIC_CONTROLLED_V1,controlled,SYNTHETIC,False,NO_CROSS_TARGET_COUPLING,events,pre_seed_service,COMPLETED,product_of_target_specific_copies,0,0,,,5,ETH,[],raw_by_asset_no_cross_asset_sum,dcdb104c4834b5b90ec72cef869397c2c6a35bf8ee6779410305d0ac961395a6,QUERY_ACCEPTED
controlled-v1/missing_information_and_boundary_controls/02,controlled-v1/missing_information_and_boundary_controls/02,SYNTHETIC_CONTROLLED_V1,controlled,SYNTHETIC,False,NO_CROSS_TARGET_COUPLING,joint_by_asset,ETH,COMPLETED,product_of_target_specific_copies,0,0,,,5,ETH,[],raw_by_asset_no_cross_asset_sum,dcdb104c4834b5b90ec72cef869397c2c6a35bf8ee6779410305d0ac961395a6,QUERY_ACCEPTED
controlled-v1/missing_information_and_boundary_controls/03,controlled-v1/missing_information_and_boundary_controls/03,SYNTHETIC_CONTROLLED_V1,controlled,SYNTHETIC,False,NO_CROSS_TARGET_COUPLING,addresses,T|ETH,COMPLETED,product_of_target_specific_copies,0,0,,,2,ETH,[],raw_by_asset_no_cross_asset_sum,073e0453ea00f3e4121d1854e083ddf47322edf2d55caf575b3a998531cd544f,QUERY_ACCEPTED
controlled-v1/missing_information_and_boundary_controls/03,controlled-v1/missing_information_and_boundary_controls/03,SYNTHETIC_CONTROLLED_V1,controlled,SYNTHETIC,False,NO_CROSS_TARGET_COUPLING,events,pre_seed_service,COMPLETED,product_of_target_specific_copies,0,0,,,2,ETH,[],raw_by_asset_no_cross_asset_sum,073e0453ea00f3e4121d1854e083ddf47322edf2d55caf575b3a998531cd544f,QUERY_ACCEPTED
controlled-v1/missing_information_and_boundary_controls/03,controlled-v1/missing_information_and_boundary_controls/03,SYNTHETIC_CONTROLLED_V1,controlled,SYNTHETIC,False,NO_CROSS_TARGET_COUPLING,joint_by_asset,ETH,COMPLETED,product_of_target_specific_copies,0,0,,,2,ETH,[],raw_by_asset_no_cross_asset_sum,073e0453ea00f3e4121d1854e083ddf47322edf2d55caf575b3a998531cd544f,QUERY_ACCEPTED
controlled-v1/missing_information_and_boundary_controls/03,controlled-v1/missing_information_and_boundary_controls/03,SYNTHETIC_CONTROLLED_V1,controlled,SYNTHETIC,False,NO_PROTOCOL_CONTINUATION,addresses,T|ETH,COMPLETED,feasible_interval,0,0,,,2,ETH,[],raw_by_asset_no_cross_asset_sum,073e0453ea00f3e4121d1854e083ddf47322edf2d55caf575b3a998531cd544f,QUERY_ACCEPTED
controlled-v1/missing_information_and_boundary_controls/03,controlled-v1/missing_information_and_boundary_controls/03,SYNTHETIC_CONTROLLED_V1,controlled,SYNTHETIC,False,NO_PROTOCOL_CONTINUATION,events,pre_seed_service,COMPLETED,feasible_interval,0,0,,,2,ETH,[],raw_by_asset_no_cross_asset_sum,073e0453ea00f3e4121d1854e083ddf47322edf2d55caf575b3a998531cd544f,QUERY_ACCEPTED
controlled-v1/missing_information_and_boundary_controls/03,controlled-v1/missing_information_and_boundary_controls/03,SYNTHETIC_CONTROLLED_V1,controlled,SYNTHETIC,False,NO_PROTOCOL_CONTINUATION,joint_by_asset,ETH,COMPLETED,feasible_interval,0,0,,,2,ETH,[],raw_by_asset_no_cross_asset_sum,073e0453ea00f3e4121d1854e083ddf47322edf2d55caf575b3a998531cd544f,QUERY_ACCEPTED
controlled-v1/missing_information_and_boundary_controls/03,controlled-v1/missing_information_and_boundary_controls/03,SYNTHETIC_CONTROLLED_V1,controlled,SYNTHETIC,False,BALANCE_INFORMATION_REMOVED,addresses,T|ETH,COMPLETED,feasible_interval,0,0,,,2,ETH,[],raw_by_asset_no_cross_asset_sum,073e0453ea00f3e4121d1854e083ddf47322edf2d55caf575b3a998531cd544f,QUERY_ACCEPTED
controlled-v1/missing_information_and_boundary_controls/03,controlled-v1/missing_information_and_boundary_controls/03,SYNTHETIC_CONTROLLED_V1,controlled,SYNTHETIC,False,BALANCE_INFORMATION_REMOVED,events,pre_seed_service,COMPLETED,feasible_interval,0,0,,,2,ETH,[],raw_by_asset_no_cross_asset_sum,073e0453ea00f3e4121d1854e083ddf47322edf2d55caf575b3a998531cd544f,QUERY_ACCEPTED
controlled-v1/missing_information_and_boundary_controls/03,controlled-v1/missing_information_and_boundary_controls/03,SYNTHETIC_CONTROLLED_V1,controlled,SYNTHETIC,False,BALANCE_INFORMATION_REMOVED,joint_by_asset,ETH,COMPLETED,feasible_interval,0,0,,,2,ETH,[],raw_by_asset_no_cross_asset_sum,073e0453ea00f3e4121d1854e083ddf47322edf2d55caf575b3a998531cd544f,QUERY_ACCEPTED
controlled-v1/missing_information_and_boundary_controls/03,controlled-v1/missing_information_and_boundary_controls/03,SYNTHETIC_CONTROLLED_V1,controlled,SYNTHETIC,False,FULL_INTERVAL,addresses,T|ETH,COMPLETED,feasible_interval,0,0,,,2,ETH,[],raw_by_asset_no_cross_asset_sum,073e0453ea00f3e4121d1854e083ddf47322edf2d55caf575b3a998531cd544f,QUERY_ACCEPTED
controlled-v1/missing_information_and_boundary_controls/03,controlled-v1/missing_information_and_boundary_controls/03,SYNTHETIC_CONTROLLED_V1,controlled,SYNTHETIC,False,FULL_INTERVAL,events,pre_seed_service,COMPLETED,feasible_interval,0,0,,,2,ETH,[],raw_by_asset_no_cross_asset_sum,073e0453ea00f3e4121d1854e083ddf47322edf2d55caf575b3a998531cd544f,QUERY_ACCEPTED
controlled-v1/missing_information_and_boundary_controls/03,controlled-v1/missing_information_and_boundary_controls/03,SYNTHETIC_CONTROLLED_V1,controlled,SYNTHETIC,False,FULL_INTERVAL,joint_by_asset,ETH,COMPLETED,feasible_interval,0,0,,,2,ETH,[],raw_by_asset_no_cross_asset_sum,073e0453ea00f3e4121d1854e083ddf47322edf2d55caf575b3a998531cd544f,QUERY_ACCEPTED
controlled-v1/missing_information_and_boundary_controls/03,controlled-v1/missing_information_and_boundary_controls/03,SYNTHETIC_CONTROLLED_V1,controlled,SYNTHETIC,False,BOUNDED_REACHABILITY,addresses,T|ETH,COMPLETED,ADDRESS_EVENT_SET_NO_AMOUNT,,,,,2,ETH,[],raw_by_asset_no_cross_asset_sum,073e0453ea00f3e4121d1854e083ddf47322edf2d55caf575b3a998531cd544f,QUERY_ACCEPTED
controlled-v1/missing_information_and_boundary_controls/03,controlled-v1/missing_information_and_boundary_controls/03,SYNTHETIC_CONTROLLED_V1,controlled,SYNTHETIC,False,BOUNDED_REACHABILITY,events,pre_seed_service,COMPLETED,ADDRESS_EVENT_SET_NO_AMOUNT,,,,,2,ETH,[],raw_by_asset_no_cross_asset_sum,073e0453ea00f3e4121d1854e083ddf47322edf2d55caf575b3a998531cd544f,QUERY_ACCEPTED
controlled-v1/missing_information_and_boundary_controls/03,controlled-v1/missing_information_and_boundary_controls/03,SYNTHETIC_CONTROLLED_V1,controlled,SYNTHETIC,False,BOUNDED_REACHABILITY,events,seed,COMPLETED,ADDRESS_EVENT_SET_NO_AMOUNT,,,,,7,ETH,[],raw_by_asset_no_cross_asset_sum,073e0453ea00f3e4121d1854e083ddf47322edf2d55caf575b3a998531cd544f,QUERY_ACCEPTED
controlled-v1/missing_information_and_boundary_controls/03,controlled-v1/missing_information_and_boundary_controls/03,SYNTHETIC_CONTROLLED_V1,controlled,SYNTHETIC,False,BOUNDED_REACHABILITY,events,no_service_path,COMPLETED,ADDRESS_EVENT_SET_NO_AMOUNT,,,,,7,ETH,[],raw_by_asset_no_cross_asset_sum,073e0453ea00f3e4121d1854e083ddf47322edf2d55caf575b3a998531cd544f,QUERY_ACCEPTED
controlled-v1/missing_information_and_boundary_controls/03,controlled-v1/missing_information_and_boundary_controls/03,SYNTHETIC_CONTROLLED_V1,controlled,SYNTHETIC,False,BOUNDED_REACHABILITY,events,terminal_boundary,COMPLETED,ADDRESS_EVENT_SET_NO_AMOUNT,,,,,7,ETH,[],raw_by_asset_no_cross_asset_sum,073e0453ea00f3e4121d1854e083ddf47322edf2d55caf575b3a998531cd544f,QUERY_ACCEPTED
controlled-v1/missing_information_and_boundary_controls/03,controlled-v1/missing_information_and_boundary_controls/03,SYNTHETIC_CONTROLLED_V1,controlled,SYNTHETIC,False,BOUNDED_REACHABILITY,joint_by_asset,ETH,COMPLETED,ADDRESS_EVENT_SET_NO_AMOUNT,,,,,2,ETH,[],raw_by_asset_no_cross_asset_sum,073e0453ea00f3e4121d1854e083ddf47322edf2d55caf575b3a998531cd544f,QUERY_ACCEPTED
controlled-v1/missing_information_and_boundary_controls/03,controlled-v1/missing_information_and_boundary_controls/03,SYNTHETIC_CONTROLLED_V1,controlled,SYNTHETIC,False,POISON,addresses,T|ETH,COMPLETED,POISON_NOMINAL_RAW,,,,0,2,ETH,[],raw_by_asset_no_cross_asset_sum,073e0453ea00f3e4121d1854e083ddf47322edf2d55caf575b3a998531cd544f,QUERY_ACCEPTED
controlled-v1/missing_information_and_boundary_controls/03,controlled-v1/missing_information_and_boundary_controls/03,SYNTHETIC_CONTROLLED_V1,controlled,SYNTHETIC,False,POISON,events,pre_seed_service,COMPLETED,POISON_NOMINAL_RAW,,,,0,2,ETH,[],raw_by_asset_no_cross_asset_sum,073e0453ea00f3e4121d1854e083ddf47322edf2d55caf575b3a998531cd544f,QUERY_ACCEPTED
controlled-v1/missing_information_and_boundary_controls/03,controlled-v1/missing_information_and_boundary_controls/03,SYNTHETIC_CONTROLLED_V1,controlled,SYNTHETIC,False,POISON,events,seed,COMPLETED,POISON_NOMINAL_RAW,,,,7,7,ETH,[],raw_by_asset_no_cross_asset_sum,073e0453ea00f3e4121d1854e083ddf47322edf2d55caf575b3a998531cd544f,QUERY_ACCEPTED
controlled-v1/missing_information_and_boundary_controls/03,controlled-v1/missing_information_and_boundary_controls/03,SYNTHETIC_CONTROLLED_V1,controlled,SYNTHETIC,False,POISON,events,no_service_path,COMPLETED,POISON_NOMINAL_RAW,,,,7,7,ETH,[],raw_by_asset_no_cross_asset_sum,073e0453ea00f3e4121d1854e083ddf47322edf2d55caf575b3a998531cd544f,QUERY_ACCEPTED
controlled-v1/missing_information_and_boundary_controls/03,controlled-v1/missing_information_and_boundary_controls/03,SYNTHETIC_CONTROLLED_V1,controlled,SYNTHETIC,False,POISON,events,terminal_boundary,COMPLETED,POISON_NOMINAL_RAW,,,,7,7,ETH,[],raw_by_asset_no_cross_asset_sum,073e0453ea00f3e4121d1854e083ddf47322edf2d55caf575b3a998531cd544f,QUERY_ACCEPTED
controlled-v1/missing_information_and_boundary_controls/03,controlled-v1/missing_information_and_boundary_controls/03,SYNTHETIC_CONTROLLED_V1,controlled,SYNTHETIC,False,POISON,joint_by_asset,ETH,COMPLETED,POISON_NOMINAL_RAW,,,,0,2,ETH,[],raw_by_asset_no_cross_asset_sum,073e0453ea00f3e4121d1854e083ddf47322edf2d55caf575b3a998531cd544f,QUERY_ACCEPTED
controlled-v1/missing_information_and_boundary_controls/03,controlled-v1/missing_information_and_boundary_controls/03,SYNTHETIC_CONTROLLED_V1,controlled,SYNTHETIC,False,HAIRCUT,addresses,T|ETH,COMPLETED,PROPORTIONAL_FEASIBLE_POINT,,,0,,2,ETH,[],raw_by_asset_no_cross_asset_sum,073e0453ea00f3e4121d1854e083ddf47322edf2d55caf575b3a998531cd544f,QUERY_ACCEPTED
controlled-v1/missing_information_and_boundary_controls/03,controlled-v1/missing_information_and_boundary_controls/03,SYNTHETIC_CONTROLLED_V1,controlled,SYNTHETIC,False,HAIRCUT,events,pre_seed_service,COMPLETED,PROPORTIONAL_FEASIBLE_POINT,,,0,,2,ETH,[],raw_by_asset_no_cross_asset_sum,073e0453ea00f3e4121d1854e083ddf47322edf2d55caf575b3a998531cd544f,QUERY_ACCEPTED
controlled-v1/missing_information_and_boundary_controls/03,controlled-v1/missing_information_and_boundary_controls/03,SYNTHETIC_CONTROLLED_V1,controlled,SYNTHETIC,False,HAIRCUT,events,seed,COMPLETED,PROPORTIONAL_FEASIBLE_POINT,,,7,,7,ETH,[],raw_by_asset_no_cross_asset_sum,073e0453ea00f3e4121d1854e083ddf47322edf2d55caf575b3a998531cd544f,QUERY_ACCEPTED
controlled-v1/missing_information_and_boundary_controls/03,controlled-v1/missing_information_and_boundary_controls/03,SYNTHETIC_CONTROLLED_V1,controlled,SYNTHETIC,False,HAIRCUT,events,no_service_path,COMPLETED,PROPORTIONAL_FEASIBLE_POINT,,,7,,7,ETH,[],raw_by_asset_no_cross_asset_sum,073e0453ea00f3e4121d1854e083ddf47322edf2d55caf575b3a998531cd544f,QUERY_ACCEPTED
controlled-v1/missing_information_and_boundary_controls/03,controlled-v1/missing_information_and_boundary_controls/03,SYNTHETIC_CONTROLLED_V1,controlled,SYNTHETIC,False,HAIRCUT,events,terminal_boundary,COMPLETED,PROPORTIONAL_FEASIBLE_POINT,,,7,,7,ETH,[],raw_by_asset_no_cross_asset_sum,073e0453ea00f3e4121d1854e083ddf47322edf2d55caf575b3a998531cd544f,QUERY_ACCEPTED
controlled-v1/missing_information_and_boundary_controls/03,controlled-v1/missing_information_and_boundary_controls/03,SYNTHETIC_CONTROLLED_V1,controlled,SYNTHETIC,False,HAIRCUT,joint_by_asset,ETH,COMPLETED,PROPORTIONAL_FEASIBLE_POINT,,,0,,2,ETH,[],raw_by_asset_no_cross_asset_sum,073e0453ea00f3e4121d1854e083ddf47322edf2d55caf575b3a998531cd544f,QUERY_ACCEPTED
controlled-v1/missing_information_and_boundary_controls/04,controlled-v1/missing_information_and_boundary_controls/04,SYNTHETIC_CONTROLLED_V1,controlled,SYNTHETIC,False,BOUNDED_REACHABILITY,addresses,T|ETH,COMPLETED,ADDRESS_EVENT_SET_NO_AMOUNT,,,,,9,ETH,[],raw_by_asset_no_cross_asset_sum,fab1d450824f30a968bc7f967360729bffa9da942ed8879330ef33085d523013,QUERY_ACCEPTED
controlled-v1/missing_information_and_boundary_controls/04,controlled-v1/missing_information_and_boundary_controls/04,SYNTHETIC_CONTROLLED_V1,controlled,SYNTHETIC,False,BOUNDED_REACHABILITY,events,seed,COMPLETED,ADDRESS_EVENT_SET_NO_AMOUNT,,,,,6,ETH,[],raw_by_asset_no_cross_asset_sum,fab1d450824f30a968bc7f967360729bffa9da942ed8879330ef33085d523013,QUERY_ACCEPTED
controlled-v1/missing_information_and_boundary_controls/04,controlled-v1/missing_information_and_boundary_controls/04,SYNTHETIC_CONTROLLED_V1,controlled,SYNTHETIC,False,BOUNDED_REACHABILITY,events,enter_missing,COMPLETED,ADDRESS_EVENT_SET_NO_AMOUNT,,,,,9,ETH,[],raw_by_asset_no_cross_asset_sum,fab1d450824f30a968bc7f967360729bffa9da942ed8879330ef33085d523013,QUERY_ACCEPTED
controlled-v1/missing_information_and_boundary_controls/04,controlled-v1/missing_information_and_boundary_controls/04,SYNTHETIC_CONTROLLED_V1,controlled,SYNTHETIC,False,BOUNDED_REACHABILITY,joint_by_asset,ETH,COMPLETED,ADDRESS_EVENT_SET_NO_AMOUNT,,,,,9,ETH,[],raw_by_asset_no_cross_asset_sum,fab1d450824f30a968bc7f967360729bffa9da942ed8879330ef33085d523013,QUERY_ACCEPTED
controlled-v1/missing_information_and_boundary_controls/04,controlled-v1/missing_information_and_boundary_controls/04,SYNTHETIC_CONTROLLED_V1,controlled,SYNTHETIC,False,POISON,addresses,T|ETH,COMPLETED,POISON_NOMINAL_RAW,,,,9,9,ETH,[],raw_by_asset_no_cross_asset_sum,fab1d450824f30a968bc7f967360729bffa9da942ed8879330ef33085d523013,QUERY_ACCEPTED
controlled-v1/missing_information_and_boundary_controls/04,controlled-v1/missing_information_and_boundary_controls/04,SYNTHETIC_CONTROLLED_V1,controlled,SYNTHETIC,False,POISON,events,seed,COMPLETED,POISON_NOMINAL_RAW,,,,6,6,ETH,[],raw_by_asset_no_cross_asset_sum,fab1d450824f30a968bc7f967360729bffa9da942ed8879330ef33085d523013,QUERY_ACCEPTED
controlled-v1/missing_information_and_boundary_controls/04,controlled-v1/missing_information_and_boundary_controls/04,SYNTHETIC_CONTROLLED_V1,controlled,SYNTHETIC,False,POISON,events,enter_missing,COMPLETED,POISON_NOMINAL_RAW,,,,9,9,ETH,[],raw_by_asset_no_cross_asset_sum,fab1d450824f30a968bc7f967360729bffa9da942ed8879330ef33085d523013,QUERY_ACCEPTED
controlled-v1/missing_information_and_boundary_controls/04,controlled-v1/missing_information_and_boundary_controls/04,SYNTHETIC_CONTROLLED_V1,controlled,SYNTHETIC,False,POISON,joint_by_asset,ETH,COMPLETED,POISON_NOMINAL_RAW,,,,9,9,ETH,[],raw_by_asset_no_cross_asset_sum,fab1d450824f30a968bc7f967360729bffa9da942ed8879330ef33085d523013,QUERY_ACCEPTED
controlled-v1/missing_information_and_boundary_controls/04,controlled-v1/missing_information_and_boundary_controls/04,SYNTHETIC_CONTROLLED_V1,controlled,SYNTHETIC,False,NO_CROSS_TARGET_COUPLING,addresses,T|ETH,COMPLETED,product_of_target_specific_copies,0,6,,,9,ETH,[],raw_by_asset_no_cross_asset_sum,fab1d450824f30a968bc7f967360729bffa9da942ed8879330ef33085d523013,QUERY_ACCEPTED
controlled-v1/missing_information_and_boundary_controls/04,controlled-v1/missing_information_and_boundary_controls/04,SYNTHETIC_CONTROLLED_V1,controlled,SYNTHETIC,False,NO_CROSS_TARGET_COUPLING,events,enter_missing,COMPLETED,product_of_target_specific_copies,0,6,,,9,ETH,[],raw_by_asset_no_cross_asset_sum,fab1d450824f30a968bc7f967360729bffa9da942ed8879330ef33085d523013,QUERY_ACCEPTED
controlled-v1/missing_information_and_boundary_controls/04,controlled-v1/missing_information_and_boundary_controls/04,SYNTHETIC_CONTROLLED_V1,controlled,SYNTHETIC,False,NO_CROSS_TARGET_COUPLING,joint_by_asset,ETH,COMPLETED,product_of_target_specific_copies,0,6,,,9,ETH,[],raw_by_asset_no_cross_asset_sum,fab1d450824f30a968bc7f967360729bffa9da942ed8879330ef33085d523013,QUERY_ACCEPTED
controlled-v1/missing_information_and_boundary_controls/04,controlled-v1/missing_information_and_boundary_controls/04,SYNTHETIC_CONTROLLED_V1,controlled,SYNTHETIC,False,NO_PROTOCOL_CONTINUATION,addresses,T|ETH,COMPLETED,feasible_interval,0,6,,,9,ETH,[],raw_by_asset_no_cross_asset_sum,fab1d450824f30a968bc7f967360729bffa9da942ed8879330ef33085d523013,QUERY_ACCEPTED
controlled-v1/missing_information_and_boundary_controls/04,controlled-v1/missing_information_and_boundary_controls/04,SYNTHETIC_CONTROLLED_V1,controlled,SYNTHETIC,False,NO_PROTOCOL_CONTINUATION,events,enter_missing,COMPLETED,feasible_interval,0,6,,,9,ETH,[],raw_by_asset_no_cross_asset_sum,fab1d450824f30a968bc7f967360729bffa9da942ed8879330ef33085d523013,QUERY_ACCEPTED
controlled-v1/missing_information_and_boundary_controls/04,controlled-v1/missing_information_and_boundary_controls/04,SYNTHETIC_CONTROLLED_V1,controlled,SYNTHETIC,False,NO_PROTOCOL_CONTINUATION,joint_by_asset,ETH,COMPLETED,feasible_interval,0,6,,,9,ETH,[],raw_by_asset_no_cross_asset_sum,fab1d450824f30a968bc7f967360729bffa9da942ed8879330ef33085d523013,QUERY_ACCEPTED
controlled-v1/missing_information_and_boundary_controls/04,controlled-v1/missing_information_and_boundary_controls/04,SYNTHETIC_CONTROLLED_V1,controlled,SYNTHETIC,False,BALANCE_INFORMATION_REMOVED,addresses,T|ETH,COMPLETED,feasible_interval,0,6,,,9,ETH,[],raw_by_asset_no_cross_asset_sum,fab1d450824f30a968bc7f967360729bffa9da942ed8879330ef33085d523013,QUERY_ACCEPTED
controlled-v1/missing_information_and_boundary_controls/04,controlled-v1/missing_information_and_boundary_controls/04,SYNTHETIC_CONTROLLED_V1,controlled,SYNTHETIC,False,BALANCE_INFORMATION_REMOVED,events,enter_missing,COMPLETED,feasible_interval,0,6,,,9,ETH,[],raw_by_asset_no_cross_asset_sum,fab1d450824f30a968bc7f967360729bffa9da942ed8879330ef33085d523013,QUERY_ACCEPTED
controlled-v1/missing_information_and_boundary_controls/04,controlled-v1/missing_information_and_boundary_controls/04,SYNTHETIC_CONTROLLED_V1,controlled,SYNTHETIC,False,BALANCE_INFORMATION_REMOVED,joint_by_asset,ETH,COMPLETED,feasible_interval,0,6,,,9,ETH,[],raw_by_asset_no_cross_asset_sum,fab1d450824f30a968bc7f967360729bffa9da942ed8879330ef33085d523013,QUERY_ACCEPTED
controlled-v1/missing_information_and_boundary_controls/04,controlled-v1/missing_information_and_boundary_controls/04,SYNTHETIC_CONTROLLED_V1,controlled,SYNTHETIC,False,FULL_INTERVAL,addresses,T|ETH,COMPLETED,feasible_interval,0,6,,,9,ETH,[],raw_by_asset_no_cross_asset_sum,fab1d450824f30a968bc7f967360729bffa9da942ed8879330ef33085d523013,QUERY_ACCEPTED
controlled-v1/missing_information_and_boundary_controls/04,controlled-v1/missing_information_and_boundary_controls/04,SYNTHETIC_CONTROLLED_V1,controlled,SYNTHETIC,False,FULL_INTERVAL,events,enter_missing,COMPLETED,feasible_interval,0,6,,,9,ETH,[],raw_by_asset_no_cross_asset_sum,fab1d450824f30a968bc7f967360729bffa9da942ed8879330ef33085d523013,QUERY_ACCEPTED
controlled-v1/missing_information_and_boundary_controls/04,controlled-v1/missing_information_and_boundary_controls/04,SYNTHETIC_CONTROLLED_V1,controlled,SYNTHETIC,False,FULL_INTERVAL,joint_by_asset,ETH,COMPLETED,feasible_interval,0,6,,,9,ETH,[],raw_by_asset_no_cross_asset_sum,fab1d450824f30a968bc7f967360729bffa9da942ed8879330ef33085d523013,QUERY_ACCEPTED
controlled-v1/missing_information_and_boundary_controls/05,controlled-v1/missing_information_and_boundary_controls/05,SYNTHETIC_CONTROLLED_V1,controlled,SYNTHETIC,False,BALANCE_INFORMATION_REMOVED,addresses,T|ETH,COMPLETED,feasible_interval,0,3,,,4,ETH,[],raw_by_asset_no_cross_asset_sum,64db208e1fa5b87f05b7628bc4f16d688383148419809ff20d91597594b1e1d4,QUERY_ACCEPTED
controlled-v1/missing_information_and_boundary_controls/05,controlled-v1/missing_information_and_boundary_controls/05,SYNTHETIC_CONTROLLED_V1,controlled,SYNTHETIC,False,BALANCE_INFORMATION_REMOVED,events,enter_missing,COMPLETED,feasible_interval,0,3,,,4,ETH,[],raw_by_asset_no_cross_asset_sum,64db208e1fa5b87f05b7628bc4f16d688383148419809ff20d91597594b1e1d4,QUERY_ACCEPTED
controlled-v1/missing_information_and_boundary_controls/05,controlled-v1/missing_information_and_boundary_controls/05,SYNTHETIC_CONTROLLED_V1,controlled,SYNTHETIC,False,BALANCE_INFORMATION_REMOVED,joint_by_asset,ETH,COMPLETED,feasible_interval,0,3,,,4,ETH,[],raw_by_asset_no_cross_asset_sum,64db208e1fa5b87f05b7628bc4f16d688383148419809ff20d91597594b1e1d4,QUERY_ACCEPTED
controlled-v1/missing_information_and_boundary_controls/05,controlled-v1/missing_information_and_boundary_controls/05,SYNTHETIC_CONTROLLED_V1,controlled,SYNTHETIC,False,FULL_INTERVAL,addresses,T|ETH,COMPLETED,feasible_interval,2,3,,,4,ETH,[],raw_by_asset_no_cross_asset_sum,64db208e1fa5b87f05b7628bc4f16d688383148419809ff20d91597594b1e1d4,QUERY_ACCEPTED
controlled-v1/missing_information_and_boundary_controls/05,controlled-v1/missing_information_and_boundary_controls/05,SYNTHETIC_CONTROLLED_V1,controlled,SYNTHETIC,False,FULL_INTERVAL,events,enter_missing,COMPLETED,feasible_interval,2,3,,,4,ETH,[],raw_by_asset_no_cross_asset_sum,64db208e1fa5b87f05b7628bc4f16d688383148419809ff20d91597594b1e1d4,QUERY_ACCEPTED
controlled-v1/missing_information_and_boundary_controls/05,controlled-v1/missing_information_and_boundary_controls/05,SYNTHETIC_CONTROLLED_V1,controlled,SYNTHETIC,False,FULL_INTERVAL,joint_by_asset,ETH,COMPLETED,feasible_interval,2,3,,,4,ETH,[],raw_by_asset_no_cross_asset_sum,64db208e1fa5b87f05b7628bc4f16d688383148419809ff20d91597594b1e1d4,QUERY_ACCEPTED
controlled-v1/missing_information_and_boundary_controls/05,controlled-v1/missing_information_and_boundary_controls/05,SYNTHETIC_CONTROLLED_V1,controlled,SYNTHETIC,False,BOUNDED_REACHABILITY,addresses,T|ETH,COMPLETED,ADDRESS_EVENT_SET_NO_AMOUNT,,,,,4,ETH,[],raw_by_asset_no_cross_asset_sum,64db208e1fa5b87f05b7628bc4f16d688383148419809ff20d91597594b1e1d4,QUERY_ACCEPTED
controlled-v1/missing_information_and_boundary_controls/05,controlled-v1/missing_information_and_boundary_controls/05,SYNTHETIC_CONTROLLED_V1,controlled,SYNTHETIC,False,BOUNDED_REACHABILITY,events,seed,COMPLETED,ADDRESS_EVENT_SET_NO_AMOUNT,,,,,3,ETH,[],raw_by_asset_no_cross_asset_sum,64db208e1fa5b87f05b7628bc4f16d688383148419809ff20d91597594b1e1d4,QUERY_ACCEPTED
controlled-v1/missing_information_and_boundary_controls/05,controlled-v1/missing_information_and_boundary_controls/05,SYNTHETIC_CONTROLLED_V1,controlled,SYNTHETIC,False,BOUNDED_REACHABILITY,events,enter_missing,COMPLETED,ADDRESS_EVENT_SET_NO_AMOUNT,,,,,4,ETH,[],raw_by_asset_no_cross_asset_sum,64db208e1fa5b87f05b7628bc4f16d688383148419809ff20d91597594b1e1d4,QUERY_ACCEPTED
controlled-v1/missing_information_and_boundary_controls/05,controlled-v1/missing_information_and_boundary_controls/05,SYNTHETIC_CONTROLLED_V1,controlled,SYNTHETIC,False,BOUNDED_REACHABILITY,joint_by_asset,ETH,COMPLETED,ADDRESS_EVENT_SET_NO_AMOUNT,,,,,4,ETH,[],raw_by_asset_no_cross_asset_sum,64db208e1fa5b87f05b7628bc4f16d688383148419809ff20d91597594b1e1d4,QUERY_ACCEPTED
controlled-v1/missing_information_and_boundary_controls/05,controlled-v1/missing_information_and_boundary_controls/05,SYNTHETIC_CONTROLLED_V1,controlled,SYNTHETIC,False,POISON,addresses,T|ETH,COMPLETED,POISON_NOMINAL_RAW,,,,4,4,ETH,[],raw_by_asset_no_cross_asset_sum,64db208e1fa5b87f05b7628bc4f16d688383148419809ff20d91597594b1e1d4,QUERY_ACCEPTED
controlled-v1/missing_information_and_boundary_controls/05,controlled-v1/missing_information_and_boundary_controls/05,SYNTHETIC_CONTROLLED_V1,controlled,SYNTHETIC,False,POISON,events,seed,COMPLETED,POISON_NOMINAL_RAW,,,,3,3,ETH,[],raw_by_asset_no_cross_asset_sum,64db208e1fa5b87f05b7628bc4f16d688383148419809ff20d91597594b1e1d4,QUERY_ACCEPTED
controlled-v1/missing_information_and_boundary_controls/05,controlled-v1/missing_information_and_boundary_controls/05,SYNTHETIC_CONTROLLED_V1,controlled,SYNTHETIC,False,POISON,events,enter_missing,COMPLETED,POISON_NOMINAL_RAW,,,,4,4,ETH,[],raw_by_asset_no_cross_asset_sum,64db208e1fa5b87f05b7628bc4f16d688383148419809ff20d91597594b1e1d4,QUERY_ACCEPTED
controlled-v1/missing_information_and_boundary_controls/05,controlled-v1/missing_information_and_boundary_controls/05,SYNTHETIC_CONTROLLED_V1,controlled,SYNTHETIC,False,POISON,joint_by_asset,ETH,COMPLETED,POISON_NOMINAL_RAW,,,,4,4,ETH,[],raw_by_asset_no_cross_asset_sum,64db208e1fa5b87f05b7628bc4f16d688383148419809ff20d91597594b1e1d4,QUERY_ACCEPTED
controlled-v1/missing_information_and_boundary_controls/05,controlled-v1/missing_information_and_boundary_controls/05,SYNTHETIC_CONTROLLED_V1,controlled,SYNTHETIC,False,NO_CROSS_TARGET_COUPLING,addresses,T|ETH,COMPLETED,product_of_target_specific_copies,2,3,,,4,ETH,[],raw_by_asset_no_cross_asset_sum,64db208e1fa5b87f05b7628bc4f16d688383148419809ff20d91597594b1e1d4,QUERY_ACCEPTED
controlled-v1/missing_information_and_boundary_controls/05,controlled-v1/missing_information_and_boundary_controls/05,SYNTHETIC_CONTROLLED_V1,controlled,SYNTHETIC,False,NO_CROSS_TARGET_COUPLING,events,enter_missing,COMPLETED,product_of_target_specific_copies,2,3,,,4,ETH,[],raw_by_asset_no_cross_asset_sum,64db208e1fa5b87f05b7628bc4f16d688383148419809ff20d91597594b1e1d4,QUERY_ACCEPTED
controlled-v1/missing_information_and_boundary_controls/05,controlled-v1/missing_information_and_boundary_controls/05,SYNTHETIC_CONTROLLED_V1,controlled,SYNTHETIC,False,NO_CROSS_TARGET_COUPLING,joint_by_asset,ETH,COMPLETED,product_of_target_specific_copies,2,3,,,4,ETH,[],raw_by_asset_no_cross_asset_sum,64db208e1fa5b87f05b7628bc4f16d688383148419809ff20d91597594b1e1d4,QUERY_ACCEPTED
controlled-v1/missing_information_and_boundary_controls/05,controlled-v1/missing_information_and_boundary_controls/05,SYNTHETIC_CONTROLLED_V1,controlled,SYNTHETIC,False,NO_PROTOCOL_CONTINUATION,addresses,T|ETH,COMPLETED,feasible_interval,2,3,,,4,ETH,[],raw_by_asset_no_cross_asset_sum,64db208e1fa5b87f05b7628bc4f16d688383148419809ff20d91597594b1e1d4,QUERY_ACCEPTED
controlled-v1/missing_information_and_boundary_controls/05,controlled-v1/missing_information_and_boundary_controls/05,SYNTHETIC_CONTROLLED_V1,controlled,SYNTHETIC,False,NO_PROTOCOL_CONTINUATION,events,enter_missing,COMPLETED,feasible_interval,2,3,,,4,ETH,[],raw_by_asset_no_cross_asset_sum,64db208e1fa5b87f05b7628bc4f16d688383148419809ff20d91597594b1e1d4,QUERY_ACCEPTED
controlled-v1/missing_information_and_boundary_controls/05,controlled-v1/missing_information_and_boundary_controls/05,SYNTHETIC_CONTROLLED_V1,controlled,SYNTHETIC,False,NO_PROTOCOL_CONTINUATION,joint_by_asset,ETH,COMPLETED,feasible_interval,2,3,,,4,ETH,[],raw_by_asset_no_cross_asset_sum,64db208e1fa5b87f05b7628bc4f16d688383148419809ff20d91597594b1e1d4,QUERY_ACCEPTED
controlled-v1/missing_information_and_boundary_controls/06,controlled-v1/missing_information_and_boundary_controls/06,SYNTHETIC_CONTROLLED_V1,controlled,SYNTHETIC,False,NO_CROSS_TARGET_COUPLING,addresses,T|ETH,COMPLETED,product_of_target_specific_copies,0,5,,,11,ETH,[],raw_by_asset_no_cross_asset_sum,ab79c3860a29e17fd43a3fb8b6bb778da686bd59df6e03b9c9277ba7ca3d546f,QUERY_ACCEPTED
controlled-v1/missing_information_and_boundary_controls/06,controlled-v1/missing_information_and_boundary_controls/06,SYNTHETIC_CONTROLLED_V1,controlled,SYNTHETIC,False,NO_CROSS_TARGET_COUPLING,events,enter_missing,COMPLETED,product_of_target_specific_copies,0,5,,,11,ETH,[],raw_by_asset_no_cross_asset_sum,ab79c3860a29e17fd43a3fb8b6bb778da686bd59df6e03b9c9277ba7ca3d546f,QUERY_ACCEPTED
controlled-v1/missing_information_and_boundary_controls/06,controlled-v1/missing_information_and_boundary_controls/06,SYNTHETIC_CONTROLLED_V1,controlled,SYNTHETIC,False,NO_CROSS_TARGET_COUPLING,joint_by_asset,ETH,COMPLETED,product_of_target_specific_copies,0,5,,,11,ETH,[],raw_by_asset_no_cross_asset_sum,ab79c3860a29e17fd43a3fb8b6bb778da686bd59df6e03b9c9277ba7ca3d546f,QUERY_ACCEPTED
controlled-v1/missing_information_and_boundary_controls/06,controlled-v1/missing_information_and_boundary_controls/06,SYNTHETIC_CONTROLLED_V1,controlled,SYNTHETIC,False,NO_PROTOCOL_CONTINUATION,addresses,T|ETH,COMPLETED,feasible_interval,0,5,,,11,ETH,[],raw_by_asset_no_cross_asset_sum,ab79c3860a29e17fd43a3fb8b6bb778da686bd59df6e03b9c9277ba7ca3d546f,QUERY_ACCEPTED
controlled-v1/missing_information_and_boundary_controls/06,controlled-v1/missing_information_and_boundary_controls/06,SYNTHETIC_CONTROLLED_V1,controlled,SYNTHETIC,False,NO_PROTOCOL_CONTINUATION,events,enter_missing,COMPLETED,feasible_interval,0,5,,,11,ETH,[],raw_by_asset_no_cross_asset_sum,ab79c3860a29e17fd43a3fb8b6bb778da686bd59df6e03b9c9277ba7ca3d546f,QUERY_ACCEPTED
controlled-v1/missing_information_and_boundary_controls/06,controlled-v1/missing_information_and_boundary_controls/06,SYNTHETIC_CONTROLLED_V1,controlled,SYNTHETIC,False,NO_PROTOCOL_CONTINUATION,joint_by_asset,ETH,COMPLETED,feasible_interval,0,5,,,11,ETH,[],raw_by_asset_no_cross_asset_sum,ab79c3860a29e17fd43a3fb8b6bb778da686bd59df6e03b9c9277ba7ca3d546f,QUERY_ACCEPTED
controlled-v1/missing_information_and_boundary_controls/06,controlled-v1/missing_information_and_boundary_controls/06,SYNTHETIC_CONTROLLED_V1,controlled,SYNTHETIC,False,BALANCE_INFORMATION_REMOVED,addresses,T|ETH,COMPLETED,feasible_interval,0,5,,,11,ETH,[],raw_by_asset_no_cross_asset_sum,ab79c3860a29e17fd43a3fb8b6bb778da686bd59df6e03b9c9277ba7ca3d546f,QUERY_ACCEPTED
controlled-v1/missing_information_and_boundary_controls/06,controlled-v1/missing_information_and_boundary_controls/06,SYNTHETIC_CONTROLLED_V1,controlled,SYNTHETIC,False,BALANCE_INFORMATION_REMOVED,events,enter_missing,COMPLETED,feasible_interval,0,5,,,11,ETH,[],raw_by_asset_no_cross_asset_sum,ab79c3860a29e17fd43a3fb8b6bb778da686bd59df6e03b9c9277ba7ca3d546f,QUERY_ACCEPTED
controlled-v1/missing_information_and_boundary_controls/06,controlled-v1/missing_information_and_boundary_controls/06,SYNTHETIC_CONTROLLED_V1,controlled,SYNTHETIC,False,BALANCE_INFORMATION_REMOVED,joint_by_asset,ETH,COMPLETED,feasible_interval,0,5,,,11,ETH,[],raw_by_asset_no_cross_asset_sum,ab79c3860a29e17fd43a3fb8b6bb778da686bd59df6e03b9c9277ba7ca3d546f,QUERY_ACCEPTED
controlled-v1/missing_information_and_boundary_controls/06,controlled-v1/missing_information_and_boundary_controls/06,SYNTHETIC_CONTROLLED_V1,controlled,SYNTHETIC,False,FULL_INTERVAL,addresses,T|ETH,COMPLETED,feasible_interval,0,5,,,11,ETH,[],raw_by_asset_no_cross_asset_sum,ab79c3860a29e17fd43a3fb8b6bb778da686bd59df6e03b9c9277ba7ca3d546f,QUERY_ACCEPTED
controlled-v1/missing_information_and_boundary_controls/06,controlled-v1/missing_information_and_boundary_controls/06,SYNTHETIC_CONTROLLED_V1,controlled,SYNTHETIC,False,FULL_INTERVAL,events,enter_missing,COMPLETED,feasible_interval,0,5,,,11,ETH,[],raw_by_asset_no_cross_asset_sum,ab79c3860a29e17fd43a3fb8b6bb778da686bd59df6e03b9c9277ba7ca3d546f,QUERY_ACCEPTED
controlled-v1/missing_information_and_boundary_controls/06,controlled-v1/missing_information_and_boundary_controls/06,SYNTHETIC_CONTROLLED_V1,controlled,SYNTHETIC,False,FULL_INTERVAL,joint_by_asset,ETH,COMPLETED,feasible_interval,0,5,,,11,ETH,[],raw_by_asset_no_cross_asset_sum,ab79c3860a29e17fd43a3fb8b6bb778da686bd59df6e03b9c9277ba7ca3d546f,QUERY_ACCEPTED
controlled-v1/missing_information_and_boundary_controls/06,controlled-v1/missing_information_and_boundary_controls/06,SYNTHETIC_CONTROLLED_V1,controlled,SYNTHETIC,False,BOUNDED_REACHABILITY,addresses,T|ETH,COMPLETED,ADDRESS_EVENT_SET_NO_AMOUNT,,,,,11,ETH,[],raw_by_asset_no_cross_asset_sum,ab79c3860a29e17fd43a3fb8b6bb778da686bd59df6e03b9c9277ba7ca3d546f,QUERY_ACCEPTED
controlled-v1/missing_information_and_boundary_controls/06,controlled-v1/missing_information_and_boundary_controls/06,SYNTHETIC_CONTROLLED_V1,controlled,SYNTHETIC,False,BOUNDED_REACHABILITY,events,seed,COMPLETED,ADDRESS_EVENT_SET_NO_AMOUNT,,,,,5,ETH,[],raw_by_asset_no_cross_asset_sum,ab79c3860a29e17fd43a3fb8b6bb778da686bd59df6e03b9c9277ba7ca3d546f,QUERY_ACCEPTED
controlled-v1/missing_information_and_boundary_controls/06,controlled-v1/missing_information_and_boundary_controls/06,SYNTHETIC_CONTROLLED_V1,controlled,SYNTHETIC,False,BOUNDED_REACHABILITY,events,enter_missing,COMPLETED,ADDRESS_EVENT_SET_NO_AMOUNT,,,,,11,ETH,[],raw_by_asset_no_cross_asset_sum,ab79c3860a29e17fd43a3fb8b6bb778da686bd59df6e03b9c9277ba7ca3d546f,QUERY_ACCEPTED
controlled-v1/missing_information_and_boundary_controls/06,controlled-v1/missing_information_and_boundary_controls/06,SYNTHETIC_CONTROLLED_V1,controlled,SYNTHETIC,False,BOUNDED_REACHABILITY,joint_by_asset,ETH,COMPLETED,ADDRESS_EVENT_SET_NO_AMOUNT,,,,,11,ETH,[],raw_by_asset_no_cross_asset_sum,ab79c3860a29e17fd43a3fb8b6bb778da686bd59df6e03b9c9277ba7ca3d546f,QUERY_ACCEPTED
controlled-v1/missing_information_and_boundary_controls/06,controlled-v1/missing_information_and_boundary_controls/06,SYNTHETIC_CONTROLLED_V1,controlled,SYNTHETIC,False,POISON,addresses,T|ETH,COMPLETED,POISON_NOMINAL_RAW,,,,11,11,ETH,[],raw_by_asset_no_cross_asset_sum,ab79c3860a29e17fd43a3fb8b6bb778da686bd59df6e03b9c9277ba7ca3d546f,QUERY_ACCEPTED
controlled-v1/missing_information_and_boundary_controls/06,controlled-v1/missing_information_and_boundary_controls/06,SYNTHETIC_CONTROLLED_V1,controlled,SYNTHETIC,False,POISON,events,seed,COMPLETED,POISON_NOMINAL_RAW,,,,5,5,ETH,[],raw_by_asset_no_cross_asset_sum,ab79c3860a29e17fd43a3fb8b6bb778da686bd59df6e03b9c9277ba7ca3d546f,QUERY_ACCEPTED
controlled-v1/missing_information_and_boundary_controls/06,controlled-v1/missing_information_and_boundary_controls/06,SYNTHETIC_CONTROLLED_V1,controlled,SYNTHETIC,False,POISON,events,enter_missing,COMPLETED,POISON_NOMINAL_RAW,,,,11,11,ETH,[],raw_by_asset_no_cross_asset_sum,ab79c3860a29e17fd43a3fb8b6bb778da686bd59df6e03b9c9277ba7ca3d546f,QUERY_ACCEPTED
controlled-v1/missing_information_and_boundary_controls/06,controlled-v1/missing_information_and_boundary_controls/06,SYNTHETIC_CONTROLLED_V1,controlled,SYNTHETIC,False,POISON,joint_by_asset,ETH,COMPLETED,POISON_NOMINAL_RAW,,,,11,11,ETH,[],raw_by_asset_no_cross_asset_sum,ab79c3860a29e17fd43a3fb8b6bb778da686bd59df6e03b9c9277ba7ca3d546f,QUERY_ACCEPTED
controlled-v1/missing_information_and_boundary_controls/07,controlled-v1/missing_information_and_boundary_controls/07,SYNTHETIC_CONTROLLED_V1,controlled,SYNTHETIC,False,NO_CROSS_TARGET_COUPLING,addresses,T|ETH,COMPLETED,product_of_target_specific_copies,2,3,,,7,ETH,[],raw_by_asset_no_cross_asset_sum,cd1aa1ad30a3cd9d745f02904854c8102ed5c17e8caf033d701d94f5a7a5b50c,QUERY_ACCEPTED
controlled-v1/missing_information_and_boundary_controls/07,controlled-v1/missing_information_and_boundary_controls/07,SYNTHETIC_CONTROLLED_V1,controlled,SYNTHETIC,False,NO_CROSS_TARGET_COUPLING,events,enter_missing,COMPLETED,product_of_target_specific_copies,2,3,,,7,ETH,[],raw_by_asset_no_cross_asset_sum,cd1aa1ad30a3cd9d745f02904854c8102ed5c17e8caf033d701d94f5a7a5b50c,QUERY_ACCEPTED
controlled-v1/missing_information_and_boundary_controls/07,controlled-v1/missing_information_and_boundary_controls/07,SYNTHETIC_CONTROLLED_V1,controlled,SYNTHETIC,False,NO_CROSS_TARGET_COUPLING,joint_by_asset,ETH,COMPLETED,product_of_target_specific_copies,2,3,,,7,ETH,[],raw_by_asset_no_cross_asset_sum,cd1aa1ad30a3cd9d745f02904854c8102ed5c17e8caf033d701d94f5a7a5b50c,QUERY_ACCEPTED
controlled-v1/missing_information_and_boundary_controls/07,controlled-v1/missing_information_and_boundary_controls/07,SYNTHETIC_CONTROLLED_V1,controlled,SYNTHETIC,False,NO_PROTOCOL_CONTINUATION,addresses,T|ETH,COMPLETED,feasible_interval,2,3,,,7,ETH,[],raw_by_asset_no_cross_asset_sum,cd1aa1ad30a3cd9d745f02904854c8102ed5c17e8caf033d701d94f5a7a5b50c,QUERY_ACCEPTED
controlled-v1/missing_information_and_boundary_controls/07,controlled-v1/missing_information_and_boundary_controls/07,SYNTHETIC_CONTROLLED_V1,controlled,SYNTHETIC,False,NO_PROTOCOL_CONTINUATION,events,enter_missing,COMPLETED,feasible_interval,2,3,,,7,ETH,[],raw_by_asset_no_cross_asset_sum,cd1aa1ad30a3cd9d745f02904854c8102ed5c17e8caf033d701d94f5a7a5b50c,QUERY_ACCEPTED
controlled-v1/missing_information_and_boundary_controls/07,controlled-v1/missing_information_and_boundary_controls/07,SYNTHETIC_CONTROLLED_V1,controlled,SYNTHETIC,False,NO_PROTOCOL_CONTINUATION,joint_by_asset,ETH,COMPLETED,feasible_interval,2,3,,,7,ETH,[],raw_by_asset_no_cross_asset_sum,cd1aa1ad30a3cd9d745f02904854c8102ed5c17e8caf033d701d94f5a7a5b50c,QUERY_ACCEPTED
controlled-v1/missing_information_and_boundary_controls/07,controlled-v1/missing_information_and_boundary_controls/07,SYNTHETIC_CONTROLLED_V1,controlled,SYNTHETIC,False,BALANCE_INFORMATION_REMOVED,addresses,T|ETH,COMPLETED,feasible_interval,0,3,,,7,ETH,[],raw_by_asset_no_cross_asset_sum,cd1aa1ad30a3cd9d745f02904854c8102ed5c17e8caf033d701d94f5a7a5b50c,QUERY_ACCEPTED
controlled-v1/missing_information_and_boundary_controls/07,controlled-v1/missing_information_and_boundary_controls/07,SYNTHETIC_CONTROLLED_V1,controlled,SYNTHETIC,False,BALANCE_INFORMATION_REMOVED,events,enter_missing,COMPLETED,feasible_interval,0,3,,,7,ETH,[],raw_by_asset_no_cross_asset_sum,cd1aa1ad30a3cd9d745f02904854c8102ed5c17e8caf033d701d94f5a7a5b50c,QUERY_ACCEPTED
controlled-v1/missing_information_and_boundary_controls/07,controlled-v1/missing_information_and_boundary_controls/07,SYNTHETIC_CONTROLLED_V1,controlled,SYNTHETIC,False,BALANCE_INFORMATION_REMOVED,joint_by_asset,ETH,COMPLETED,feasible_interval,0,3,,,7,ETH,[],raw_by_asset_no_cross_asset_sum,cd1aa1ad30a3cd9d745f02904854c8102ed5c17e8caf033d701d94f5a7a5b50c,QUERY_ACCEPTED
controlled-v1/missing_information_and_boundary_controls/07,controlled-v1/missing_information_and_boundary_controls/07,SYNTHETIC_CONTROLLED_V1,controlled,SYNTHETIC,False,FULL_INTERVAL,addresses,T|ETH,COMPLETED,feasible_interval,2,3,,,7,ETH,[],raw_by_asset_no_cross_asset_sum,cd1aa1ad30a3cd9d745f02904854c8102ed5c17e8caf033d701d94f5a7a5b50c,QUERY_ACCEPTED
controlled-v1/missing_information_and_boundary_controls/07,controlled-v1/missing_information_and_boundary_controls/07,SYNTHETIC_CONTROLLED_V1,controlled,SYNTHETIC,False,FULL_INTERVAL,events,enter_missing,COMPLETED,feasible_interval,2,3,,,7,ETH,[],raw_by_asset_no_cross_asset_sum,cd1aa1ad30a3cd9d745f02904854c8102ed5c17e8caf033d701d94f5a7a5b50c,QUERY_ACCEPTED
controlled-v1/missing_information_and_boundary_controls/07,controlled-v1/missing_information_and_boundary_controls/07,SYNTHETIC_CONTROLLED_V1,controlled,SYNTHETIC,False,FULL_INTERVAL,joint_by_asset,ETH,COMPLETED,feasible_interval,2,3,,,7,ETH,[],raw_by_asset_no_cross_asset_sum,cd1aa1ad30a3cd9d745f02904854c8102ed5c17e8caf033d701d94f5a7a5b50c,QUERY_ACCEPTED
controlled-v1/missing_information_and_boundary_controls/07,controlled-v1/missing_information_and_boundary_controls/07,SYNTHETIC_CONTROLLED_V1,controlled,SYNTHETIC,False,BOUNDED_REACHABILITY,addresses,T|ETH,COMPLETED,ADDRESS_EVENT_SET_NO_AMOUNT,,,,,7,ETH,[],raw_by_asset_no_cross_asset_sum,cd1aa1ad30a3cd9d745f02904854c8102ed5c17e8caf033d701d94f5a7a5b50c,QUERY_ACCEPTED
controlled-v1/missing_information_and_boundary_controls/07,controlled-v1/missing_information_and_boundary_controls/07,SYNTHETIC_CONTROLLED_V1,controlled,SYNTHETIC,False,BOUNDED_REACHABILITY,events,seed,COMPLETED,ADDRESS_EVENT_SET_NO_AMOUNT,,,,,3,ETH,[],raw_by_asset_no_cross_asset_sum,cd1aa1ad30a3cd9d745f02904854c8102ed5c17e8caf033d701d94f5a7a5b50c,QUERY_ACCEPTED
controlled-v1/missing_information_and_boundary_controls/07,controlled-v1/missing_information_and_boundary_controls/07,SYNTHETIC_CONTROLLED_V1,controlled,SYNTHETIC,False,BOUNDED_REACHABILITY,events,enter_missing,COMPLETED,ADDRESS_EVENT_SET_NO_AMOUNT,,,,,7,ETH,[],raw_by_asset_no_cross_asset_sum,cd1aa1ad30a3cd9d745f02904854c8102ed5c17e8caf033d701d94f5a7a5b50c,QUERY_ACCEPTED
controlled-v1/missing_information_and_boundary_controls/07,controlled-v1/missing_information_and_boundary_controls/07,SYNTHETIC_CONTROLLED_V1,controlled,SYNTHETIC,False,BOUNDED_REACHABILITY,joint_by_asset,ETH,COMPLETED,ADDRESS_EVENT_SET_NO_AMOUNT,,,,,7,ETH,[],raw_by_asset_no_cross_asset_sum,cd1aa1ad30a3cd9d745f02904854c8102ed5c17e8caf033d701d94f5a7a5b50c,QUERY_ACCEPTED
controlled-v1/missing_information_and_boundary_controls/07,controlled-v1/missing_information_and_boundary_controls/07,SYNTHETIC_CONTROLLED_V1,controlled,SYNTHETIC,False,POISON,addresses,T|ETH,COMPLETED,POISON_NOMINAL_RAW,,,,7,7,ETH,[],raw_by_asset_no_cross_asset_sum,cd1aa1ad30a3cd9d745f02904854c8102ed5c17e8caf033d701d94f5a7a5b50c,QUERY_ACCEPTED
controlled-v1/missing_information_and_boundary_controls/07,controlled-v1/missing_information_and_boundary_controls/07,SYNTHETIC_CONTROLLED_V1,controlled,SYNTHETIC,False,POISON,events,seed,COMPLETED,POISON_NOMINAL_RAW,,,,3,3,ETH,[],raw_by_asset_no_cross_asset_sum,cd1aa1ad30a3cd9d745f02904854c8102ed5c17e8caf033d701d94f5a7a5b50c,QUERY_ACCEPTED
controlled-v1/missing_information_and_boundary_controls/07,controlled-v1/missing_information_and_boundary_controls/07,SYNTHETIC_CONTROLLED_V1,controlled,SYNTHETIC,False,POISON,events,enter_missing,COMPLETED,POISON_NOMINAL_RAW,,,,7,7,ETH,[],raw_by_asset_no_cross_asset_sum,cd1aa1ad30a3cd9d745f02904854c8102ed5c17e8caf033d701d94f5a7a5b50c,QUERY_ACCEPTED
controlled-v1/missing_information_and_boundary_controls/07,controlled-v1/missing_information_and_boundary_controls/07,SYNTHETIC_CONTROLLED_V1,controlled,SYNTHETIC,False,POISON,joint_by_asset,ETH,COMPLETED,POISON_NOMINAL_RAW,,,,7,7,ETH,[],raw_by_asset_no_cross_asset_sum,cd1aa1ad30a3cd9d745f02904854c8102ed5c17e8caf033d701d94f5a7a5b50c,QUERY_ACCEPTED
controlled-v1/missing_information_and_boundary_controls/08,controlled-v1/missing_information_and_boundary_controls/08,SYNTHETIC_CONTROLLED_V1,controlled,SYNTHETIC,False,BOUNDED_REACHABILITY,addresses,T|ETH,COMPLETED,ADDRESS_EVENT_SET_NO_AMOUNT,,,,,7,ETH,[],raw_by_asset_no_cross_asset_sum,caa2027f1f10ac8ff48c523a0b75b6b51f43fdae167730dd1bcd9632df9ef50b,QUERY_ACCEPTED
controlled-v1/missing_information_and_boundary_controls/08,controlled-v1/missing_information_and_boundary_controls/08,SYNTHETIC_CONTROLLED_V1,controlled,SYNTHETIC,False,BOUNDED_REACHABILITY,events,seed,COMPLETED,ADDRESS_EVENT_SET_NO_AMOUNT,,,,,5,ETH,[],raw_by_asset_no_cross_asset_sum,caa2027f1f10ac8ff48c523a0b75b6b51f43fdae167730dd1bcd9632df9ef50b,QUERY_ACCEPTED
controlled-v1/missing_information_and_boundary_controls/08,controlled-v1/missing_information_and_boundary_controls/08,SYNTHETIC_CONTROLLED_V1,controlled,SYNTHETIC,False,BOUNDED_REACHABILITY,events,to_outside,COMPLETED,ADDRESS_EVENT_SET_NO_AMOUNT,,,,,5,ETH,[],raw_by_asset_no_cross_asset_sum,caa2027f1f10ac8ff48c523a0b75b6b51f43fdae167730dd1bcd9632df9ef50b,QUERY_ACCEPTED
controlled-v1/missing_information_and_boundary_controls/08,controlled-v1/missing_information_and_boundary_controls/08,SYNTHETIC_CONTROLLED_V1,controlled,SYNTHETIC,False,BOUNDED_REACHABILITY,events,unknown_return,COMPLETED,ADDRESS_EVENT_SET_NO_AMOUNT,,,,,5,ETH,[],raw_by_asset_no_cross_asset_sum,caa2027f1f10ac8ff48c523a0b75b6b51f43fdae167730dd1bcd9632df9ef50b,QUERY_ACCEPTED
controlled-v1/missing_information_and_boundary_controls/08,controlled-v1/missing_information_and_boundary_controls/08,SYNTHETIC_CONTROLLED_V1,controlled,SYNTHETIC,False,BOUNDED_REACHABILITY,events,enter_missing,COMPLETED,ADDRESS_EVENT_SET_NO_AMOUNT,,,,,7,ETH,[],raw_by_asset_no_cross_asset_sum,caa2027f1f10ac8ff48c523a0b75b6b51f43fdae167730dd1bcd9632df9ef50b,QUERY_ACCEPTED
controlled-v1/missing_information_and_boundary_controls/08,controlled-v1/missing_information_and_boundary_controls/08,SYNTHETIC_CONTROLLED_V1,controlled,SYNTHETIC,False,BOUNDED_REACHABILITY,joint_by_asset,ETH,COMPLETED,ADDRESS_EVENT_SET_NO_AMOUNT,,,,,7,ETH,[],raw_by_asset_no_cross_asset_sum,caa2027f1f10ac8ff48c523a0b75b6b51f43fdae167730dd1bcd9632df9ef50b,QUERY_ACCEPTED
controlled-v1/missing_information_and_boundary_controls/08,controlled-v1/missing_information_and_boundary_controls/08,SYNTHETIC_CONTROLLED_V1,controlled,SYNTHETIC,False,POISON,addresses,T|ETH,COMPLETED,POISON_NOMINAL_RAW,,,,7,7,ETH,[],raw_by_asset_no_cross_asset_sum,caa2027f1f10ac8ff48c523a0b75b6b51f43fdae167730dd1bcd9632df9ef50b,QUERY_ACCEPTED
controlled-v1/missing_information_and_boundary_controls/08,controlled-v1/missing_information_and_boundary_controls/08,SYNTHETIC_CONTROLLED_V1,controlled,SYNTHETIC,False,POISON,events,seed,COMPLETED,POISON_NOMINAL_RAW,,,,5,5,ETH,[],raw_by_asset_no_cross_asset_sum,caa2027f1f10ac8ff48c523a0b75b6b51f43fdae167730dd1bcd9632df9ef50b,QUERY_ACCEPTED
controlled-v1/missing_information_and_boundary_controls/08,controlled-v1/missing_information_and_boundary_controls/08,SYNTHETIC_CONTROLLED_V1,controlled,SYNTHETIC,False,POISON,events,to_outside,COMPLETED,POISON_NOMINAL_RAW,,,,5,5,ETH,[],raw_by_asset_no_cross_asset_sum,caa2027f1f10ac8ff48c523a0b75b6b51f43fdae167730dd1bcd9632df9ef50b,QUERY_ACCEPTED
controlled-v1/missing_information_and_boundary_controls/08,controlled-v1/missing_information_and_boundary_controls/08,SYNTHETIC_CONTROLLED_V1,controlled,SYNTHETIC,False,POISON,events,unknown_return,COMPLETED,POISON_NOMINAL_RAW,,,,5,5,ETH,[],raw_by_asset_no_cross_asset_sum,caa2027f1f10ac8ff48c523a0b75b6b51f43fdae167730dd1bcd9632df9ef50b,QUERY_ACCEPTED
controlled-v1/missing_information_and_boundary_controls/08,controlled-v1/missing_information_and_boundary_controls/08,SYNTHETIC_CONTROLLED_V1,controlled,SYNTHETIC,False,POISON,events,enter_missing,COMPLETED,POISON_NOMINAL_RAW,,,,7,7,ETH,[],raw_by_asset_no_cross_asset_sum,caa2027f1f10ac8ff48c523a0b75b6b51f43fdae167730dd1bcd9632df9ef50b,QUERY_ACCEPTED
controlled-v1/missing_information_and_boundary_controls/08,controlled-v1/missing_information_and_boundary_controls/08,SYNTHETIC_CONTROLLED_V1,controlled,SYNTHETIC,False,POISON,joint_by_asset,ETH,COMPLETED,POISON_NOMINAL_RAW,,,,7,7,ETH,[],raw_by_asset_no_cross_asset_sum,caa2027f1f10ac8ff48c523a0b75b6b51f43fdae167730dd1bcd9632df9ef50b,QUERY_ACCEPTED
controlled-v1/missing_information_and_boundary_controls/08,controlled-v1/missing_information_and_boundary_controls/08,SYNTHETIC_CONTROLLED_V1,controlled,SYNTHETIC,False,NO_CROSS_TARGET_COUPLING,addresses,T|ETH,COMPLETED,product_of_target_specific_copies,0,5,,,7,ETH,[],raw_by_asset_no_cross_asset_sum,caa2027f1f10ac8ff48c523a0b75b6b51f43fdae167730dd1bcd9632df9ef50b,QUERY_ACCEPTED
controlled-v1/missing_information_and_boundary_controls/08,controlled-v1/missing_information_and_boundary_controls/08,SYNTHETIC_CONTROLLED_V1,controlled,SYNTHETIC,False,NO_CROSS_TARGET_COUPLING,events,enter_missing,COMPLETED,product_of_target_specific_copies,0,5,,,7,ETH,[],raw_by_asset_no_cross_asset_sum,caa2027f1f10ac8ff48c523a0b75b6b51f43fdae167730dd1bcd9632df9ef50b,QUERY_ACCEPTED
controlled-v1/missing_information_and_boundary_controls/08,controlled-v1/missing_information_and_boundary_controls/08,SYNTHETIC_CONTROLLED_V1,controlled,SYNTHETIC,False,NO_CROSS_TARGET_COUPLING,joint_by_asset,ETH,COMPLETED,product_of_target_specific_copies,0,5,,,7,ETH,[],raw_by_asset_no_cross_asset_sum,caa2027f1f10ac8ff48c523a0b75b6b51f43fdae167730dd1bcd9632df9ef50b,QUERY_ACCEPTED
controlled-v1/missing_information_and_boundary_controls/08,controlled-v1/missing_information_and_boundary_controls/08,SYNTHETIC_CONTROLLED_V1,controlled,SYNTHETIC,False,NO_PROTOCOL_CONTINUATION,addresses,T|ETH,COMPLETED,feasible_interval,0,5,,,7,ETH,[],raw_by_asset_no_cross_asset_sum,caa2027f1f10ac8ff48c523a0b75b6b51f43fdae167730dd1bcd9632df9ef50b,QUERY_ACCEPTED
controlled-v1/missing_information_and_boundary_controls/08,controlled-v1/missing_information_and_boundary_controls/08,SYNTHETIC_CONTROLLED_V1,controlled,SYNTHETIC,False,NO_PROTOCOL_CONTINUATION,events,enter_missing,COMPLETED,feasible_interval,0,5,,,7,ETH,[],raw_by_asset_no_cross_asset_sum,caa2027f1f10ac8ff48c523a0b75b6b51f43fdae167730dd1bcd9632df9ef50b,QUERY_ACCEPTED
controlled-v1/missing_information_and_boundary_controls/08,controlled-v1/missing_information_and_boundary_controls/08,SYNTHETIC_CONTROLLED_V1,controlled,SYNTHETIC,False,NO_PROTOCOL_CONTINUATION,joint_by_asset,ETH,COMPLETED,feasible_interval,0,5,,,7,ETH,[],raw_by_asset_no_cross_asset_sum,caa2027f1f10ac8ff48c523a0b75b6b51f43fdae167730dd1bcd9632df9ef50b,QUERY_ACCEPTED
controlled-v1/missing_information_and_boundary_controls/08,controlled-v1/missing_information_and_boundary_controls/08,SYNTHETIC_CONTROLLED_V1,controlled,SYNTHETIC,False,BALANCE_INFORMATION_REMOVED,addresses,T|ETH,COMPLETED,feasible_interval,0,5,,,7,ETH,[],raw_by_asset_no_cross_asset_sum,caa2027f1f10ac8ff48c523a0b75b6b51f43fdae167730dd1bcd9632df9ef50b,QUERY_ACCEPTED
controlled-v1/missing_information_and_boundary_controls/08,controlled-v1/missing_information_and_boundary_controls/08,SYNTHETIC_CONTROLLED_V1,controlled,SYNTHETIC,False,BALANCE_INFORMATION_REMOVED,events,enter_missing,COMPLETED,feasible_interval,0,5,,,7,ETH,[],raw_by_asset_no_cross_asset_sum,caa2027f1f10ac8ff48c523a0b75b6b51f43fdae167730dd1bcd9632df9ef50b,QUERY_ACCEPTED
controlled-v1/missing_information_and_boundary_controls/08,controlled-v1/missing_information_and_boundary_controls/08,SYNTHETIC_CONTROLLED_V1,controlled,SYNTHETIC,False,BALANCE_INFORMATION_REMOVED,joint_by_asset,ETH,COMPLETED,feasible_interval,0,5,,,7,ETH,[],raw_by_asset_no_cross_asset_sum,caa2027f1f10ac8ff48c523a0b75b6b51f43fdae167730dd1bcd9632df9ef50b,QUERY_ACCEPTED
controlled-v1/missing_information_and_boundary_controls/08,controlled-v1/missing_information_and_boundary_controls/08,SYNTHETIC_CONTROLLED_V1,controlled,SYNTHETIC,False,FULL_INTERVAL,addresses,T|ETH,COMPLETED,feasible_interval,0,5,,,7,ETH,[],raw_by_asset_no_cross_asset_sum,caa2027f1f10ac8ff48c523a0b75b6b51f43fdae167730dd1bcd9632df9ef50b,QUERY_ACCEPTED
controlled-v1/missing_information_and_boundary_controls/08,controlled-v1/missing_information_and_boundary_controls/08,SYNTHETIC_CONTROLLED_V1,controlled,SYNTHETIC,False,FULL_INTERVAL,events,enter_missing,COMPLETED,feasible_interval,0,5,,,7,ETH,[],raw_by_asset_no_cross_asset_sum,caa2027f1f10ac8ff48c523a0b75b6b51f43fdae167730dd1bcd9632df9ef50b,QUERY_ACCEPTED
controlled-v1/missing_information_and_boundary_controls/08,controlled-v1/missing_information_and_boundary_controls/08,SYNTHETIC_CONTROLLED_V1,controlled,SYNTHETIC,False,FULL_INTERVAL,joint_by_asset,ETH,COMPLETED,feasible_interval,0,5,,,7,ETH,[],raw_by_asset_no_cross_asset_sum,caa2027f1f10ac8ff48c523a0b75b6b51f43fdae167730dd1bcd9632df9ef50b,QUERY_ACCEPTED
controlled-v1/missing_information_and_boundary_controls/09,controlled-v1/missing_information_and_boundary_controls/09,SYNTHETIC_CONTROLLED_V1,controlled,SYNTHETIC,False,POISON,addresses,T|ETH,COMPLETED,POISON_NOMINAL_RAW,,,,10,10,ETH,[],raw_by_asset_no_cross_asset_sum,1264377f8f5d06320bff02964d686c2d9bd9c33f1c9fff549c8acec7d475bedf,QUERY_ACCEPTED
controlled-v1/missing_information_and_boundary_controls/09,controlled-v1/missing_information_and_boundary_controls/09,SYNTHETIC_CONTROLLED_V1,controlled,SYNTHETIC,False,POISON,events,seed,COMPLETED,POISON_NOMINAL_RAW,,,,7,7,ETH,[],raw_by_asset_no_cross_asset_sum,1264377f8f5d06320bff02964d686c2d9bd9c33f1c9fff549c8acec7d475bedf,QUERY_ACCEPTED
controlled-v1/missing_information_and_boundary_controls/09,controlled-v1/missing_information_and_boundary_controls/09,SYNTHETIC_CONTROLLED_V1,controlled,SYNTHETIC,False,POISON,events,to_outside,COMPLETED,POISON_NOMINAL_RAW,,,,7,7,ETH,[],raw_by_asset_no_cross_asset_sum,1264377f8f5d06320bff02964d686c2d9bd9c33f1c9fff549c8acec7d475bedf,QUERY_ACCEPTED
controlled-v1/missing_information_and_boundary_controls/09,controlled-v1/missing_information_and_boundary_controls/09,SYNTHETIC_CONTROLLED_V1,controlled,SYNTHETIC,False,POISON,events,unknown_return,COMPLETED,POISON_NOMINAL_RAW,,,,7,7,ETH,[],raw_by_asset_no_cross_asset_sum,1264377f8f5d06320bff02964d686c2d9bd9c33f1c9fff549c8acec7d475bedf,QUERY_ACCEPTED
controlled-v1/missing_information_and_boundary_controls/09,controlled-v1/missing_information_and_boundary_controls/09,SYNTHETIC_CONTROLLED_V1,controlled,SYNTHETIC,False,POISON,events,enter_missing,COMPLETED,POISON_NOMINAL_RAW,,,,10,10,ETH,[],raw_by_asset_no_cross_asset_sum,1264377f8f5d06320bff02964d686c2d9bd9c33f1c9fff549c8acec7d475bedf,QUERY_ACCEPTED
controlled-v1/missing_information_and_boundary_controls/09,controlled-v1/missing_information_and_boundary_controls/09,SYNTHETIC_CONTROLLED_V1,controlled,SYNTHETIC,False,POISON,joint_by_asset,ETH,COMPLETED,POISON_NOMINAL_RAW,,,,10,10,ETH,[],raw_by_asset_no_cross_asset_sum,1264377f8f5d06320bff02964d686c2d9bd9c33f1c9fff549c8acec7d475bedf,QUERY_ACCEPTED
controlled-v1/missing_information_and_boundary_controls/09,controlled-v1/missing_information_and_boundary_controls/09,SYNTHETIC_CONTROLLED_V1,controlled,SYNTHETIC,False,NO_CROSS_TARGET_COUPLING,addresses,T|ETH,COMPLETED,product_of_target_specific_copies,0,7,,,10,ETH,[],raw_by_asset_no_cross_asset_sum,1264377f8f5d06320bff02964d686c2d9bd9c33f1c9fff549c8acec7d475bedf,QUERY_ACCEPTED
controlled-v1/missing_information_and_boundary_controls/09,controlled-v1/missing_information_and_boundary_controls/09,SYNTHETIC_CONTROLLED_V1,controlled,SYNTHETIC,False,NO_CROSS_TARGET_COUPLING,events,enter_missing,COMPLETED,product_of_target_specific_copies,0,7,,,10,ETH,[],raw_by_asset_no_cross_asset_sum,1264377f8f5d06320bff02964d686c2d9bd9c33f1c9fff549c8acec7d475bedf,QUERY_ACCEPTED
controlled-v1/missing_information_and_boundary_controls/09,controlled-v1/missing_information_and_boundary_controls/09,SYNTHETIC_CONTROLLED_V1,controlled,SYNTHETIC,False,NO_CROSS_TARGET_COUPLING,joint_by_asset,ETH,COMPLETED,product_of_target_specific_copies,0,7,,,10,ETH,[],raw_by_asset_no_cross_asset_sum,1264377f8f5d06320bff02964d686c2d9bd9c33f1c9fff549c8acec7d475bedf,QUERY_ACCEPTED
controlled-v1/missing_information_and_boundary_controls/09,controlled-v1/missing_information_and_boundary_controls/09,SYNTHETIC_CONTROLLED_V1,controlled,SYNTHETIC,False,NO_PROTOCOL_CONTINUATION,addresses,T|ETH,COMPLETED,feasible_interval,0,7,,,10,ETH,[],raw_by_asset_no_cross_asset_sum,1264377f8f5d06320bff02964d686c2d9bd9c33f1c9fff549c8acec7d475bedf,QUERY_ACCEPTED
controlled-v1/missing_information_and_boundary_controls/09,controlled-v1/missing_information_and_boundary_controls/09,SYNTHETIC_CONTROLLED_V1,controlled,SYNTHETIC,False,NO_PROTOCOL_CONTINUATION,events,enter_missing,COMPLETED,feasible_interval,0,7,,,10,ETH,[],raw_by_asset_no_cross_asset_sum,1264377f8f5d06320bff02964d686c2d9bd9c33f1c9fff549c8acec7d475bedf,QUERY_ACCEPTED
controlled-v1/missing_information_and_boundary_controls/09,controlled-v1/missing_information_and_boundary_controls/09,SYNTHETIC_CONTROLLED_V1,controlled,SYNTHETIC,False,NO_PROTOCOL_CONTINUATION,joint_by_asset,ETH,COMPLETED,feasible_interval,0,7,,,10,ETH,[],raw_by_asset_no_cross_asset_sum,1264377f8f5d06320bff02964d686c2d9bd9c33f1c9fff549c8acec7d475bedf,QUERY_ACCEPTED
controlled-v1/missing_information_and_boundary_controls/09,controlled-v1/missing_information_and_boundary_controls/09,SYNTHETIC_CONTROLLED_V1,controlled,SYNTHETIC,False,BALANCE_INFORMATION_REMOVED,addresses,T|ETH,COMPLETED,feasible_interval,0,7,,,10,ETH,[],raw_by_asset_no_cross_asset_sum,1264377f8f5d06320bff02964d686c2d9bd9c33f1c9fff549c8acec7d475bedf,QUERY_ACCEPTED
controlled-v1/missing_information_and_boundary_controls/09,controlled-v1/missing_information_and_boundary_controls/09,SYNTHETIC_CONTROLLED_V1,controlled,SYNTHETIC,False,BALANCE_INFORMATION_REMOVED,events,enter_missing,COMPLETED,feasible_interval,0,7,,,10,ETH,[],raw_by_asset_no_cross_asset_sum,1264377f8f5d06320bff02964d686c2d9bd9c33f1c9fff549c8acec7d475bedf,QUERY_ACCEPTED
controlled-v1/missing_information_and_boundary_controls/09,controlled-v1/missing_information_and_boundary_controls/09,SYNTHETIC_CONTROLLED_V1,controlled,SYNTHETIC,False,BALANCE_INFORMATION_REMOVED,joint_by_asset,ETH,COMPLETED,feasible_interval,0,7,,,10,ETH,[],raw_by_asset_no_cross_asset_sum,1264377f8f5d06320bff02964d686c2d9bd9c33f1c9fff549c8acec7d475bedf,QUERY_ACCEPTED
controlled-v1/missing_information_and_boundary_controls/09,controlled-v1/missing_information_and_boundary_controls/09,SYNTHETIC_CONTROLLED_V1,controlled,SYNTHETIC,False,FULL_INTERVAL,addresses,T|ETH,COMPLETED,feasible_interval,0,7,,,10,ETH,[],raw_by_asset_no_cross_asset_sum,1264377f8f5d06320bff02964d686c2d9bd9c33f1c9fff549c8acec7d475bedf,QUERY_ACCEPTED
controlled-v1/missing_information_and_boundary_controls/09,controlled-v1/missing_information_and_boundary_controls/09,SYNTHETIC_CONTROLLED_V1,controlled,SYNTHETIC,False,FULL_INTERVAL,events,enter_missing,COMPLETED,feasible_interval,0,7,,,10,ETH,[],raw_by_asset_no_cross_asset_sum,1264377f8f5d06320bff02964d686c2d9bd9c33f1c9fff549c8acec7d475bedf,QUERY_ACCEPTED
controlled-v1/missing_information_and_boundary_controls/09,controlled-v1/missing_information_and_boundary_controls/09,SYNTHETIC_CONTROLLED_V1,controlled,SYNTHETIC,False,FULL_INTERVAL,joint_by_asset,ETH,COMPLETED,feasible_interval,0,7,,,10,ETH,[],raw_by_asset_no_cross_asset_sum,1264377f8f5d06320bff02964d686c2d9bd9c33f1c9fff549c8acec7d475bedf,QUERY_ACCEPTED
controlled-v1/missing_information_and_boundary_controls/09,controlled-v1/missing_information_and_boundary_controls/09,SYNTHETIC_CONTROLLED_V1,controlled,SYNTHETIC,False,BOUNDED_REACHABILITY,addresses,T|ETH,COMPLETED,ADDRESS_EVENT_SET_NO_AMOUNT,,,,,10,ETH,[],raw_by_asset_no_cross_asset_sum,1264377f8f5d06320bff02964d686c2d9bd9c33f1c9fff549c8acec7d475bedf,QUERY_ACCEPTED
controlled-v1/missing_information_and_boundary_controls/09,controlled-v1/missing_information_and_boundary_controls/09,SYNTHETIC_CONTROLLED_V1,controlled,SYNTHETIC,False,BOUNDED_REACHABILITY,events,seed,COMPLETED,ADDRESS_EVENT_SET_NO_AMOUNT,,,,,7,ETH,[],raw_by_asset_no_cross_asset_sum,1264377f8f5d06320bff02964d686c2d9bd9c33f1c9fff549c8acec7d475bedf,QUERY_ACCEPTED
controlled-v1/missing_information_and_boundary_controls/09,controlled-v1/missing_information_and_boundary_controls/09,SYNTHETIC_CONTROLLED_V1,controlled,SYNTHETIC,False,BOUNDED_REACHABILITY,events,to_outside,COMPLETED,ADDRESS_EVENT_SET_NO_AMOUNT,,,,,7,ETH,[],raw_by_asset_no_cross_asset_sum,1264377f8f5d06320bff02964d686c2d9bd9c33f1c9fff549c8acec7d475bedf,QUERY_ACCEPTED
controlled-v1/missing_information_and_boundary_controls/09,controlled-v1/missing_information_and_boundary_controls/09,SYNTHETIC_CONTROLLED_V1,controlled,SYNTHETIC,False,BOUNDED_REACHABILITY,events,unknown_return,COMPLETED,ADDRESS_EVENT_SET_NO_AMOUNT,,,,,7,ETH,[],raw_by_asset_no_cross_asset_sum,1264377f8f5d06320bff02964d686c2d9bd9c33f1c9fff549c8acec7d475bedf,QUERY_ACCEPTED
controlled-v1/missing_information_and_boundary_controls/09,controlled-v1/missing_information_and_boundary_controls/09,SYNTHETIC_CONTROLLED_V1,controlled,SYNTHETIC,False,BOUNDED_REACHABILITY,events,enter_missing,COMPLETED,ADDRESS_EVENT_SET_NO_AMOUNT,,,,,10,ETH,[],raw_by_asset_no_cross_asset_sum,1264377f8f5d06320bff02964d686c2d9bd9c33f1c9fff549c8acec7d475bedf,QUERY_ACCEPTED
controlled-v1/missing_information_and_boundary_controls/09,controlled-v1/missing_information_and_boundary_controls/09,SYNTHETIC_CONTROLLED_V1,controlled,SYNTHETIC,False,BOUNDED_REACHABILITY,joint_by_asset,ETH,COMPLETED,ADDRESS_EVENT_SET_NO_AMOUNT,,,,,10,ETH,[],raw_by_asset_no_cross_asset_sum,1264377f8f5d06320bff02964d686c2d9bd9c33f1c9fff549c8acec7d475bedf,QUERY_ACCEPTED
